order_id,order_date,order_status,customer_id,gender,city,state,product_id,product_name,category,subcategory,quantity,selling_price,discount_percent,revenue,profit,freight_value,seller_id,seller_status_ref,seller_rating,delivery_days
ORD00001,2025-03-25 12:00:00,Returned,CUST0164,Male,Madurai,Tamil Nadu,PROD0066,Haircare Product 66,Beauty,Haircare,1,43922.73,5,43922.73,12011.51,253.2,SELL035,SELL035,4.6,
ORD00002,2025-06-07 23:00:00,Processing,CUST0299,Male,New Delhi,Delhi,PROD0084,Skincare Product 84,Beauty,Skincare,1,40463.35,10,40463.35,10332.54,304.26,SELL038,SELL038,4.3,
ORD00003,2025-12-15 07:00:00,Delivered,CUST0076,Male,Mysuru,Karnataka,PROD0041,Accessories Product 41,Fashion,Accessories,1,31391.62,10,31391.62,10900.77,222.88,SELL027,SELL027,3.7,4
ORD00004,2025-12-28 04:00:00,Delivered,CUST0032,Female,Vijayawada,Andhra Pradesh,PROD0049,Skincare Product 49,Beauty,Skincare,3,29294.94,5,87884.82,30995.37,280.57,SELL021,SELL021,4.2,5
ORD00005,2025-04-09 07:00:00,Delivered,CUST0248,Male,Mumbai,Maharashtra,PROD0099,Men Product 99,Fashion,Men,1,12717.61,0,12717.61,3542.29,468.84,SELL032,SELL032,3.9,4
ORD00005,2025-04-09 07:00:00,Delivered,CUST0248,Male,Mumbai,Maharashtra,PROD0037,Haircare Product 37,Beauty,Haircare,1,44213.93,5,44213.93,13402.77,285.3,SELL018,SELL018,4.1,7
ORD00005,2025-04-09 07:00:00,Delivered,CUST0248,Male,Mumbai,Maharashtra,PROD0091,Audio Product 91,Electronics,Audio,2,16046.77,20,32093.54,2263.72,408.17,SELL026,SELL026,4.3,9
ORD00005,2025-04-09 07:00:00,Delivered,CUST0248,Male,Mumbai,Maharashtra,PROD0027,Women Product 27,Fashion,Women,1,38789.62,20,38789.62,4128.14,67.14,SELL019,SELL019,4.9,4
ORD00006,2025-10-03 08:00:00,Cancelled,CUST0104,Male,Surat,Gujarat,PROD0076,Makeup Product 76,Beauty,Makeup,1,1675.05,10,1675.05,574.3,279.59,SELL016,SELL016,4.2,
ORD00007,2025-12-15 04:00:00,Delivered,CUST0052,Male,Thrissur,Kerala,PROD0061,Makeup Product 61,Beauty,Makeup,2,21421.48,10,42842.96,16190.48,165.01,SELL031,SELL031,3.6,9
ORD00008,2025-10-01 23:00:00,Delivered,CUST0119,Male,Coimbatore,Tamil Nadu,PROD0023,Audio Product 23,Electronics,Audio,4,40147.29,5,160589.16,63000.28,262.83,SELL003,SELL003,4.7,5
ORD00009,2025-01-20 00:00:00,Delivered,CUST0149,Male,Visakhapatnam,Andhra Pradesh,PROD0059,Accessories Product 59,Electronics,Accessories,1,1776.45,15,1776.45,513.23,93.07,SELL035,SELL035,4.6,6
ORD00010,2025-08-23 20:00:00,Delivered,CUST0084,Male,Surat,Gujarat,PROD0073,Women Product 73,Fashion,Women,1,40503.58,15,40503.58,12458.4,451.61,SELL013,SELL013,5.0,8
ORD00010,2025-08-23 20:00:00,Delivered,CUST0084,Male,Surat,Gujarat,PROD0087,Furniture Product 87,Home & Kitchen,Furniture,1,39736.4,0,39736.4,12423.03,344.55,SELL028,SELL028,4.0,10
ORD00011,2025-05-14 12:00:00,Delivered,CUST0004,Male,Nizamabad,Telangana,PROD0093,Fitness Product 93,Sports,Fitness,1,5836.51,10,5836.51,1714.65,355.6,SELL037,SELL037,3.6,4
ORD00012,2025-12-27 09:00:00,Delivered,CUST0258,Other,New Delhi,Delhi,PROD0029,Skincare Product 29,Beauty,Skincare,3,17622.59,5,52867.77,8028.96,243.84,SELL015,SELL015,3.9,9
ORD00013,2025-12-07 06:00:00,Shipped,CUST0276,Female,Tirupati,Andhra Pradesh,PROD0068,Appliances Product 68,Home & Kitchen,Appliances,2,16230.27,0,32460.54,13905.5,295.16,SELL034,SELL034,4.7,
ORD00013,2025-12-07 06:00:00,Shipped,CUST0276,Female,Tirupati,Andhra Pradesh,PROD0058,Education Product 58,Books,Education,2,26927.03,15,53854.06,5125.36,125.01,SELL004,SELL004,3.6,
ORD00014,2025-12-15 06:00:00,Delivered,CUST0060,Female,Mumbai,Maharashtra,PROD0008,Men Product 8,Fashion,Men,1,24083.74,5,24083.74,8959.38,295.04,SELL030,SELL030,4.3,2
ORD00015,2025-05-11 00:00:00,Delivered,CUST0203,Female,Kochi,Kerala,PROD0009,Decor Product 9,Home & Kitchen,Decor,4,42118.82,15,168475.28,31416.0,62.44,SELL035,SELL035,4.6,6
ORD00016,2025-07-11 12:00:00,Delivered,CUST0216,Female,Visakhapatnam,Andhra Pradesh,PROD0085,Audio Product 85,Electronics,Audio,1,28453.78,15,28453.78,3629.5,85.76,SELL035,SELL035,4.6,9
ORD00017,2025-01-12 09:00:00,Delivered,CUST0002,Male,Mangaluru,Karnataka,PROD0030,Haircare Product 30,Beauty,Haircare,1,38529.57,0,38529.57,9243.49,118.59,SELL016,SELL016,4.2,4
ORD00018,2025-12-05 13:00:00,Delivered,CUST0017,Male,Warangal,Telangana,PROD0009,Decor Product 9,Home & Kitchen,Decor,1,47073.97,5,47073.97,12809.15,345.85,SELL007,SELL007,4.3,5
ORD00019,2025-10-04 06:00:00,Delivered,CUST0120,Male,Warangal,Telangana,PROD0030,Haircare Product 30,Beauty,Haircare,1,34676.61,10,34676.61,5390.53,180.71,SELL037,SELL037,3.6,5
ORD00019,2025-10-04 06:00:00,Delivered,CUST0120,Male,Warangal,Telangana,PROD0094,Accessories Product 94,Electronics,Accessories,2,18740.16,20,37480.32,5168.2,274.99,SELL020,SELL020,4.6,6
ORD00019,2025-10-04 06:00:00,Delivered,CUST0120,Male,Warangal,Telangana,PROD0074,Sportswear Product 74,Sports,Sportswear,1,39120.27,0,39120.27,17236.56,475.8,SELL027,SELL027,3.7,6
ORD00019,2025-10-04 06:00:00,Delivered,CUST0120,Male,Warangal,Telangana,PROD0041,Accessories Product 41,Fashion,Accessories,1,33135.6,5,33135.6,12644.75,262.94,SELL012,SELL012,4.8,8
ORD00020,2025-09-26 10:00:00,Delivered,CUST0196,Male,Mumbai,Maharashtra,PROD0069,Education Product 69,Books,Education,1,15498.17,0,15498.17,4452.5,433.04,SELL031,SELL031,3.6,8
ORD00021,2025-10-13 16:00:00,Delivered,CUST0214,Male,Kozhikode,Kerala,PROD0058,Education Product 58,Books,Education,1,28510.97,10,28510.97,4146.62,119.53,SELL024,SELL024,4.4,8
ORD00022,2025-10-28 23:00:00,Delivered,CUST0097,Male,Mumbai,Maharashtra,PROD0039,Audio Product 39,Electronics,Audio,3,11420.8,0,34262.4,12469.98,499.8,SELL013,SELL013,5.0,3
ORD00022,2025-10-28 23:00:00,Delivered,CUST0097,Male,Mumbai,Maharashtra,PROD0002,Skincare Product 2,Beauty,Skincare,3,2772.25,10,8316.75,1159.17,360.77,SELL031,SELL031,3.6,2
ORD00022,2025-10-28 23:00:00,Delivered,CUST0097,Male,Mumbai,Maharashtra,PROD0028,Education Product 28,Books,Education,3,11297.07,5,33891.21,11966.25,394.49,SELL026,SELL026,4.3,7
ORD00023,2025-09-20 15:00:00,Delivered,CUST0185,Female,Nizamabad,Telangana,PROD0041,Accessories Product 41,Fashion,Accessories,1,34879.58,0,34879.58,14388.73,436.12,SELL024,SELL024,4.4,3
ORD00023,2025-09-20 15:00:00,Delivered,CUST0185,Female,Nizamabad,Telangana,PROD0027,Women Product 27,Fashion,Women,1,46062.68,5,46062.68,11401.2,304.49,SELL010,SELL010,4.2,6
ORD00024,2025-10-19 07:00:00,Delivered,CUST0195,Male,Bengaluru,Karnataka,PROD0063,Audio Product 63,Electronics,Audio,1,12458.28,10,12458.28,1857.36,195.52,SELL032,SELL032,3.9,8
ORD00025,2025-09-26 01:00:00,Shipped,CUST0031,Male,New Delhi,Delhi,PROD0001,Audio Product 1,Electronics,Audio,1,22941.01,10,22941.01,6785.18,61.94,SELL027,SELL027,3.7,
ORD00026,2025-12-04 15:00:00,Delivered,CUST0248,Male,Mumbai,Maharashtra,PROD0093,Fitness Product 93,Sports,Fitness,1,6485.01,0,6485.01,2363.15,266.04,SELL018,SELL018,4.1,3
ORD00027,2025-02-19 16:00:00,Delivered,CUST0055,Female,Kozhikode,Kerala,PROD0035,Accessories Product 35,Fashion,Accessories,1,43024.53,5,43024.53,16313.81,295.55,SELL006,SELL006,4.5,10
ORD00027,2025-02-19 16:00:00,Delivered,CUST0055,Female,Kozhikode,Kerala,PROD0051,Men Product 51,Fashion,Men,1,40529.56,15,40529.56,7299.99,67.89,SELL015,SELL015,3.9,2
ORD00028,2025-07-13 17:00:00,Delivered,CUST0195,Male,Bengaluru,Karnataka,PROD0056,Education Product 56,Books,Education,1,5854.06,15,5854.06,1411.03,74.82,SELL022,SELL022,3.5,8
ORD00029,2025-05-19 01:00:00,Processing,CUST0244,Female,Hyderabad,Telangana,PROD0085,Audio Product 85,Electronics,Audio,1,28453.78,15,28453.78,3629.5,37.36,SELL003,SELL003,4.7,
ORD00030,2025-06-03 05:00:00,Delivered,CUST0040,Male,Tirupati,Andhra Pradesh,PROD0070,Skincare Product 70,Beauty,Skincare,1,31109.22,10,31109.22,8817.12,401.53,SELL022,SELL022,3.5,10
ORD00031,2025-02-20 13:00:00,Delivered,CUST0028,Female,Mangaluru,Karnataka,PROD0077,Haircare Product 77,Beauty,Haircare,3,18757.67,0,56273.01,13728.78,328.04,SELL026,SELL026,4.3,8
ORD00032,2025-08-10 05:00:00,Delivered,CUST0193,Female,Pune,Maharashtra,PROD0032,Furniture Product 32,Home & Kitchen,Furniture,1,43681.85,0,43681.85,19041.42,364.49,SELL005,SELL005,3.8,4
ORD00033,2025-07-04 03:00:00,Delivered,CUST0163,Male,Vijayawada,Andhra Pradesh,PROD0014,Technology Product 14,Books,Technology,1,41510.88,5,41510.88,13545.32,290.73,SELL006,SELL006,4.5,10
ORD00033,2025-07-04 03:00:00,Delivered,CUST0163,Male,Vijayawada,Andhra Pradesh,PROD0017,Fiction Product 17,Books,Fiction,1,15651.7,0,15651.7,5451.43,290.48,SELL027,SELL027,3.7,10
ORD00034,2025-01-07 09:00:00,Delivered,CUST0198,Male,New Delhi,Delhi,PROD0032,Furniture Product 32,Home & Kitchen,Furniture,1,39313.67,10,39313.67,14673.24,109.67,SELL037,SELL037,3.6,8
ORD00035,2025-05-22 13:00:00,Delivered,CUST0223,Male,Mangaluru,Karnataka,PROD0093,Fitness Product 93,Sports,Fitness,1,6160.76,5,6160.76,2038.9,93.68,SELL039,SELL039,4.8,10
ORD00035,2025-05-22 13:00:00,Delivered,CUST0223,Male,Mangaluru,Karnataka,PROD0081,Fitness Product 81,Sports,Fitness,3,13273.39,0,39820.17,15120.6,321.49,SELL001,SELL001,4.5,10
ORD00035,2025-05-22 13:00:00,Delivered,CUST0223,Male,Mangaluru,Karnataka,PROD0064,Haircare Product 64,Beauty,Haircare,1,35368.08,5,35368.08,5898.94,417.06,SELL022,SELL022,3.5,9
ORD00036,2025-06-10 05:00:00,Cancelled,CUST0246,Male,Chennai,Tamil Nadu,PROD0063,Audio Product 63,Electronics,Audio,1,13842.53,0,13842.53,3241.61,399.36,SELL016,SELL016,4.2,
ORD00036,2025-06-10 05:00:00,Cancelled,CUST0246,Male,Chennai,Tamil Nadu,PROD0074,Sportswear Product 74,Sports,Sportswear,1,37164.26,5,37164.26,15280.55,308.35,SELL024,SELL024,4.4,
ORD00037,2025-08-13 09:00:00,Shipped,CUST0108,Female,New Delhi,Delhi,PROD0087,Furniture Product 87,Home & Kitchen,Furniture,1,39736.4,0,39736.4,12423.03,339.57,SELL009,SELL009,4.2,
ORD00037,2025-08-13 09:00:00,Shipped,CUST0108,Female,New Delhi,Delhi,PROD0064,Haircare Product 64,Beauty,Haircare,2,37229.56,0,74459.12,15520.84,495.63,SELL028,SELL028,4.0,
ORD00038,2025-01-19 11:00:00,Delivered,CUST0279,Male,Visakhapatnam,Andhra Pradesh,PROD0014,Technology Product 14,Books,Technology,1,39326.09,10,39326.09,11360.53,294.71,SELL023,SELL023,4.2,4
ORD00038,2025-01-19 11:00:00,Delivered,CUST0279,Male,Visakhapatnam,Andhra Pradesh,PROD0099,Men Product 99,Fashion,Men,3,12717.61,0,38152.83,10626.87,404.23,SELL026,SELL026,4.3,6
ORD00038,2025-01-19 11:00:00,Delivered,CUST0279,Male,Visakhapatnam,Andhra Pradesh,PROD0032,Furniture Product 32,Home & Kitchen,Furniture,1,43681.85,0,43681.85,19041.42,270.02,SELL007,SELL007,4.3,6
ORD00039,2025-07-20 14:00:00,Shipped,CUST0192,Female,Tirupati,Andhra Pradesh,PROD0004,Makeup Product 4,Beauty,Makeup,1,26435.88,5,26435.88,5181.69,482.01,SELL031,SELL031,3.6,
ORD00040,2025-06-28 09:00:00,Delivered,CUST0073,Female,Mumbai,Maharashtra,PROD0013,Education Product 13,Books,Education,2,13666.99,5,27333.98,5886.64,61.57,SELL029,SELL029,3.6,6
ORD00041,2025-12-13 05:00:00,Processing,CUST0056,Male,Nizamabad,Telangana,PROD0043,Smartphones Product 43,Electronics,Smartphones,1,12333.11,5,12333.11,2266.18,404.95,SELL036,SELL036,4.3,
ORD00042,2025-11-11 06:00:00,Delivered,CUST0015,Male,Mysuru,Karnataka,PROD0036,Skincare Product 36,Beauty,Skincare,1,42600.65,10,42600.65,13729.23,282.34,SELL005,SELL005,3.8,2
ORD00043,2025-11-24 10:00:00,Delivered,CUST0271,Female,Coimbatore,Tamil Nadu,PROD0059,Accessories Product 59,Electronics,Accessories,1,1880.95,10,1880.95,617.73,406.29,SELL040,SELL040,4.9,5
ORD00044,2025-05-03 09:00:00,Delivered,CUST0061,Male,Pune,Maharashtra,PROD0077,Haircare Product 77,Beauty,Haircare,1,17819.79,5,17819.79,3638.38,258.74,SELL009,SELL009,4.2,7
ORD00045,2025-10-12 05:00:00,Delivered,CUST0089,Male,Vadodara,Gujarat,PROD0007,Accessories Product 7,Electronics,Accessories,3,5129.26,5,15387.78,2546.85,121.71,SELL023,SELL023,4.2,3
ORD00046,2025-08-01 22:00:00,Shipped,CUST0252,Male,Thrissur,Kerala,PROD0098,Appliances Product 98,Home & Kitchen,Appliances,1,47387.29,0,47387.29,14685.21,282.68,SELL015,SELL015,3.9,
ORD00047,2025-09-19 03:00:00,Delivered,CUST0282,Male,Mumbai,Maharashtra,PROD0070,Skincare Product 70,Beauty,Skincare,1,27652.64,20,27652.64,5360.54,78.14,SELL029,SELL029,3.6,10
ORD00047,2025-09-19 03:00:00,Delivered,CUST0282,Male,Mumbai,Maharashtra,PROD0097,Women Product 97,Fashion,Women,1,6646.29,20,6646.29,-19.76,241.37,SELL016,SELL016,4.2,8
ORD00047,2025-09-19 03:00:00,Delivered,CUST0282,Male,Mumbai,Maharashtra,PROD0006,Appliances Product 6,Home & Kitchen,Appliances,2,30349.04,0,60698.08,19097.48,436.69,SELL023,SELL023,4.2,7
ORD00047,2025-09-19 03:00:00,Delivered,CUST0282,Male,Mumbai,Maharashtra,PROD0098,Appliances Product 98,Home & Kitchen,Appliances,2,47387.29,0,94774.58,29370.42,411.03,SELL008,SELL008,3.9,8
ORD00048,2025-11-12 04:00:00,Shipped,CUST0085,Female,New Delhi,Delhi,PROD0069,Education Product 69,Books,Education,1,15498.17,0,15498.17,4452.5,490.13,SELL018,SELL018,4.1,
ORD00049,2025-03-11 13:00:00,Processing,CUST0049,Female,Hyderabad,Telangana,PROD0017,Fiction Product 17,Books,Fiction,1,15651.7,0,15651.7,5451.43,146.35,SELL016,SELL016,4.2,
ORD00050,2025-07-12 14:00:00,Delivered,CUST0213,Female,Coimbatore,Tamil Nadu,PROD0096,Fitness Product 96,Sports,Fitness,2,35369.94,15,70739.88,13325.1,243.71,SELL018,SELL018,4.1,3
ORD00051,2025-11-22 21:00:00,Delivered,CUST0235,Male,Nagpur,Maharashtra,PROD0055,Technology Product 55,Books,Technology,1,31505.78,0,31505.78,7614.78,163.29,SELL014,SELL014,4.3,5
ORD00052,2025-01-24 03:00:00,Delivered,CUST0025,Female,Nizamabad,Telangana,PROD0021,Women Product 21,Fashion,Women,4,45192.14,5,180768.56,58556.12,497.98,SELL001,SELL001,4.5,6
ORD00052,2025-01-24 03:00:00,Delivered,CUST0025,Female,Nizamabad,Telangana,PROD0057,Women Product 57,Fashion,Women,2,41561.59,0,83123.18,22038.92,440.98,SELL009,SELL009,4.2,6
ORD00052,2025-01-24 03:00:00,Delivered,CUST0025,Female,Nizamabad,Telangana,PROD0059,Accessories Product 59,Electronics,Accessories,1,1985.44,5,1985.44,722.22,68.74,SELL018,SELL018,4.1,2
ORD00053,2025-08-08 20:00:00,Delivered,CUST0120,Male,Warangal,Telangana,PROD0076,Makeup Product 76,Beauty,Makeup,1,1768.11,5,1768.11,667.36,33.79,SELL015,SELL015,3.9,10
ORD00054,2025-02-06 07:00:00,Delivered,CUST0245,Female,Chennai,Tamil Nadu,PROD0039,Audio Product 39,Electronics,Audio,1,9707.68,15,9707.68,2443.54,441.01,SELL009,SELL009,4.2,10
ORD00055,2025-11-09 20:00:00,Delivered,CUST0005,Male,Ahmedabad,Gujarat,PROD0053,Accessories Product 53,Electronics,Accessories,2,49056.71,0,98113.42,37431.68,77.22,SELL029,SELL029,3.6,5
ORD00055,2025-11-09 20:00:00,Delivered,CUST0005,Male,Ahmedabad,Gujarat,PROD0079,Education Product 79,Books,Education,1,12034.77,5,12034.77,4679.23,482.73,SELL008,SELL008,3.9,5
ORD00056,2025-10-11 19:00:00,Delivered,CUST0128,Male,Hyderabad,Telangana,PROD0085,Audio Product 85,Electronics,Audio,1,31801.28,5,31801.28,6977.0,381.49,SELL014,SELL014,4.3,3
ORD00056,2025-10-11 19:00:00,Delivered,CUST0128,Male,Hyderabad,Telangana,PROD0039,Audio Product 39,Electronics,Audio,1,10278.72,10,10278.72,3014.58,403.08,SELL019,SELL019,4.9,10
ORD00057,2025-01-07 11:00:00,Cancelled,CUST0271,Female,Coimbatore,Tamil Nadu,PROD0047,Accessories Product 47,Electronics,Accessories,2,26943.99,10,53887.98,20690.74,478.59,SELL035,SELL035,4.6,
ORD00058,2025-01-21 01:00:00,Cancelled,CUST0111,Male,Kozhikode,Kerala,PROD0099,Men Product 99,Fashion,Men,2,12717.61,0,25435.22,7084.58,282.19,SELL028,SELL028,4.0,
ORD00058,2025-01-21 01:00:00,Cancelled,CUST0111,Male,Kozhikode,Kerala,PROD0054,Audio Product 54,Electronics,Audio,1,39478.87,0,39478.87,14090.14,67.14,SELL040,SELL040,4.9,
ORD00059,2025-10-02 10:00:00,Delivered,CUST0080,Female,Hyderabad,Telangana,PROD0009,Decor Product 9,Home & Kitchen,Decor,2,42118.82,15,84237.64,15708.0,57.22,SELL028,SELL028,4.0,5
ORD00059,2025-10-02 10:00:00,Delivered,CUST0080,Female,Hyderabad,Telangana,PROD0040,Audio Product 40,Electronics,Audio,3,39621.19,0,118863.57,49072.59,317.78,SELL006,SELL006,4.5,10
ORD00060,2025-01-07 22:00:00,Delivered,CUST0062,Female,Thrissur,Kerala,PROD0067,Accessories Product 67,Electronics,Accessories,1,4176.62,0,4176.62,1200.1,397.13,SELL017,SELL017,3.6,2
ORD00061,2025-06-21 13:00:00,Delivered,CUST0016,Male,Madurai,Tamil Nadu,PROD0010,Fitness Product 10,Sports,Fitness,1,17436.22,5,17436.22,2792.67,264.82,SELL032,SELL032,3.9,3
ORD00062,2025-12-12 23:00:00,Delivered,CUST0294,Male,New Delhi,Delhi,PROD0002,Skincare Product 2,Beauty,Skincare,1,2926.27,5,2926.27,540.41,100.54,SELL003,SELL003,4.7,8
ORD00062,2025-12-12 23:00:00,Delivered,CUST0294,Male,New Delhi,Delhi,PROD0032,Furniture Product 32,Home & Kitchen,Furniture,1,37129.57,15,37129.57,12489.14,378.11,SELL003,SELL003,4.7,5
ORD00063,2025-02-09 18:00:00,Delivered,CUST0139,Female,Nagpur,Maharashtra,PROD0067,Accessories Product 67,Electronics,Accessories,3,4176.62,0,12529.86,3600.3,248.59,SELL003,SELL003,4.7,6
ORD00064,2025-02-14 17:00:00,Delivered,CUST0168,Male,Bengaluru,Karnataka,PROD0095,Furniture Product 95,Home & Kitchen,Furniture,1,36524.78,5,36524.78,14039.4,261.88,SELL016,SELL016,4.2,9
ORD00064,2025-02-14 17:00:00,Delivered,CUST0168,Male,Bengaluru,Karnataka,PROD0080,Fiction Product 80,Books,Fiction,2,23823.57,5,47647.14,14821.44,404.11,SELL013,SELL013,5.0,8
ORD00065,2025-04-30 17:00:00,Delivered,CUST0013,Male,New Delhi,Delhi,PROD0001,Audio Product 1,Electronics,Audio,2,22941.01,10,45882.02,13570.36,78.86,SELL025,SELL025,3.9,3
ORD00065,2025-04-30 17:00:00,Delivered,CUST0013,Male,New Delhi,Delhi,PROD0098,Appliances Product 98,Home & Kitchen,Appliances,4,45017.93,5,180071.72,49263.4,481.76,SELL034,SELL034,4.7,4
ORD00065,2025-04-30 17:00:00,Delivered,CUST0013,Male,New Delhi,Delhi,PROD0085,Audio Product 85,Electronics,Audio,2,33475.03,0,66950.06,17301.5,463.0,SELL010,SELL010,4.2,5
ORD00066,2025-02-13 18:00:00,Delivered,CUST0235,Male,Nagpur,Maharashtra,PROD0073,Women Product 73,Fashion,Women,1,38121.02,20,38121.02,10075.84,141.28,SELL004,SELL004,3.6,9
ORD00067,2025-08-20 08:00:00,Delivered,CUST0163,Male,Vijayawada,Andhra Pradesh,PROD0014,Technology Product 14,Books,Technology,1,41510.88,5,41510.88,13545.32,221.06,SELL007,SELL007,4.3,9
ORD00067,2025-08-20 08:00:00,Delivered,CUST0163,Male,Vijayawada,Andhra Pradesh,PROD0020,Education Product 20,Books,Education,1,22992.57,10,22992.57,8815.8,242.4,SELL035,SELL035,4.6,5
ORD00068,2025-03-22 21:00:00,Delivered,CUST0047,Male,Ahmedabad,Gujarat,PROD0042,Education Product 42,Books,Education,1,22567.92,0,22567.92,10123.57,197.2,SELL010,SELL010,4.2,10
ORD00069,2025-07-27 14:00:00,Delivered,CUST0016,Male,Madurai,Tamil Nadu,PROD0018,Women Product 18,Fashion,Women,1,28550.05,15,28550.05,2558.8,491.81,SELL008,SELL008,3.9,2
ORD00070,2025-12-18 20:00:00,Cancelled,CUST0191,Other,Vijayawada,Andhra Pradesh,PROD0010,Fitness Product 10,Sports,Fitness,3,17436.22,5,52308.66,8378.01,90.53,SELL013,SELL013,5.0,
ORD00070,2025-12-18 20:00:00,Cancelled,CUST0191,Other,Vijayawada,Andhra Pradesh,PROD0003,Smartphones Product 3,Electronics,Smartphones,1,26219.67,15,26219.67,5030.84,53.8,SELL022,SELL022,3.5,
ORD00070,2025-12-18 20:00:00,Cancelled,CUST0191,Other,Vijayawada,Andhra Pradesh,PROD0009,Decor Product 9,Home & Kitchen,Decor,1,44596.4,10,44596.4,10331.58,263.18,SELL037,SELL037,3.6,
ORD00071,2025-05-24 14:00:00,Processing,CUST0141,Female,New Delhi,Delhi,PROD0038,Makeup Product 38,Beauty,Makeup,1,17911.85,5,17911.85,5575.96,58.66,SELL032,SELL032,3.9,
ORD00072,2025-11-19 17:00:00,Shipped,CUST0128,Male,Hyderabad,Telangana,PROD0070,Skincare Product 70,Beauty,Skincare,1,32837.51,5,32837.51,10545.41,181.15,SELL032,SELL032,3.9,
ORD00073,2025-01-30 15:00:00,Delivered,CUST0144,Male,Kochi,Kerala,PROD0013,Education Product 13,Books,Education,1,12228.36,15,12228.36,1504.69,461.11,SELL016,SELL016,4.2,3
ORD00073,2025-01-30 15:00:00,Delivered,CUST0144,Male,Kochi,Kerala,PROD0032,Furniture Product 32,Home & Kitchen,Furniture,2,37129.57,15,74259.14,24978.28,300.58,SELL004,SELL004,3.6,4
ORD00073,2025-01-30 15:00:00,Delivered,CUST0144,Male,Kochi,Kerala,PROD0085,Audio Product 85,Electronics,Audio,1,28453.78,15,28453.78,3629.5,427.25,SELL025,SELL025,3.9,4
ORD00074,2025-12-27 22:00:00,Delivered,CUST0015,Male,Mysuru,Karnataka,PROD0064,Haircare Product 64,Beauty,Haircare,1,37229.56,0,37229.56,7760.42,139.33,SELL012,SELL012,4.8,2
ORD00074,2025-12-27 22:00:00,Delivered,CUST0015,Male,Mysuru,Karnataka,PROD0070,Skincare Product 70,Beauty,Skincare,1,32837.51,5,32837.51,10545.41,185.91,SELL015,SELL015,3.9,3
ORD00074,2025-12-27 22:00:00,Delivered,CUST0015,Male,Mysuru,Karnataka,PROD0040,Audio Product 40,Electronics,Audio,1,39621.19,0,39621.19,16357.53,366.96,SELL040,SELL040,4.9,8
ORD00075,2025-01-31 00:00:00,Delivered,CUST0166,Female,Vijayawada,Andhra Pradesh,PROD0068,Appliances Product 68,Home & Kitchen,Appliances,3,15418.76,5,46256.28,18423.72,472.7,SELL024,SELL024,4.4,5
ORD00076,2025-08-12 20:00:00,Cancelled,CUST0081,Male,Coimbatore,Tamil Nadu,PROD0089,Skincare Product 89,Beauty,Skincare,2,15473.91,15,30947.82,5297.0,207.84,SELL015,SELL015,3.9,
ORD00076,2025-08-12 20:00:00,Cancelled,CUST0081,Male,Coimbatore,Tamil Nadu,PROD0079,Education Product 79,Books,Education,1,11401.36,10,11401.36,4045.82,475.93,SELL019,SELL019,4.9,
ORD00076,2025-08-12 20:00:00,Cancelled,CUST0081,Male,Coimbatore,Tamil Nadu,PROD0046,Makeup Product 46,Beauty,Makeup,1,31797.18,20,31797.18,5031.08,483.64,SELL037,SELL037,3.6,
ORD00077,2025-02-23 15:00:00,Delivered,CUST0290,Male,Mumbai,Maharashtra,PROD0022,Skincare Product 22,Beauty,Skincare,1,11520.52,0,11520.52,4756.33,147.28,SELL022,SELL022,3.5,3
ORD00077,2025-02-23 15:00:00,Delivered,CUST0290,Male,Mumbai,Maharashtra,PROD0082,Skincare Product 82,Beauty,Skincare,1,44837.24,10,44837.24,13595.36,368.59,SELL005,SELL005,3.8,10
ORD00077,2025-02-23 15:00:00,Delivered,CUST0290,Male,Mumbai,Maharashtra,PROD0012,Audio Product 12,Electronics,Audio,1,3176.2,10,3176.2,1145.14,485.48,SELL004,SELL004,3.6,7
ORD00077,2025-02-23 15:00:00,Delivered,CUST0290,Male,Mumbai,Maharashtra,PROD0091,Audio Product 91,Electronics,Audio,1,19055.54,5,19055.54,4140.63,286.63,SELL027,SELL027,3.7,4
ORD00078,2025-08-20 02:00:00,Shipped,CUST0084,Male,Surat,Gujarat,PROD0014,Technology Product 14,Books,Technology,1,37141.31,15,37141.31,9175.75,105.63,SELL005,SELL005,3.8,
ORD00079,2025-06-23 19:00:00,Returned,CUST0048,Male,Kozhikode,Kerala,PROD0084,Skincare Product 84,Beauty,Skincare,1,42711.32,5,42711.32,12580.51,55.17,SELL011,SELL011,3.8,
ORD00080,2025-12-23 17:00:00,Delivered,CUST0210,Female,Warangal,Telangana,PROD0031,Sportswear Product 31,Sports,Sportswear,1,20024.46,5,20024.46,7509.05,424.73,SELL007,SELL007,4.3,2
ORD00081,2025-04-13 03:00:00,Delivered,CUST0246,Male,Chennai,Tamil Nadu,PROD0015,Sportswear Product 15,Sports,Sportswear,2,6921.76,5,13843.52,4452.5,450.59,SELL020,SELL020,4.6,2
ORD00082,2025-07-09 05:00:00,Delivered,CUST0196,Male,Mumbai,Maharashtra,PROD0035,Accessories Product 35,Fashion,Accessories,1,40760.08,10,40760.08,14049.36,343.71,SELL037,SELL037,3.6,4
ORD00083,2025-10-11 01:00:00,Shipped,CUST0117,Male,Surat,Gujarat,PROD0061,Makeup Product 61,Beauty,Makeup,2,22611.56,5,45223.12,18570.64,67.11,SELL037,SELL037,3.6,
ORD00084,2025-12-13 19:00:00,Delivered,CUST0293,Female,Visakhapatnam,Andhra Pradesh,PROD0022,Skincare Product 22,Beauty,Skincare,1,11520.52,0,11520.52,4756.33,351.07,SELL009,SELL009,4.2,5
ORD00084,2025-12-13 19:00:00,Delivered,CUST0293,Female,Visakhapatnam,Andhra Pradesh,PROD0028,Education Product 28,Books,Education,4,10702.49,10,42809.96,13576.68,422.03,SELL013,SELL013,5.0,3
ORD00084,2025-12-13 19:00:00,Delivered,CUST0293,Female,Visakhapatnam,Andhra Pradesh,PROD0025,Women Product 25,Fashion,Women,1,26966.71,10,26966.71,9239.15,409.45,SELL017,SELL017,3.6,7
ORD00085,2025-08-23 00:00:00,Shipped,CUST0267,Male,Visakhapatnam,Andhra Pradesh,PROD0054,Audio Product 54,Electronics,Audio,1,37504.93,5,37504.93,12116.2,386.44,SELL010,SELL010,4.2,
ORD00086,2025-02-21 09:00:00,Processing,CUST0289,Male,Vadodara,Gujarat,PROD0084,Skincare Product 84,Beauty,Skincare,1,42711.32,5,42711.32,12580.51,110.93,SELL032,SELL032,3.9,
ORD00087,2025-07-22 10:00:00,Delivered,CUST0020,Female,Nagpur,Maharashtra,PROD0048,Sportswear Product 48,Sports,Sportswear,1,11057.78,10,11057.78,3823.96,176.15,SELL002,SELL002,4.5,4
ORD00088,2025-04-27 04:00:00,Delivered,CUST0051,Male,Mysuru,Karnataka,PROD0094,Accessories Product 94,Electronics,Accessories,1,23425.2,0,23425.2,7269.14,237.61,SELL027,SELL027,3.7,5
ORD00089,2025-01-29 16:00:00,Shipped,CUST0192,Female,Tirupati,Andhra Pradesh,PROD0100,Outdoor Product 100,Sports,Outdoor,2,6477.22,0,12954.44,4770.3,120.6,SELL034,SELL034,4.7,
ORD00090,2025-01-17 14:00:00,Delivered,CUST0128,Male,Hyderabad,Telangana,PROD0060,Kitchen Product 60,Home & Kitchen,Kitchen,1,13558.26,15,13558.26,3449.85,350.15,SELL033,SELL033,5.0,3
ORD00091,2025-06-29 11:00:00,Delivered,CUST0283,Male,Hyderabad,Telangana,PROD0037,Haircare Product 37,Beauty,Haircare,1,39559.83,15,39559.83,8748.67,396.52,SELL025,SELL025,3.9,5
ORD00091,2025-06-29 11:00:00,Delivered,CUST0283,Male,Hyderabad,Telangana,PROD0004,Makeup Product 4,Beauty,Makeup,2,25044.52,10,50089.04,7580.66,348.52,SELL014,SELL014,4.3,5
ORD00092,2025-03-09 20:00:00,Delivered,CUST0243,Male,Tirupati,Andhra Pradesh,PROD0040,Audio Product 40,Electronics,Audio,1,37640.13,5,37640.13,14376.47,193.89,SELL018,SELL018,4.1,8
ORD00093,2025-02-22 00:00:00,Delivered,CUST0300,Male,Kozhikode,Kerala,PROD0083,Skincare Product 83,Beauty,Skincare,1,6351.21,0,6351.21,1395.6,80.81,SELL039,SELL039,4.8,5
ORD00094,2025-05-22 08:00:00,Delivered,CUST0167,Male,Vijayawada,Andhra Pradesh,PROD0067,Accessories Product 67,Electronics,Accessories,2,3550.13,15,7100.26,1147.22,407.11,SELL016,SELL016,4.2,3
ORD00095,2025-06-01 08:00:00,Processing,CUST0255,Male,Thrissur,Kerala,PROD0074,Sportswear Product 74,Sports,Sportswear,1,35208.24,10,35208.24,13324.53,352.57,SELL013,SELL013,5.0,
ORD00096,2025-06-03 05:00:00,Shipped,CUST0260,Female,Tirupati,Andhra Pradesh,PROD0017,Fiction Product 17,Books,Fiction,2,14869.11,5,29738.22,9337.68,458.93,SELL017,SELL017,3.6,
ORD00097,2025-04-24 11:00:00,Delivered,CUST0046,Male,Chennai,Tamil Nadu,PROD0048,Sportswear Product 48,Sports,Sportswear,1,10443.46,15,10443.46,3209.64,251.15,SELL038,SELL038,4.3,6
ORD00097,2025-04-24 11:00:00,Delivered,CUST0046,Male,Chennai,Tamil Nadu,PROD0034,Fitness Product 34,Sports,Fitness,1,12988.69,10,12988.69,2077.59,251.94,SELL038,SELL038,4.3,2
ORD00098,2025-07-31 01:00:00,Processing,CUST0153,Female,Tirupati,Andhra Pradesh,PROD0073,Women Product 73,Fashion,Women,1,40503.58,15,40503.58,12458.4,114.77,SELL030,SELL030,4.3,
ORD00099,2025-01-03 14:00:00,Delivered,CUST0030,Male,Nizamabad,Telangana,PROD0063,Audio Product 63,Electronics,Audio,1,13150.4,5,13150.4,2549.48,231.82,SELL006,SELL006,4.5,10
ORD00099,2025-01-03 14:00:00,Delivered,CUST0030,Male,Nizamabad,Telangana,PROD0098,Appliances Product 98,Home & Kitchen,Appliances,3,45017.93,5,135053.79,36947.55,47.73,SELL028,SELL028,4.0,4
ORD00100,2025-04-08 00:00:00,Delivered,CUST0272,Female,Nizamabad,Telangana,PROD0045,Women Product 45,Fashion,Women,1,14470.66,5,14470.66,5896.53,173.87,SELL009,SELL009,4.2,3
ORD00100,2025-04-08 00:00:00,Delivered,CUST0272,Female,Nizamabad,Telangana,PROD0040,Audio Product 40,Electronics,Audio,2,39621.19,0,79242.38,32715.06,166.69,SELL005,SELL005,3.8,4
ORD00101,2025-09-08 11:00:00,Delivered,CUST0176,Male,Tirupati,Andhra Pradesh,PROD0003,Smartphones Product 3,Electronics,Smartphones,2,30846.67,0,61693.34,19315.68,375.02,SELL015,SELL015,3.9,9
ORD00101,2025-09-08 11:00:00,Delivered,CUST0176,Male,Tirupati,Andhra Pradesh,PROD0030,Haircare Product 30,Beauty,Haircare,1,38529.57,0,38529.57,9243.49,364.22,SELL038,SELL038,4.3,2
ORD00102,2025-11-01 01:00:00,Delivered,CUST0025,Female,Nizamabad,Telangana,PROD0054,Audio Product 54,Electronics,Audio,1,39478.87,0,39478.87,14090.14,359.88,SELL025,SELL025,3.9,4
ORD00102,2025-11-01 01:00:00,Delivered,CUST0025,Female,Nizamabad,Telangana,PROD0057,Women Product 57,Fashion,Women,2,37405.43,10,74810.86,13726.6,171.52,SELL014,SELL014,4.3,5
ORD00103,2025-02-23 16:00:00,Delivered,CUST0215,Female,Warangal,Telangana,PROD0026,Furniture Product 26,Home & Kitchen,Furniture,1,36128.85,0,36128.85,15831.77,275.88,SELL039,SELL039,4.8,3
ORD00104,2025-09-12 06:00:00,Delivered,CUST0281,Male,New Delhi,Delhi,PROD0012,Audio Product 12,Electronics,Audio,2,3176.2,10,6352.4,2290.28,100.1,SELL008,SELL008,3.9,10
ORD00105,2025-11-26 07:00:00,Delivered,CUST0132,Female,Warangal,Telangana,PROD0023,Audio Product 23,Electronics,Audio,2,40147.29,5,80294.58,31500.14,348.08,SELL003,SELL003,4.7,8
ORD00106,2025-03-12 21:00:00,Delivered,CUST0005,Male,Ahmedabad,Gujarat,PROD0035,Accessories Product 35,Fashion,Accessories,2,45288.98,0,90577.96,37156.52,218.37,SELL024,SELL024,4.4,9
ORD00106,2025-03-12 21:00:00,Delivered,CUST0005,Male,Ahmedabad,Gujarat,PROD0094,Accessories Product 94,Electronics,Accessories,1,22253.94,5,22253.94,6097.88,429.82,SELL030,SELL030,4.3,4
ORD00106,2025-03-12 21:00:00,Delivered,CUST0005,Male,Ahmedabad,Gujarat,PROD0012,Audio Product 12,Electronics,Audio,1,3176.2,10,3176.2,1145.14,83.14,SELL027,SELL027,3.7,2
ORD00107,2025-08-02 18:00:00,Delivered,CUST0054,Male,Nizamabad,Telangana,PROD0100,Outdoor Product 100,Sports,Outdoor,1,5505.64,15,5505.64,1413.57,443.58,SELL023,SELL023,4.2,3
ORD00108,2025-09-07 03:00:00,Processing,CUST0248,Male,Mumbai,Maharashtra,PROD0002,Skincare Product 2,Beauty,Skincare,2,2926.27,5,5852.54,1080.82,295.56,SELL034,SELL034,4.7,
ORD00109,2025-08-10 21:00:00,Delivered,CUST0049,Female,Hyderabad,Telangana,PROD0020,Education Product 20,Books,Education,2,22992.57,10,45985.14,17631.6,35.47,SELL036,SELL036,4.3,4
ORD00110,2025-02-08 15:00:00,Delivered,CUST0085,Female,New Delhi,Delhi,PROD0071,Audio Product 71,Electronics,Audio,1,30838.86,0,30838.86,10255.96,245.77,SELL025,SELL025,3.9,7
ORD00111,2025-03-02 15:00:00,Delivered,CUST0162,Male,Hyderabad,Telangana,PROD0071,Audio Product 71,Electronics,Audio,2,27754.97,10,55509.94,14344.14,482.69,SELL001,SELL001,4.5,2
ORD00112,2025-04-16 20:00:00,Delivered,CUST0288,Female,Warangal,Telangana,PROD0029,Skincare Product 29,Beauty,Skincare,1,16695.08,10,16695.08,1748.81,311.98,SELL030,SELL030,4.3,5
ORD00113,2025-01-02 10:00:00,Delivered,CUST0114,Male,Mangaluru,Karnataka,PROD0048,Sportswear Product 48,Sports,Sportswear,1,12286.42,0,12286.42,5052.6,96.01,SELL007,SELL007,4.3,3
ORD00114,2025-05-11 19:00:00,Delivered,CUST0055,Female,Kozhikode,Kerala,PROD0025,Women Product 25,Fashion,Women,1,28464.86,5,28464.86,10737.3,465.51,SELL022,SELL022,3.5,9
ORD00115,2025-12-04 18:00:00,Cancelled,CUST0235,Male,Nagpur,Maharashtra,PROD0007,Accessories Product 7,Electronics,Accessories,3,4589.34,15,13768.02,927.09,256.98,SELL036,SELL036,4.3,
ORD00116,2025-12-21 18:00:00,Delivered,CUST0091,Male,Coimbatore,Tamil Nadu,PROD0078,Fitness Product 78,Sports,Fitness,1,25261.1,5,25261.1,7778.58,490.37,SELL021,SELL021,4.2,9
ORD00117,2025-07-23 10:00:00,Returned,CUST0141,Female,New Delhi,Delhi,PROD0090,Makeup Product 90,Beauty,Makeup,1,6035.51,10,6035.51,746.08,434.53,SELL033,SELL033,5.0,
ORD00118,2025-04-13 06:00:00,Delivered,CUST0112,Male,Mumbai,Maharashtra,PROD0091,Audio Product 91,Electronics,Audio,1,18052.61,10,18052.61,3137.7,181.52,SELL012,SELL012,4.8,7
ORD00119,2025-12-12 23:00:00,Processing,CUST0214,Male,Kozhikode,Kerala,PROD0002,Skincare Product 2,Beauty,Skincare,1,2926.27,5,2926.27,540.41,54.94,SELL034,SELL034,4.7,
ORD00120,2025-03-16 01:00:00,Delivered,CUST0129,Male,Bengaluru,Karnataka,PROD0058,Education Product 58,Books,Education,1,28510.97,10,28510.97,4146.62,294.09,SELL007,SELL007,4.3,8
ORD00121,2025-12-21 21:00:00,Delivered,CUST0148,Female,Kozhikode,Kerala,PROD0088,Laptops Product 88,Electronics,Laptops,1,35689.74,10,35689.74,11344.63,125.45,SELL036,SELL036,4.3,2
ORD00121,2025-12-21 21:00:00,Delivered,CUST0148,Female,Kozhikode,Kerala,PROD0041,Accessories Product 41,Fashion,Accessories,2,29647.64,15,59295.28,18313.58,361.18,SELL029,SELL029,3.6,2
ORD00122,2025-11-05 06:00:00,Shipped,CUST0280,Male,Thrissur,Kerala,PROD0088,Laptops Product 88,Electronics,Laptops,1,39655.27,0,39655.27,15310.16,271.51,SELL005,SELL005,3.8,
ORD00123,2025-10-27 08:00:00,Delivered,CUST0083,Male,Mumbai,Maharashtra,PROD0042,Education Product 42,Books,Education,1,19182.73,15,19182.73,6738.38,319.34,SELL039,SELL039,4.8,2
ORD00124,2025-12-29 10:00:00,Delivered,CUST0038,Male,Madurai,Tamil Nadu,PROD0021,Women Product 21,Fashion,Women,1,47570.67,0,47570.67,17017.56,133.96,SELL035,SELL035,4.6,3
ORD00124,2025-12-29 10:00:00,Delivered,CUST0038,Male,Madurai,Tamil Nadu,PROD0054,Audio Product 54,Electronics,Audio,2,39478.87,0,78957.74,28180.28,167.98,SELL014,SELL014,4.3,3
ORD00125,2025-02-28 21:00:00,Delivered,CUST0005,Male,Ahmedabad,Gujarat,PROD0032,Furniture Product 32,Home & Kitchen,Furniture,1,39313.67,10,39313.67,14673.24,83.29,SELL021,SELL021,4.2,9
ORD00125,2025-02-28 21:00:00,Delivered,CUST0005,Male,Ahmedabad,Gujarat,PROD0006,Appliances Product 6,Home & Kitchen,Appliances,1,30349.04,0,30349.04,9548.74,458.33,SELL017,SELL017,3.6,8
ORD00125,2025-02-28 21:00:00,Delivered,CUST0005,Male,Ahmedabad,Gujarat,PROD0088,Laptops Product 88,Electronics,Laptops,1,37672.51,5,37672.51,13327.4,258.8,SELL024,SELL024,4.4,7
ORD00126,2025-03-27 17:00:00,Delivered,CUST0050,Male,Surat,Gujarat,PROD0028,Education Product 28,Books,Education,2,11891.65,0,23783.3,9166.66,419.51,SELL028,SELL028,4.0,5
ORD00127,2025-11-28 02:00:00,Delivered,CUST0223,Male,Mangaluru,Karnataka,PROD0012,Audio Product 12,Electronics,Audio,1,3176.2,10,3176.2,1145.14,292.3,SELL005,SELL005,3.8,4
ORD00128,2025-11-19 12:00:00,Delivered,CUST0231,Male,Visakhapatnam,Andhra Pradesh,PROD0083,Skincare Product 83,Beauty,Skincare,1,5716.09,10,5716.09,760.48,51.39,SELL040,SELL040,4.9,6
ORD00129,2025-11-07 02:00:00,Delivered,CUST0155,Female,Mumbai,Maharashtra,PROD0004,Makeup Product 4,Beauty,Makeup,1,27827.24,0,27827.24,6573.05,213.77,SELL011,SELL011,3.8,6
ORD00129,2025-11-07 02:00:00,Delivered,CUST0155,Female,Mumbai,Maharashtra,PROD0061,Makeup Product 61,Beauty,Makeup,1,21421.48,10,21421.48,8095.24,170.09,SELL035,SELL035,4.6,10
ORD00130,2025-01-06 17:00:00,Processing,CUST0192,Female,Tirupati,Andhra Pradesh,PROD0051,Men Product 51,Fashion,Men,1,47681.83,0,47681.83,14452.26,128.72,SELL035,SELL035,4.6,
ORD00131,2025-07-31 20:00:00,Shipped,CUST0109,Female,Kochi,Kerala,PROD0033,Haircare Product 33,Beauty,Haircare,1,25054.56,10,25054.56,8972.34,296.63,SELL013,SELL013,5.0,
ORD00132,2025-08-25 20:00:00,Delivered,CUST0282,Male,Mumbai,Maharashtra,PROD0093,Fitness Product 93,Sports,Fitness,1,6485.01,0,6485.01,2363.15,90.26,SELL038,SELL038,4.3,5
ORD00133,2025-09-06 14:00:00,Delivered,CUST0163,Male,Vijayawada,Andhra Pradesh,PROD0073,Women Product 73,Fashion,Women,2,38121.02,20,76242.04,20151.68,109.26,SELL024,SELL024,4.4,6
ORD00134,2025-05-22 11:00:00,Delivered,CUST0224,Female,Warangal,Telangana,PROD0046,Makeup Product 46,Beauty,Makeup,1,39746.48,0,39746.48,12980.38,333.41,SELL020,SELL020,4.6,5
ORD00135,2025-05-15 23:00:00,Processing,CUST0101,Female,Mumbai,Maharashtra,PROD0065,Haircare Product 65,Beauty,Haircare,2,46258.11,5,92516.22,25906.98,391.52,SELL002,SELL002,4.5,
ORD00136,2025-12-01 04:00:00,Delivered,CUST0242,Male,Warangal,Telangana,PROD0038,Makeup Product 38,Beauty,Makeup,1,18854.58,0,18854.58,6518.69,201.02,SELL030,SELL030,4.3,10
ORD00136,2025-12-01 04:00:00,Delivered,CUST0242,Male,Warangal,Telangana,PROD0018,Women Product 18,Fashion,Women,2,28550.05,15,57100.1,5117.6,409.07,SELL001,SELL001,4.5,9
ORD00137,2025-04-02 18:00:00,Cancelled,CUST0082,Male,Warangal,Telangana,PROD0062,Fiction Product 62,Books,Fiction,1,13759.82,5,13759.82,2422.06,59.54,SELL003,SELL003,4.7,
ORD00137,2025-04-02 18:00:00,Cancelled,CUST0082,Male,Warangal,Telangana,PROD0046,Makeup Product 46,Beauty,Makeup,1,35771.83,10,35771.83,9005.73,273.41,SELL024,SELL024,4.4,
ORD00138,2025-11-29 10:00:00,Delivered,CUST0021,Other,New Delhi,Delhi,PROD0095,Furniture Product 95,Home & Kitchen,Furniture,1,36524.78,5,36524.78,14039.4,207.03,SELL017,SELL017,3.6,3
ORD00139,2025-05-09 12:00:00,Returned,CUST0265,Female,Ahmedabad,Gujarat,PROD0045,Women Product 45,Fashion,Women,2,15232.27,0,30464.54,13316.28,444.56,SELL031,SELL031,3.6,
ORD00139,2025-05-09 12:00:00,Returned,CUST0265,Female,Ahmedabad,Gujarat,PROD0063,Audio Product 63,Electronics,Audio,1,13842.53,0,13842.53,3241.61,332.43,SELL029,SELL029,3.6,
ORD00140,2025-08-01 10:00:00,Delivered,CUST0118,Female,Surat,Gujarat,PROD0021,Women Product 21,Fashion,Women,1,47570.67,0,47570.67,17017.56,299.54,SELL027,SELL027,3.7,7
ORD00141,2025-01-29 05:00:00,Delivered,CUST0076,Male,Mysuru,Karnataka,PROD0073,Women Product 73,Fashion,Women,2,42886.14,10,85772.28,29681.92,416.01,SELL002,SELL002,4.5,3
ORD00142,2025-03-29 07:00:00,Shipped,CUST0247,Female,Warangal,Telangana,PROD0024,Sportswear Product 24,Sports,Sportswear,1,39791.87,10,39791.87,15024.0,191.06,SELL033,SELL033,5.0,
ORD00142,2025-03-29 07:00:00,Shipped,CUST0247,Female,Warangal,Telangana,PROD0080,Fiction Product 80,Books,Fiction,1,25077.44,0,25077.44,8664.59,207.76,SELL030,SELL030,4.3,
ORD00143,2025-03-18 19:00:00,Delivered,CUST0215,Female,Warangal,Telangana,PROD0069,Education Product 69,Books,Education,2,15498.17,0,30996.34,8905.0,339.91,SELL033,SELL033,5.0,7
ORD00144,2025-08-04 11:00:00,Processing,CUST0268,Female,Warangal,Telangana,PROD0062,Fiction Product 62,Books,Fiction,1,13035.62,10,13035.62,1697.86,387.92,SELL023,SELL023,4.2,
ORD00144,2025-08-04 11:00:00,Processing,CUST0268,Female,Warangal,Telangana,PROD0099,Men Product 99,Fashion,Men,1,12717.61,0,12717.61,3542.29,254.26,SELL037,SELL037,3.6,
ORD00144,2025-08-04 11:00:00,Processing,CUST0268,Female,Warangal,Telangana,PROD0049,Skincare Product 49,Beauty,Skincare,3,30836.78,0,92510.34,35620.89,311.2,SELL015,SELL015,3.9,
ORD00145,2025-09-25 03:00:00,Delivered,CUST0296,Male,Chennai,Tamil Nadu,PROD0053,Accessories Product 53,Electronics,Accessories,1,44151.04,10,44151.04,13810.17,149.21,SELL007,SELL007,4.3,6
ORD00145,2025-09-25 03:00:00,Delivered,CUST0296,Male,Chennai,Tamil Nadu,PROD0047,Accessories Product 47,Electronics,Accessories,1,28440.88,5,28440.88,11842.26,159.51,SELL035,SELL035,4.6,9
ORD00146,2025-10-10 17:00:00,Delivered,CUST0212,Male,Bengaluru,Karnataka,PROD0040,Audio Product 40,Electronics,Audio,1,35659.07,10,35659.07,12395.41,375.82,SELL037,SELL037,3.6,6
ORD00147,2025-02-21 06:00:00,Delivered,CUST0083,Male,Mumbai,Maharashtra,PROD0088,Laptops Product 88,Electronics,Laptops,1,31724.22,20,31724.22,7379.11,32.49,SELL004,SELL004,3.6,8
ORD00148,2025-02-02 08:00:00,Delivered,CUST0046,Male,Chennai,Tamil Nadu,PROD0052,Sportswear Product 52,Sports,Sportswear,2,1261.63,0,2523.26,540.48,482.86,SELL040,SELL040,4.9,3
ORD00149,2025-11-24 15:00:00,Delivered,CUST0090,Male,Ahmedabad,Gujarat,PROD0037,Haircare Product 37,Beauty,Haircare,2,44213.93,5,88427.86,26805.54,358.27,SELL003,SELL003,4.7,3
ORD00149,2025-11-24 15:00:00,Delivered,CUST0090,Male,Ahmedabad,Gujarat,PROD0025,Women Product 25,Fashion,Women,1,29963.01,0,29963.01,12235.45,142.45,SELL040,SELL040,4.9,9
ORD00150,2025-12-09 12:00:00,Delivered,CUST0181,Male,Thrissur,Kerala,PROD0012,Audio Product 12,Electronics,Audio,2,3352.65,5,6705.3,2643.18,303.98,SELL019,SELL019,4.9,2
ORD00150,2025-12-09 12:00:00,Delivered,CUST0181,Male,Thrissur,Kerala,PROD0071,Audio Product 71,Electronics,Audio,3,30838.86,0,92516.58,30767.88,314.99,SELL023,SELL023,4.2,10
ORD00151,2025-01-03 08:00:00,Delivered,CUST0295,Male,Coimbatore,Tamil Nadu,PROD0044,Sportswear Product 44,Sports,Sportswear,2,24433.42,20,48866.84,8290.32,441.77,SELL008,SELL008,3.9,9
ORD00152,2025-09-05 07:00:00,Delivered,CUST0289,Male,Vadodara,Gujarat,PROD0076,Makeup Product 76,Beauty,Makeup,1,1861.17,0,1861.17,760.42,209.86,SELL002,SELL002,4.5,2
ORD00153,2025-06-30 16:00:00,Delivered,CUST0212,Male,Bengaluru,Karnataka,PROD0052,Sportswear Product 52,Sports,Sportswear,1,1072.39,15,1072.39,81.0,253.98,SELL022,SELL022,3.5,4
ORD00154,2025-04-04 23:00:00,Delivered,CUST0138,Male,Kozhikode,Kerala,PROD0095,Furniture Product 95,Home & Kitchen,Furniture,2,38447.14,0,76894.28,31923.52,125.3,SELL016,SELL016,4.2,9
ORD00155,2025-02-10 21:00:00,Cancelled,CUST0062,Female,Thrissur,Kerala,PROD0006,Appliances Product 6,Home & Kitchen,Appliances,1,28831.59,5,28831.59,8031.29,493.12,SELL024,SELL024,4.4,
ORD00155,2025-02-10 21:00:00,Cancelled,CUST0062,Female,Thrissur,Kerala,PROD0062,Fiction Product 62,Books,Fiction,2,13759.82,5,27519.64,4844.12,492.67,SELL037,SELL037,3.6,
ORD00156,2025-01-28 16:00:00,Shipped,CUST0066,Other,Nagpur,Maharashtra,PROD0051,Men Product 51,Fashion,Men,1,47681.83,0,47681.83,14452.26,273.56,SELL012,SELL012,4.8,
ORD00157,2025-02-21 10:00:00,Delivered,CUST0298,Female,Kozhikode,Kerala,PROD0035,Accessories Product 35,Fashion,Accessories,3,45288.98,0,135866.94,55734.78,116.44,SELL031,SELL031,3.6,4
ORD00158,2025-05-24 14:00:00,Delivered,CUST0206,Female,Surat,Gujarat,PROD0013,Education Product 13,Books,Education,2,13666.99,5,27333.98,5886.64,432.47,SELL018,SELL018,4.1,10
ORD00159,2025-08-31 00:00:00,Delivered,CUST0077,Male,Warangal,Telangana,PROD0067,Accessories Product 67,Electronics,Accessories,2,4176.62,0,8353.24,2400.2,294.21,SELL021,SELL021,4.2,4
ORD00159,2025-08-31 00:00:00,Delivered,CUST0077,Male,Warangal,Telangana,PROD0069,Education Product 69,Books,Education,1,15498.17,0,15498.17,4452.5,106.77,SELL037,SELL037,3.6,2
ORD00160,2025-06-21 08:00:00,Delivered,CUST0231,Male,Visakhapatnam,Andhra Pradesh,PROD0003,Smartphones Product 3,Electronics,Smartphones,1,26219.67,15,26219.67,5030.84,482.66,SELL027,SELL027,3.7,6
ORD00161,2025-07-01 10:00:00,Delivered,CUST0146,Female,Nizamabad,Telangana,PROD0049,Skincare Product 49,Beauty,Skincare,1,24669.42,20,24669.42,5706.27,438.08,SELL019,SELL019,4.9,2
ORD00161,2025-07-01 10:00:00,Delivered,CUST0146,Female,Nizamabad,Telangana,PROD0079,Education Product 79,Books,Education,1,11401.36,10,11401.36,4045.82,220.24,SELL022,SELL022,3.5,2
ORD00162,2025-12-01 09:00:00,Delivered,CUST0163,Male,Vijayawada,Andhra Pradesh,PROD0100,Outdoor Product 100,Sports,Outdoor,1,6153.36,5,6153.36,2061.29,108.64,SELL038,SELL038,4.3,5
ORD00162,2025-12-01 09:00:00,Delivered,CUST0163,Male,Vijayawada,Andhra Pradesh,PROD0047,Accessories Product 47,Electronics,Accessories,1,29937.77,0,29937.77,13339.15,148.27,SELL002,SELL002,4.5,10
ORD00163,2025-03-27 12:00:00,Delivered,CUST0108,Female,New Delhi,Delhi,PROD0004,Makeup Product 4,Beauty,Makeup,1,22261.79,20,22261.79,1007.6,78.85,SELL026,SELL026,4.3,2
ORD00164,2025-04-28 07:00:00,Delivered,CUST0159,Male,Nizamabad,Telangana,PROD0022,Skincare Product 22,Beauty,Skincare,1,10944.49,5,10944.49,4180.3,460.18,SELL002,SELL002,4.5,10
ORD00165,2025-08-16 04:00:00,Cancelled,CUST0281,Male,New Delhi,Delhi,PROD0081,Fitness Product 81,Sports,Fitness,1,11946.05,10,11946.05,3712.86,280.88,SELL037,SELL037,3.6,
ORD00166,2025-06-07 11:00:00,Delivered,CUST0227,Male,Mumbai,Maharashtra,PROD0098,Appliances Product 98,Home & Kitchen,Appliances,1,45017.93,5,45017.93,12315.85,33.91,SELL009,SELL009,4.2,5
ORD00167,2025-06-03 00:00:00,Shipped,CUST0245,Female,Chennai,Tamil Nadu,PROD0071,Audio Product 71,Electronics,Audio,1,29296.92,5,29296.92,8714.02,215.53,SELL013,SELL013,5.0,
ORD00167,2025-06-03 00:00:00,Shipped,CUST0245,Female,Chennai,Tamil Nadu,PROD0048,Sportswear Product 48,Sports,Sportswear,2,11057.78,10,22115.56,7647.92,419.36,SELL011,SELL011,3.8,
ORD00168,2025-05-26 20:00:00,Delivered,CUST0140,Female,Thrissur,Kerala,PROD0024,Sportswear Product 24,Sports,Sportswear,1,42002.53,5,42002.53,17234.66,242.8,SELL019,SELL019,4.9,6
ORD00168,2025-05-26 20:00:00,Delivered,CUST0140,Female,Thrissur,Kerala,PROD0018,Women Product 18,Fashion,Women,1,33588.29,0,33588.29,7597.04,101.51,SELL040,SELL040,4.9,3
ORD00169,2025-03-06 22:00:00,Delivered,CUST0138,Male,Kozhikode,Kerala,PROD0028,Education Product 28,Books,Education,1,10702.49,10,10702.49,3394.17,264.25,SELL022,SELL022,3.5,4
ORD00170,2025-01-29 08:00:00,Shipped,CUST0075,Male,Mangaluru,Karnataka,PROD0033,Haircare Product 33,Beauty,Haircare,2,27838.4,0,55676.8,23512.36,391.03,SELL025,SELL025,3.9,
ORD00171,2025-05-07 23:00:00,Returned,CUST0227,Male,Mumbai,Maharashtra,PROD0086,Sportswear Product 86,Sports,Sportswear,1,13225.97,10,13225.97,3953.27,176.69,SELL014,SELL014,4.3,
ORD00172,2025-03-04 08:00:00,Delivered,CUST0267,Male,Visakhapatnam,Andhra Pradesh,PROD0086,Sportswear Product 86,Sports,Sportswear,3,14695.52,0,44086.56,16268.46,234.06,SELL014,SELL014,4.3,5
ORD00173,2025-03-03 12:00:00,Shipped,CUST0300,Male,Kozhikode,Kerala,PROD0061,Makeup Product 61,Beauty,Makeup,1,21421.48,10,21421.48,8095.24,146.9,SELL039,SELL039,4.8,
ORD00173,2025-03-03 12:00:00,Shipped,CUST0300,Male,Kozhikode,Kerala,PROD0089,Skincare Product 89,Beauty,Skincare,1,16384.14,10,16384.14,3558.73,467.5,SELL032,SELL032,3.9,
ORD00174,2025-02-24 04:00:00,Delivered,CUST0275,Male,Ahmedabad,Gujarat,PROD0045,Women Product 45,Fashion,Women,2,15232.27,0,30464.54,13316.28,207.55,SELL029,SELL029,3.6,4
ORD00175,2025-05-31 17:00:00,Delivered,CUST0287,Female,Visakhapatnam,Andhra Pradesh,PROD0094,Accessories Product 94,Electronics,Accessories,1,19911.42,15,19911.42,3755.36,459.8,SELL030,SELL030,4.3,3
ORD00176,2025-10-05 11:00:00,Delivered,CUST0135,Female,Warangal,Telangana,PROD0003,Smartphones Product 3,Electronics,Smartphones,2,30846.67,0,61693.34,19315.68,368.87,SELL024,SELL024,4.4,8
ORD00176,2025-10-05 11:00:00,Delivered,CUST0135,Female,Warangal,Telangana,PROD0080,Fiction Product 80,Books,Fiction,2,25077.44,0,50154.88,17329.18,351.12,SELL035,SELL035,4.6,2
ORD00177,2025-02-26 03:00:00,Delivered,CUST0165,Female,Surat,Gujarat,PROD0005,Accessories Product 5,Electronics,Accessories,1,45475.24,0,45475.24,13444.88,44.95,SELL013,SELL013,5.0,2
ORD00178,2025-01-26 11:00:00,Delivered,CUST0132,Female,Warangal,Telangana,PROD0084,Skincare Product 84,Beauty,Skincare,2,44959.28,0,89918.56,29656.94,292.27,SELL030,SELL030,4.3,7
ORD00178,2025-01-26 11:00:00,Delivered,CUST0132,Female,Warangal,Telangana,PROD0063,Audio Product 63,Electronics,Audio,2,12458.28,10,24916.56,3714.72,57.4,SELL027,SELL027,3.7,5
ORD00178,2025-01-26 11:00:00,Delivered,CUST0132,Female,Warangal,Telangana,PROD0011,Haircare Product 11,Beauty,Haircare,1,38779.62,0,38779.62,10342.43,63.08,SELL040,SELL040,4.9,4
ORD00179,2025-02-19 03:00:00,Delivered,CUST0266,Female,Nizamabad,Telangana,PROD0032,Furniture Product 32,Home & Kitchen,Furniture,1,43681.85,0,43681.85,19041.42,382.12,SELL037,SELL037,3.6,6
ORD00180,2025-12-26 21:00:00,Delivered,CUST0235,Male,Nagpur,Maharashtra,PROD0065,Haircare Product 65,Beauty,Haircare,2,46258.11,5,92516.22,25906.98,311.96,SELL022,SELL022,3.5,3
ORD00181,2025-06-16 11:00:00,Delivered,CUST0282,Male,Mumbai,Maharashtra,PROD0031,Sportswear Product 31,Sports,Sportswear,1,20024.46,5,20024.46,7509.05,288.61,SELL037,SELL037,3.6,10
ORD00182,2025-01-18 09:00:00,Delivered,CUST0001,Female,Vijayawada,Andhra Pradesh,PROD0039,Audio Product 39,Electronics,Audio,1,11420.8,0,11420.8,4156.66,392.62,SELL015,SELL015,3.9,5
ORD00183,2025-09-19 17:00:00,Delivered,CUST0284,Male,Pune,Maharashtra,PROD0020,Education Product 20,Books,Education,1,21715.2,15,21715.2,7538.43,147.43,SELL009,SELL009,4.2,4
ORD00184,2025-02-09 23:00:00,Delivered,CUST0112,Male,Mumbai,Maharashtra,PROD0090,Makeup Product 90,Beauty,Makeup,1,6706.12,0,6706.12,1416.69,373.47,SELL007,SELL007,4.3,7
ORD00184,2025-02-09 23:00:00,Delivered,CUST0112,Male,Mumbai,Maharashtra,PROD0074,Sportswear Product 74,Sports,Sportswear,1,35208.24,10,35208.24,13324.53,463.28,SELL037,SELL037,3.6,4
ORD00185,2025-08-02 03:00:00,Processing,CUST0223,Male,Mangaluru,Karnataka,PROD0002,Skincare Product 2,Beauty,Skincare,1,2926.27,5,2926.27,540.41,180.08,SELL025,SELL025,3.9,
ORD00186,2025-12-11 23:00:00,Returned,CUST0026,Male,New Delhi,Delhi,PROD0012,Audio Product 12,Electronics,Audio,1,3176.2,10,3176.2,1145.14,99.57,SELL015,SELL015,3.9,
ORD00187,2025-05-15 02:00:00,Delivered,CUST0205,Male,Vadodara,Gujarat,PROD0062,Fiction Product 62,Books,Fiction,1,13035.62,10,13035.62,1697.86,122.17,SELL013,SELL013,5.0,9
ORD00187,2025-05-15 02:00:00,Delivered,CUST0205,Male,Vadodara,Gujarat,PROD0072,Fiction Product 72,Books,Fiction,4,3784.14,5,15136.56,3630.76,143.89,SELL040,SELL040,4.9,8
ORD00188,2025-02-27 21:00:00,Delivered,CUST0046,Male,Chennai,Tamil Nadu,PROD0084,Skincare Product 84,Beauty,Skincare,2,44959.28,0,89918.56,29656.94,194.37,SELL002,SELL002,4.5,4
ORD00189,2025-08-14 01:00:00,Processing,CUST0075,Male,Mangaluru,Karnataka,PROD0094,Accessories Product 94,Electronics,Accessories,1,23425.2,0,23425.2,7269.14,476.0,SELL006,SELL006,4.5,
ORD00190,2025-01-08 10:00:00,Delivered,CUST0148,Female,Kozhikode,Kerala,PROD0027,Women Product 27,Fashion,Women,1,46062.68,5,46062.68,11401.2,382.67,SELL035,SELL035,4.6,7
ORD00191,2025-10-26 21:00:00,Delivered,CUST0193,Female,Pune,Maharashtra,PROD0090,Makeup Product 90,Beauty,Makeup,1,6370.81,5,6370.81,1081.38,474.23,SELL040,SELL040,4.9,4
ORD00192,2025-01-10 09:00:00,Processing,CUST0056,Male,Nizamabad,Telangana,PROD0091,Audio Product 91,Electronics,Audio,3,19055.54,5,57166.62,12421.89,310.64,SELL007,SELL007,4.3,
ORD00193,2025-01-21 07:00:00,Processing,CUST0012,Male,Surat,Gujarat,PROD0003,Smartphones Product 3,Electronics,Smartphones,1,30846.67,0,30846.67,9657.84,498.12,SELL023,SELL023,4.2,
ORD00193,2025-01-21 07:00:00,Processing,CUST0012,Male,Surat,Gujarat,PROD0045,Women Product 45,Fashion,Women,1,15232.27,0,15232.27,6658.14,151.11,SELL033,SELL033,5.0,
ORD00194,2025-10-12 08:00:00,Delivered,CUST0016,Male,Madurai,Tamil Nadu,PROD0094,Accessories Product 94,Electronics,Accessories,1,21082.68,10,21082.68,4926.62,440.17,SELL025,SELL025,3.9,2
ORD00195,2025-11-06 10:00:00,Delivered,CUST0160,Female,New Delhi,Delhi,PROD0088,Laptops Product 88,Electronics,Laptops,2,39655.27,0,79310.54,30620.32,361.41,SELL013,SELL013,5.0,4
ORD00196,2025-03-22 10:00:00,Delivered,CUST0290,Male,Mumbai,Maharashtra,PROD0019,Technology Product 19,Books,Technology,2,38797.65,15,77595.3,25083.16,224.6,SELL002,SELL002,4.5,3
ORD00197,2025-04-07 03:00:00,Delivered,CUST0078,Female,Visakhapatnam,Andhra Pradesh,PROD0078,Fitness Product 78,Sports,Fitness,1,25261.1,5,25261.1,7778.58,138.53,SELL037,SELL037,3.6,5
ORD00198,2025-11-06 15:00:00,Delivered,CUST0258,Other,New Delhi,Delhi,PROD0018,Women Product 18,Fashion,Women,1,33588.29,0,33588.29,7597.04,389.33,SELL011,SELL011,3.8,3
ORD00199,2025-02-03 05:00:00,Processing,CUST0105,Female,Hyderabad,Telangana,PROD0042,Education Product 42,Books,Education,2,21439.52,5,42879.04,17990.34,394.82,SELL030,SELL030,4.3,
ORD00200,2025-07-21 19:00:00,Cancelled,CUST0161,Male,Vijayawada,Andhra Pradesh,PROD0091,Audio Product 91,Electronics,Audio,1,19055.54,5,19055.54,4140.63,418.69,SELL003,SELL003,4.7,
ORD00201,2025-10-03 12:00:00,Returned,CUST0266,Female,Nizamabad,Telangana,PROD0007,Accessories Product 7,Electronics,Accessories,1,4589.34,15,4589.34,309.03,393.63,SELL019,SELL019,4.9,
ORD00201,2025-10-03 12:00:00,Returned,CUST0266,Female,Nizamabad,Telangana,PROD0025,Women Product 25,Fashion,Women,1,28464.86,5,28464.86,10737.3,318.17,SELL019,SELL019,4.9,
ORD00202,2025-09-14 03:00:00,Delivered,CUST0047,Male,Ahmedabad,Gujarat,PROD0051,Men Product 51,Fashion,Men,1,47681.83,0,47681.83,14452.26,243.23,SELL027,SELL027,3.7,3
ORD00203,2025-02-16 08:00:00,Delivered,CUST0233,Male,Coimbatore,Tamil Nadu,PROD0094,Accessories Product 94,Electronics,Accessories,1,21082.68,10,21082.68,4926.62,328.01,SELL008,SELL008,3.9,8
ORD00204,2025-07-13 17:00:00,Delivered,CUST0082,Male,Warangal,Telangana,PROD0085,Audio Product 85,Electronics,Audio,1,33475.03,0,33475.03,8650.75,391.5,SELL010,SELL010,4.2,9
ORD00205,2025-11-17 05:00:00,Delivered,CUST0148,Female,Kozhikode,Kerala,PROD0033,Haircare Product 33,Beauty,Haircare,1,23662.64,15,23662.64,7580.42,285.45,SELL001,SELL001,4.5,7
ORD00206,2025-04-22 18:00:00,Delivered,CUST0122,Female,Vadodara,Gujarat,PROD0001,Audio Product 1,Electronics,Audio,2,25490.01,0,50980.02,18668.36,325.46,SELL016,SELL016,4.2,6
ORD00207,2025-01-19 04:00:00,Shipped,CUST0179,Male,Mysuru,Karnataka,PROD0012,Audio Product 12,Electronics,Audio,1,2823.29,20,2823.29,792.23,105.83,SELL004,SELL004,3.6,
ORD00208,2025-04-01 14:00:00,Delivered,CUST0288,Female,Warangal,Telangana,PROD0042,Education Product 42,Books,Education,2,20311.13,10,40622.26,15733.56,426.36,SELL025,SELL025,3.9,4
ORD00208,2025-04-01 14:00:00,Delivered,CUST0288,Female,Warangal,Telangana,PROD0048,Sportswear Product 48,Sports,Sportswear,1,12286.42,0,12286.42,5052.6,356.47,SELL005,SELL005,3.8,10
ORD00209,2025-02-25 18:00:00,Delivered,CUST0030,Male,Nizamabad,Telangana,PROD0089,Skincare Product 89,Beauty,Skincare,3,14563.68,20,43691.04,5214.81,164.98,SELL039,SELL039,4.8,5
ORD00210,2025-11-11 18:00:00,Delivered,CUST0067,Female,Nizamabad,Telangana,PROD0079,Education Product 79,Books,Education,3,12668.18,0,38004.54,15937.92,41.27,SELL019,SELL019,4.9,4
ORD00210,2025-11-11 18:00:00,Delivered,CUST0067,Female,Nizamabad,Telangana,PROD0030,Haircare Product 30,Beauty,Haircare,2,38529.57,0,77059.14,18486.98,319.19,SELL008,SELL008,3.9,8
ORD00211,2025-11-24 06:00:00,Delivered,CUST0006,Male,Mangaluru,Karnataka,PROD0071,Audio Product 71,Electronics,Audio,2,30838.86,0,61677.72,20511.92,186.64,SELL021,SELL021,4.2,9
ORD00212,2025-06-19 10:00:00,Processing,CUST0100,Female,New Delhi,Delhi,PROD0018,Women Product 18,Fashion,Women,1,31908.88,5,31908.88,5917.63,436.66,SELL031,SELL031,3.6,
ORD00213,2025-06-03 18:00:00,Delivered,CUST0267,Male,Visakhapatnam,Andhra Pradesh,PROD0088,Laptops Product 88,Electronics,Laptops,2,33706.98,15,67413.96,18723.74,196.19,SELL022,SELL022,3.5,2
ORD00214,2025-03-26 18:00:00,Delivered,CUST0274,Male,New Delhi,Delhi,PROD0040,Audio Product 40,Electronics,Audio,2,39621.19,0,79242.38,32715.06,70.79,SELL021,SELL021,4.2,3
ORD00214,2025-03-26 18:00:00,Delivered,CUST0274,Male,New Delhi,Delhi,PROD0091,Audio Product 91,Electronics,Audio,1,17049.69,15,17049.69,2134.78,172.24,SELL016,SELL016,4.2,3
ORD00215,2025-02-17 14:00:00,Delivered,CUST0104,Male,Surat,Gujarat,PROD0044,Sportswear Product 44,Sports,Sportswear,2,29014.69,5,58029.38,17452.86,394.5,SELL031,SELL031,3.6,8
ORD00216,2025-12-13 04:00:00,Delivered,CUST0265,Female,Ahmedabad,Gujarat,PROD0015,Sportswear Product 15,Sports,Sportswear,3,6557.45,10,19672.35,5585.82,309.32,SELL020,SELL020,4.6,9
ORD00216,2025-12-13 04:00:00,Delivered,CUST0265,Female,Ahmedabad,Gujarat,PROD0001,Audio Product 1,Electronics,Audio,1,21666.51,15,21666.51,5510.68,78.46,SELL006,SELL006,4.5,10
ORD00217,2025-10-23 09:00:00,Delivered,CUST0012,Male,Surat,Gujarat,PROD0069,Education Product 69,Books,Education,2,13948.35,10,27896.7,5805.36,158.15,SELL021,SELL021,4.2,3
ORD00218,2025-02-22 06:00:00,Delivered,CUST0264,Male,Kochi,Kerala,PROD0037,Haircare Product 37,Beauty,Haircare,1,41886.88,10,41886.88,11075.72,189.21,SELL011,SELL011,3.8,3
ORD00218,2025-02-22 06:00:00,Delivered,CUST0264,Male,Kochi,Kerala,PROD0074,Sportswear Product 74,Sports,Sportswear,1,39120.27,0,39120.27,17236.56,454.55,SELL029,SELL029,3.6,8
ORD00218,2025-02-22 06:00:00,Delivered,CUST0264,Male,Kochi,Kerala,PROD0032,Furniture Product 32,Home & Kitchen,Furniture,1,43681.85,0,43681.85,19041.42,230.44,SELL004,SELL004,3.6,9
ORD00219,2025-06-09 10:00:00,Shipped,CUST0183,Male,Vadodara,Gujarat,PROD0097,Women Product 97,Fashion,Women,1,8307.86,0,8307.86,1641.81,407.1,SELL030,SELL030,4.3,
ORD00220,2025-04-29 07:00:00,Delivered,CUST0241,Male,Tirupati,Andhra Pradesh,PROD0024,Sportswear Product 24,Sports,Sportswear,2,37581.21,15,75162.42,25626.68,243.04,SELL022,SELL022,3.5,10
ORD00221,2025-05-25 11:00:00,Delivered,CUST0088,Female,New Delhi,Delhi,PROD0014,Technology Product 14,Books,Technology,1,39326.09,10,39326.09,11360.53,280.39,SELL036,SELL036,4.3,8
ORD00221,2025-05-25 11:00:00,Delivered,CUST0088,Female,New Delhi,Delhi,PROD0042,Education Product 42,Books,Education,1,22567.92,0,22567.92,10123.57,144.53,SELL026,SELL026,4.3,4
ORD00222,2025-08-11 18:00:00,Shipped,CUST0221,Female,Thrissur,Kerala,PROD0010,Fitness Product 10,Sports,Fitness,2,18353.92,0,36707.84,7420.74,310.16,SELL037,SELL037,3.6,
ORD00223,2025-02-05 19:00:00,Delivered,CUST0208,Female,Mumbai,Maharashtra,PROD0064,Haircare Product 64,Beauty,Haircare,1,31645.13,15,31645.13,2175.99,447.01,SELL004,SELL004,3.6,2
ORD00224,2025-08-20 17:00:00,Delivered,CUST0077,Male,Warangal,Telangana,PROD0041,Accessories Product 41,Fashion,Accessories,1,29647.64,15,29647.64,9156.79,173.14,SELL020,SELL020,4.6,4
ORD00225,2025-10-26 00:00:00,Delivered,CUST0046,Male,Chennai,Tamil Nadu,PROD0008,Men Product 8,Fashion,Men,3,25351.31,0,76053.93,30680.85,293.21,SELL036,SELL036,4.3,7
ORD00225,2025-10-26 00:00:00,Delivered,CUST0046,Male,Chennai,Tamil Nadu,PROD0048,Sportswear Product 48,Sports,Sportswear,1,12286.42,0,12286.42,5052.6,44.66,SELL023,SELL023,4.2,3
ORD00226,2025-07-15 13:00:00,Delivered,CUST0208,Female,Mumbai,Maharashtra,PROD0050,Skincare Product 50,Beauty,Skincare,2,33302.47,0,66604.94,28432.6,498.8,SELL024,SELL024,4.4,7
ORD00227,2025-09-07 21:00:00,Delivered,CUST0074,Male,Vadodara,Gujarat,PROD0054,Audio Product 54,Electronics,Audio,2,35530.98,10,71061.96,20284.5,467.25,SELL030,SELL030,4.3,5
ORD00228,2025-07-01 07:00:00,Delivered,CUST0197,Male,Kochi,Kerala,PROD0031,Sportswear Product 31,Sports,Sportswear,1,17916.62,15,17916.62,5401.21,300.89,SELL033,SELL033,5.0,10
ORD00228,2025-07-01 07:00:00,Delivered,CUST0197,Male,Kochi,Kerala,PROD0092,Makeup Product 92,Beauty,Makeup,3,19652.71,5,58958.13,17963.79,361.29,SELL003,SELL003,4.7,8
ORD00229,2025-05-24 14:00:00,Delivered,CUST0270,Male,New Delhi,Delhi,PROD0081,Fitness Product 81,Sports,Fitness,2,12609.72,5,25219.44,8753.06,302.43,SELL005,SELL005,3.8,6
ORD00230,2025-01-06 15:00:00,Delivered,CUST0274,Male,New Delhi,Delhi,PROD0046,Makeup Product 46,Beauty,Makeup,1,39746.48,0,39746.48,12980.38,463.75,SELL019,SELL019,4.9,4
ORD00231,2025-05-14 01:00:00,Delivered,CUST0289,Male,Vadodara,Gujarat,PROD0038,Makeup Product 38,Beauty,Makeup,1,17911.85,5,17911.85,5575.96,89.61,SELL040,SELL040,4.9,8
ORD00232,2025-03-09 19:00:00,Delivered,CUST0130,Female,Coimbatore,Tamil Nadu,PROD0023,Audio Product 23,Electronics,Audio,2,38034.28,10,76068.56,27274.12,203.79,SELL038,SELL038,4.3,9
ORD00233,2025-09-06 05:00:00,Shipped,CUST0121,Other,Kochi,Kerala,PROD0019,Technology Product 19,Books,Technology,3,45644.29,0,136932.87,58164.66,263.1,SELL039,SELL039,4.8,
ORD00234,2025-12-05 14:00:00,Delivered,CUST0122,Female,Vadodara,Gujarat,PROD0007,Accessories Product 7,Electronics,Accessories,2,5399.22,0,10798.44,2237.82,108.77,SELL017,SELL017,3.6,5
ORD00234,2025-12-05 14:00:00,Delivered,CUST0122,Female,Vadodara,Gujarat,PROD0083,Skincare Product 83,Beauty,Skincare,1,6033.65,5,6033.65,1078.04,475.68,SELL026,SELL026,4.3,2
ORD00235,2025-05-15 04:00:00,Delivered,CUST0243,Male,Tirupati,Andhra Pradesh,PROD0049,Skincare Product 49,Beauty,Skincare,3,27753.1,10,83259.3,26369.85,49.28,SELL021,SELL021,4.2,4
ORD00235,2025-05-15 04:00:00,Delivered,CUST0243,Male,Tirupati,Andhra Pradesh,PROD0087,Furniture Product 87,Home & Kitchen,Furniture,1,31789.12,20,31789.12,4475.75,232.94,SELL035,SELL035,4.6,4
ORD00236,2025-05-19 08:00:00,Shipped,CUST0172,Female,Mysuru,Karnataka,PROD0087,Furniture Product 87,Home & Kitchen,Furniture,2,37749.58,5,75499.16,20872.42,121.62,SELL016,SELL016,4.2,
ORD00237,2025-12-11 00:00:00,Shipped,CUST0006,Male,Mangaluru,Karnataka,PROD0058,Education Product 58,Books,Education,1,31678.86,0,31678.86,7314.51,120.75,SELL023,SELL023,4.2,
ORD00238,2025-12-29 03:00:00,Delivered,CUST0063,Other,Kozhikode,Kerala,PROD0083,Skincare Product 83,Beauty,Skincare,2,5716.09,10,11432.18,1520.96,149.07,SELL012,SELL012,4.8,2
ORD00238,2025-12-29 03:00:00,Delivered,CUST0063,Other,Kozhikode,Kerala,PROD0073,Women Product 73,Fashion,Women,2,47651.27,0,95302.54,39212.18,243.12,SELL030,SELL030,4.3,6
ORD00239,2025-05-12 05:00:00,Shipped,CUST0166,Female,Vijayawada,Andhra Pradesh,PROD0008,Men Product 8,Fashion,Men,3,25351.31,0,76053.93,30680.85,237.07,SELL017,SELL017,3.6,
ORD00240,2025-04-02 20:00:00,Delivered,CUST0202,Female,New Delhi,Delhi,PROD0083,Skincare Product 83,Beauty,Skincare,3,5716.09,10,17148.27,2281.44,78.54,SELL007,SELL007,4.3,3
ORD00241,2025-09-12 04:00:00,Delivered,CUST0010,Female,New Delhi,Delhi,PROD0020,Education Product 20,Books,Education,3,24269.93,5,72809.79,30279.48,272.23,SELL022,SELL022,3.5,9
ORD00242,2025-04-26 00:00:00,Delivered,CUST0277,Male,Thrissur,Kerala,PROD0069,Education Product 69,Books,Education,1,15498.17,0,15498.17,4452.5,55.94,SELL023,SELL023,4.2,7
ORD00243,2025-08-24 09:00:00,Delivered,CUST0042,Female,Kochi,Kerala,PROD0025,Women Product 25,Fashion,Women,2,25468.56,15,50937.12,15482.0,326.39,SELL020,SELL020,4.6,5
ORD00244,2025-01-19 06:00:00,Delivered,CUST0072,Male,Surat,Gujarat,PROD0070,Skincare Product 70,Beauty,Skincare,1,27652.64,20,27652.64,5360.54,411.54,SELL020,SELL020,4.6,2
ORD00245,2025-07-27 03:00:00,Delivered,CUST0022,Female,Kochi,Kerala,PROD0069,Education Product 69,Books,Education,1,15498.17,0,15498.17,4452.5,375.67,SELL038,SELL038,4.3,6
ORD00245,2025-07-27 03:00:00,Delivered,CUST0022,Female,Kochi,Kerala,PROD0020,Education Product 20,Books,Education,2,24269.93,5,48539.86,20186.32,461.47,SELL032,SELL032,3.9,2
ORD00245,2025-07-27 03:00:00,Delivered,CUST0022,Female,Kochi,Kerala,PROD0095,Furniture Product 95,Home & Kitchen,Furniture,1,34602.43,10,34602.43,12117.05,36.75,SELL003,SELL003,4.7,7
ORD00246,2025-08-22 19:00:00,Delivered,CUST0050,Male,Surat,Gujarat,PROD0064,Haircare Product 64,Beauty,Haircare,2,37229.56,0,74459.12,15520.84,408.09,SELL039,SELL039,4.8,5
ORD00247,2025-06-16 03:00:00,Returned,CUST0206,Female,Surat,Gujarat,PROD0028,Education Product 28,Books,Education,1,11891.65,0,11891.65,4583.33,86.75,SELL003,SELL003,4.7,
ORD00247,2025-06-16 03:00:00,Returned,CUST0206,Female,Surat,Gujarat,PROD0098,Appliances Product 98,Home & Kitchen,Appliances,2,47387.29,0,94774.58,29370.42,203.87,SELL010,SELL010,4.2,
ORD00248,2025-11-20 19:00:00,Delivered,CUST0052,Male,Thrissur,Kerala,PROD0001,Audio Product 1,Electronics,Audio,3,22941.01,10,68823.03,20355.54,309.05,SELL012,SELL012,4.8,3
ORD00249,2025-04-16 04:00:00,Delivered,CUST0065,Male,Coimbatore,Tamil Nadu,PROD0079,Education Product 79,Books,Education,1,12034.77,5,12034.77,4679.23,476.64,SELL039,SELL039,4.8,10
ORD00249,2025-04-16 04:00:00,Delivered,CUST0065,Male,Coimbatore,Tamil Nadu,PROD0089,Skincare Product 89,Beauty,Skincare,1,18204.6,0,18204.6,5379.19,140.75,SELL020,SELL020,4.6,6
ORD00249,2025-04-16 04:00:00,Delivered,CUST0065,Male,Coimbatore,Tamil Nadu,PROD0005,Accessories Product 5,Electronics,Accessories,4,36380.19,20,145520.76,17399.32,320.89,SELL008,SELL008,3.9,3
ORD00250,2025-04-23 14:00:00,Shipped,CUST0260,Female,Tirupati,Andhra Pradesh,PROD0020,Education Product 20,Books,Education,1,25547.3,0,25547.3,11370.53,463.66,SELL031,SELL031,3.6,
ORD00251,2025-11-12 14:00:00,Delivered,CUST0172,Female,Mysuru,Karnataka,PROD0004,Makeup Product 4,Beauty,Makeup,1,27827.24,0,27827.24,6573.05,140.59,SELL032,SELL032,3.9,2
ORD00252,2025-02-26 10:00:00,Delivered,CUST0118,Female,Surat,Gujarat,PROD0029,Skincare Product 29,Beauty,Skincare,1,17622.59,5,17622.59,2676.32,448.53,SELL005,SELL005,3.8,7
ORD00253,2025-04-02 12:00:00,Delivered,CUST0233,Male,Coimbatore,Tamil Nadu,PROD0035,Accessories Product 35,Fashion,Accessories,1,45288.98,0,45288.98,18578.26,297.27,SELL013,SELL013,5.0,2
ORD00254,2025-06-25 07:00:00,Processing,CUST0088,Female,New Delhi,Delhi,PROD0079,Education Product 79,Books,Education,1,12034.77,5,12034.77,4679.23,137.96,SELL011,SELL011,3.8,
ORD00255,2025-08-25 08:00:00,Delivered,CUST0243,Male,Tirupati,Andhra Pradesh,PROD0056,Education Product 56,Books,Education,1,5854.06,15,5854.06,1411.03,474.74,SELL038,SELL038,4.3,9
ORD00256,2025-01-23 01:00:00,Returned,CUST0214,Male,Kozhikode,Kerala,PROD0051,Men Product 51,Fashion,Men,2,42913.65,10,85827.3,19368.16,76.06,SELL031,SELL031,3.6,
ORD00257,2025-03-09 11:00:00,Delivered,CUST0112,Male,Mumbai,Maharashtra,PROD0040,Audio Product 40,Electronics,Audio,2,33678.01,15,67356.02,20828.7,381.22,SELL011,SELL011,3.8,7
ORD00258,2025-07-09 20:00:00,Delivered,CUST0095,Female,Vadodara,Gujarat,PROD0089,Skincare Product 89,Beauty,Skincare,1,18204.6,0,18204.6,5379.19,383.86,SELL022,SELL022,3.5,7
ORD00259,2025-11-14 10:00:00,Delivered,CUST0042,Female,Kochi,Kerala,PROD0007,Accessories Product 7,Electronics,Accessories,1,5129.26,5,5129.26,848.95,49.21,SELL008,SELL008,3.9,2
ORD00260,2025-03-12 10:00:00,Delivered,CUST0105,Female,Hyderabad,Telangana,PROD0075,Laptops Product 75,Electronics,Laptops,1,33133.97,15,33133.97,7838.77,266.68,SELL015,SELL015,3.9,10
ORD00260,2025-03-12 10:00:00,Delivered,CUST0105,Female,Hyderabad,Telangana,PROD0090,Makeup Product 90,Beauty,Makeup,1,6706.12,0,6706.12,1416.69,192.26,SELL028,SELL028,4.0,6
ORD00260,2025-03-12 10:00:00,Delivered,CUST0105,Female,Hyderabad,Telangana,PROD0027,Women Product 27,Fashion,Women,1,41213.98,15,41213.98,6552.5,250.98,SELL032,SELL032,3.9,10
ORD00261,2025-08-20 19:00:00,Delivered,CUST0150,Female,New Delhi,Delhi,PROD0009,Decor Product 9,Home & Kitchen,Decor,1,42118.82,15,42118.82,7854.0,165.54,SELL006,SELL006,4.5,7
ORD00261,2025-08-20 19:00:00,Delivered,CUST0150,Female,New Delhi,Delhi,PROD0025,Women Product 25,Fashion,Women,1,29963.01,0,29963.01,12235.45,357.63,SELL005,SELL005,3.8,4
ORD00261,2025-08-20 19:00:00,Delivered,CUST0150,Female,New Delhi,Delhi,PROD0059,Accessories Product 59,Electronics,Accessories,1,2089.94,0,2089.94,826.72,477.49,SELL032,SELL032,3.9,10
ORD00262,2025-06-27 13:00:00,Delivered,CUST0243,Male,Tirupati,Andhra Pradesh,PROD0030,Haircare Product 30,Beauty,Haircare,1,36603.09,5,36603.09,7317.01,191.11,SELL034,SELL034,4.7,6
ORD00263,2025-08-16 14:00:00,Delivered,CUST0281,Male,New Delhi,Delhi,PROD0034,Fitness Product 34,Sports,Fitness,1,11545.5,20,11545.5,634.4,391.78,SELL015,SELL015,3.9,8
ORD00264,2025-12-31 17:00:00,Delivered,CUST0083,Male,Mumbai,Maharashtra,PROD0086,Sportswear Product 86,Sports,Sportswear,1,14695.52,0,14695.52,5422.82,178.81,SELL011,SELL011,3.8,9
ORD00264,2025-12-31 17:00:00,Delivered,CUST0083,Male,Mumbai,Maharashtra,PROD0020,Education Product 20,Books,Education,1,24269.93,5,24269.93,10093.16,126.42,SELL009,SELL009,4.2,9
ORD00265,2025-08-18 17:00:00,Returned,CUST0191,Other,Vijayawada,Andhra Pradesh,PROD0064,Haircare Product 64,Beauty,Haircare,3,31645.13,15,94935.39,6527.97,103.35,SELL010,SELL010,4.2,
ORD00266,2025-05-29 18:00:00,Delivered,CUST0243,Male,Tirupati,Andhra Pradesh,PROD0044,Sportswear Product 44,Sports,Sportswear,3,30541.78,0,91625.34,30760.56,288.95,SELL031,SELL031,3.6,2
ORD00266,2025-05-29 18:00:00,Delivered,CUST0243,Male,Tirupati,Andhra Pradesh,PROD0089,Skincare Product 89,Beauty,Skincare,1,16384.14,10,16384.14,3558.73,133.57,SELL020,SELL020,4.6,5
ORD00266,2025-05-29 18:00:00,Delivered,CUST0243,Male,Tirupati,Andhra Pradesh,PROD0015,Sportswear Product 15,Sports,Sportswear,1,7286.06,0,7286.06,2590.55,331.42,SELL023,SELL023,4.2,9
ORD00267,2025-01-12 02:00:00,Delivered,CUST0101,Female,Mumbai,Maharashtra,PROD0066,Haircare Product 66,Beauty,Haircare,1,46234.45,0,46234.45,14323.23,314.39,SELL026,SELL026,4.3,10
ORD00268,2025-07-23 04:00:00,Delivered,CUST0185,Female,Nizamabad,Telangana,PROD0045,Women Product 45,Fashion,Women,1,14470.66,5,14470.66,5896.53,293.69,SELL023,SELL023,4.2,6
ORD00269,2025-08-15 09:00:00,Delivered,CUST0213,Female,Coimbatore,Tamil Nadu,PROD0054,Audio Product 54,Electronics,Audio,1,39478.87,0,39478.87,14090.14,172.52,SELL038,SELL038,4.3,8
ORD00269,2025-08-15 09:00:00,Delivered,CUST0213,Female,Coimbatore,Tamil Nadu,PROD0018,Women Product 18,Fashion,Women,4,33588.29,0,134353.16,30388.16,481.24,SELL034,SELL034,4.7,9
ORD00270,2025-03-31 17:00:00,Delivered,CUST0213,Female,Coimbatore,Tamil Nadu,PROD0049,Skincare Product 49,Beauty,Skincare,1,30836.78,0,30836.78,11873.63,418.34,SELL019,SELL019,4.9,9
ORD00271,2025-01-14 00:00:00,Delivered,CUST0115,Male,New Delhi,Delhi,PROD0016,Technology Product 16,Books,Technology,1,31531.66,5,31531.66,12120.87,353.29,SELL019,SELL019,4.9,2
ORD00272,2025-10-25 15:00:00,Delivered,CUST0186,Male,Hyderabad,Telangana,PROD0089,Skincare Product 89,Beauty,Skincare,1,16384.14,10,16384.14,3558.73,38.25,SELL008,SELL008,3.9,2
ORD00273,2025-07-02 05:00:00,Delivered,CUST0070,Female,Madurai,Tamil Nadu,PROD0007,Accessories Product 7,Electronics,Accessories,1,4859.3,10,4859.3,578.99,116.13,SELL005,SELL005,3.8,10
ORD00273,2025-07-02 05:00:00,Delivered,CUST0070,Female,Madurai,Tamil Nadu,PROD0038,Makeup Product 38,Beauty,Makeup,1,18854.58,0,18854.58,6518.69,181.63,SELL007,SELL007,4.3,5
ORD00273,2025-07-02 05:00:00,Delivered,CUST0070,Female,Madurai,Tamil Nadu,PROD0068,Appliances Product 68,Home & Kitchen,Appliances,2,14607.24,10,29214.48,10659.44,171.5,SELL021,SELL021,4.2,2
ORD00274,2025-03-15 00:00:00,Delivered,CUST0181,Male,Thrissur,Kerala,PROD0021,Women Product 21,Fashion,Women,1,45192.14,5,45192.14,14639.03,420.84,SELL007,SELL007,4.3,9
ORD00275,2025-12-31 17:00:00,Delivered,CUST0273,Female,Mysuru,Karnataka,PROD0015,Sportswear Product 15,Sports,Sportswear,1,6557.45,10,6557.45,1861.94,95.34,SELL031,SELL031,3.6,8
ORD00275,2025-12-31 17:00:00,Delivered,CUST0273,Female,Mysuru,Karnataka,PROD0017,Fiction Product 17,Books,Fiction,2,14869.11,5,29738.22,9337.68,388.89,SELL029,SELL029,3.6,6
ORD00275,2025-12-31 17:00:00,Delivered,CUST0273,Female,Mysuru,Karnataka,PROD0003,Smartphones Product 3,Electronics,Smartphones,1,30846.67,0,30846.67,9657.84,379.9,SELL022,SELL022,3.5,6
ORD00276,2025-03-06 06:00:00,Delivered,CUST0158,Female,Mangaluru,Karnataka,PROD0010,Fitness Product 10,Sports,Fitness,2,18353.92,0,36707.84,7420.74,80.67,SELL031,SELL031,3.6,2
ORD00276,2025-03-06 06:00:00,Delivered,CUST0158,Female,Mangaluru,Karnataka,PROD0003,Smartphones Product 3,Electronics,Smartphones,1,29304.34,5,29304.34,8115.51,457.01,SELL033,SELL033,5.0,7
ORD00277,2025-11-05 06:00:00,Delivered,CUST0064,Male,Madurai,Tamil Nadu,PROD0019,Technology Product 19,Books,Technology,3,45644.29,0,136932.87,58164.66,105.46,SELL018,SELL018,4.1,10
ORD00278,2025-09-16 18:00:00,Delivered,CUST0124,Male,Pune,Maharashtra,PROD0092,Makeup Product 92,Beauty,Makeup,3,20687.06,0,62061.18,21066.84,384.39,SELL013,SELL013,5.0,5
ORD00279,2025-09-16 22:00:00,Delivered,CUST0110,Female,Mumbai,Maharashtra,PROD0014,Technology Product 14,Books,Technology,2,34956.53,20,69913.06,13981.94,229.32,SELL012,SELL012,4.8,7
ORD00280,2025-08-27 03:00:00,Delivered,CUST0064,Male,Madurai,Tamil Nadu,PROD0093,Fitness Product 93,Sports,Fitness,1,6160.76,5,6160.76,2038.9,210.85,SELL003,SELL003,4.7,7
ORD00281,2025-04-26 17:00:00,Delivered,CUST0228,Male,New Delhi,Delhi,PROD0061,Makeup Product 61,Beauty,Makeup,1,19041.31,20,19041.31,5715.07,261.07,SELL024,SELL024,4.4,2
ORD00281,2025-04-26 17:00:00,Delivered,CUST0228,Male,New Delhi,Delhi,PROD0087,Furniture Product 87,Home & Kitchen,Furniture,1,37749.58,5,37749.58,10436.21,347.96,SELL007,SELL007,4.3,3
ORD00282,2025-02-03 11:00:00,Returned,CUST0087,Male,Mumbai,Maharashtra,PROD0016,Technology Product 16,Books,Technology,1,29872.1,10,29872.1,10461.31,303.5,SELL032,SELL032,3.9,
ORD00282,2025-02-03 11:00:00,Returned,CUST0087,Male,Mumbai,Maharashtra,PROD0030,Haircare Product 30,Beauty,Haircare,2,32750.13,15,65500.26,6928.1,473.32,SELL018,SELL018,4.1,
ORD00282,2025-02-03 11:00:00,Returned,CUST0087,Male,Mumbai,Maharashtra,PROD0055,Technology Product 55,Books,Technology,1,28355.2,10,28355.2,4464.2,220.09,SELL023,SELL023,4.2,
ORD00282,2025-02-03 11:00:00,Returned,CUST0087,Male,Mumbai,Maharashtra,PROD0093,Fitness Product 93,Sports,Fitness,1,6485.01,0,6485.01,2363.15,243.68,SELL032,SELL032,3.9,
ORD00283,2025-02-20 23:00:00,Delivered,CUST0016,Male,Madurai,Tamil Nadu,PROD0049,Skincare Product 49,Beauty,Skincare,1,27753.1,10,27753.1,8789.95,75.28,SELL021,SELL021,4.2,9
ORD00283,2025-02-20 23:00:00,Delivered,CUST0016,Male,Madurai,Tamil Nadu,PROD0078,Fitness Product 78,Sports,Fitness,2,25261.1,5,50522.2,15557.16,261.33,SELL005,SELL005,3.8,4
ORD00283,2025-02-20 23:00:00,Delivered,CUST0016,Male,Madurai,Tamil Nadu,PROD0087,Furniture Product 87,Home & Kitchen,Furniture,1,35762.76,10,35762.76,8449.39,260.42,SELL030,SELL030,4.3,9
ORD00284,2025-01-17 13:00:00,Processing,CUST0010,Female,New Delhi,Delhi,PROD0057,Women Product 57,Fashion,Women,1,39483.51,5,39483.51,8941.38,434.37,SELL003,SELL003,4.7,
ORD00284,2025-01-17 13:00:00,Processing,CUST0010,Female,New Delhi,Delhi,PROD0059,Accessories Product 59,Electronics,Accessories,2,2089.94,0,4179.88,1653.44,232.42,SELL020,SELL020,4.6,
ORD00285,2025-12-04 17:00:00,Delivered,CUST0252,Male,Thrissur,Kerala,PROD0065,Haircare Product 65,Beauty,Haircare,1,46258.11,5,46258.11,12953.49,207.56,SELL026,SELL026,4.3,4
ORD00285,2025-12-04 17:00:00,Delivered,CUST0252,Male,Thrissur,Kerala,PROD0008,Men Product 8,Fashion,Men,2,25351.31,0,50702.62,20453.9,58.87,SELL023,SELL023,4.2,9
ORD00286,2025-11-17 10:00:00,Delivered,CUST0014,Female,Tirupati,Andhra Pradesh,PROD0008,Men Product 8,Fashion,Men,1,22816.18,10,22816.18,7691.82,308.49,SELL016,SELL016,4.2,9
ORD00287,2025-01-11 17:00:00,Delivered,CUST0087,Male,Mumbai,Maharashtra,PROD0054,Audio Product 54,Electronics,Audio,1,37504.93,5,37504.93,12116.2,40.45,SELL018,SELL018,4.1,5
ORD00288,2025-02-21 22:00:00,Delivered,CUST0251,Male,Vadodara,Gujarat,PROD0044,Sportswear Product 44,Sports,Sportswear,1,24433.42,20,24433.42,4145.16,124.83,SELL040,SELL040,4.9,4
ORD00288,2025-02-21 22:00:00,Delivered,CUST0251,Male,Vadodara,Gujarat,PROD0022,Skincare Product 22,Beauty,Skincare,2,10944.49,5,21888.98,8360.6,165.06,SELL005,SELL005,3.8,10
ORD00289,2025-04-26 19:00:00,Delivered,CUST0206,Female,Surat,Gujarat,PROD0044,Sportswear Product 44,Sports,Sportswear,1,25960.51,15,25960.51,5672.25,253.38,SELL018,SELL018,4.1,4
ORD00290,2025-09-16 09:00:00,Delivered,CUST0155,Female,Mumbai,Maharashtra,PROD0080,Fiction Product 80,Books,Fiction,1,22569.7,10,22569.7,6156.85,114.88,SELL033,SELL033,5.0,2
ORD00291,2025-04-20 21:00:00,Cancelled,CUST0256,Female,Kochi,Kerala,PROD0069,Education Product 69,Books,Education,3,13948.35,10,41845.05,8708.04,58.14,SELL028,SELL028,4.0,
ORD00291,2025-04-20 21:00:00,Cancelled,CUST0256,Female,Kochi,Kerala,PROD0079,Education Product 79,Books,Education,1,12668.18,0,12668.18,5312.64,100.72,SELL013,SELL013,5.0,
ORD00291,2025-04-20 21:00:00,Cancelled,CUST0256,Female,Kochi,Kerala,PROD0099,Men Product 99,Fashion,Men,2,12081.73,5,24163.46,5812.82,434.29,SELL020,SELL020,4.6,
ORD00292,2025-11-27 05:00:00,Delivered,CUST0147,Female,Surat,Gujarat,PROD0025,Women Product 25,Fashion,Women,1,25468.56,15,25468.56,7741.0,248.16,SELL002,SELL002,4.5,3
ORD00293,2025-03-23 08:00:00,Delivered,CUST0104,Male,Surat,Gujarat,PROD0023,Audio Product 23,Electronics,Audio,3,40147.29,5,120441.87,47250.21,39.36,SELL003,SELL003,4.7,10
ORD00294,2025-07-06 21:00:00,Delivered,CUST0209,Male,Visakhapatnam,Andhra Pradesh,PROD0018,Women Product 18,Fashion,Women,1,31908.88,5,31908.88,5917.63,86.7,SELL008,SELL008,3.9,5
ORD00294,2025-07-06 21:00:00,Delivered,CUST0209,Male,Visakhapatnam,Andhra Pradesh,PROD0031,Sportswear Product 31,Sports,Sportswear,3,17916.62,15,53749.86,16203.63,148.35,SELL038,SELL038,4.3,4
ORD00295,2025-10-27 23:00:00,Delivered,CUST0169,Male,Mumbai,Maharashtra,PROD0019,Technology Product 19,Books,Technology,1,36515.43,20,36515.43,10259.36,236.55,SELL007,SELL007,4.3,2
ORD00296,2025-06-12 17:00:00,Delivered,CUST0058,Female,Madurai,Tamil Nadu,PROD0019,Technology Product 19,Books,Technology,2,38797.65,15,77595.3,25083.16,39.9,SELL031,SELL031,3.6,7
ORD00296,2025-06-12 17:00:00,Delivered,CUST0058,Female,Madurai,Tamil Nadu,PROD0047,Accessories Product 47,Electronics,Accessories,1,26943.99,10,26943.99,10345.37,405.5,SELL039,SELL039,4.8,3
ORD00297,2025-05-10 17:00:00,Delivered,CUST0123,Female,Ahmedabad,Gujarat,PROD0088,Laptops Product 88,Electronics,Laptops,2,37672.51,5,75345.02,26654.8,457.6,SELL016,SELL016,4.2,3
ORD00297,2025-05-10 17:00:00,Delivered,CUST0123,Female,Ahmedabad,Gujarat,PROD0016,Technology Product 16,Books,Technology,3,28212.54,15,84637.62,26405.25,171.42,SELL026,SELL026,4.3,4
ORD00297,2025-05-10 17:00:00,Delivered,CUST0123,Female,Ahmedabad,Gujarat,PROD0069,Education Product 69,Books,Education,1,13173.44,15,13173.44,2127.77,105.31,SELL016,SELL016,4.2,3
ORD00298,2025-05-21 02:00:00,Shipped,CUST0018,Female,New Delhi,Delhi,PROD0043,Smartphones Product 43,Electronics,Smartphones,2,11034.89,15,22069.78,1935.92,417.47,SELL028,SELL028,4.0,
ORD00299,2025-08-21 22:00:00,Delivered,CUST0168,Male,Bengaluru,Karnataka,PROD0083,Skincare Product 83,Beauty,Skincare,1,6351.21,0,6351.21,1395.6,173.61,SELL009,SELL009,4.2,5
ORD00300,2025-06-13 14:00:00,Delivered,CUST0211,Male,New Delhi,Delhi,PROD0042,Education Product 42,Books,Education,1,21439.52,5,21439.52,8995.17,214.94,SELL013,SELL013,5.0,6
ORD00300,2025-06-13 14:00:00,Delivered,CUST0211,Male,New Delhi,Delhi,PROD0037,Haircare Product 37,Beauty,Haircare,3,39559.83,15,118679.49,26246.01,135.51,SELL025,SELL025,3.9,2
ORD00301,2025-02-15 14:00:00,Delivered,CUST0118,Female,Surat,Gujarat,PROD0055,Technology Product 55,Books,Technology,1,31505.78,0,31505.78,7614.78,202.92,SELL039,SELL039,4.8,8
ORD00302,2025-12-11 15:00:00,Delivered,CUST0233,Male,Coimbatore,Tamil Nadu,PROD0035,Accessories Product 35,Fashion,Accessories,1,43024.53,5,43024.53,16313.81,127.1,SELL032,SELL032,3.9,5
ORD00302,2025-12-11 15:00:00,Delivered,CUST0233,Male,Coimbatore,Tamil Nadu,PROD0037,Haircare Product 37,Beauty,Haircare,4,46540.98,0,186163.92,62919.28,348.28,SELL014,SELL014,4.3,8
ORD00303,2025-05-01 19:00:00,Delivered,CUST0135,Female,Warangal,Telangana,PROD0011,Haircare Product 11,Beauty,Haircare,1,32962.68,15,32962.68,4525.49,487.97,SELL001,SELL001,4.5,10
ORD00304,2025-02-07 03:00:00,Delivered,CUST0132,Female,Warangal,Telangana,PROD0046,Makeup Product 46,Beauty,Makeup,3,31797.18,20,95391.54,15093.24,311.17,SELL039,SELL039,4.8,2
ORD00305,2025-07-22 21:00:00,Delivered,CUST0155,Female,Mumbai,Maharashtra,PROD0034,Fitness Product 34,Sports,Fitness,1,12267.1,15,12267.1,1356.0,442.61,SELL011,SELL011,3.8,3
ORD00306,2025-03-01 10:00:00,Delivered,CUST0134,Female,Tirupati,Andhra Pradesh,PROD0096,Fitness Product 96,Sports,Fitness,1,35369.94,15,35369.94,6662.55,318.08,SELL028,SELL028,4.0,2
ORD00306,2025-03-01 10:00:00,Delivered,CUST0134,Female,Tirupati,Andhra Pradesh,PROD0047,Accessories Product 47,Electronics,Accessories,1,28440.88,5,28440.88,11842.26,107.54,SELL017,SELL017,3.6,7
ORD00307,2025-01-28 06:00:00,Delivered,CUST0226,Male,Ahmedabad,Gujarat,PROD0091,Audio Product 91,Electronics,Audio,1,16046.77,20,16046.77,1131.86,465.79,SELL030,SELL030,4.3,2
ORD00308,2025-09-10 03:00:00,Shipped,CUST0235,Male,Nagpur,Maharashtra,PROD0037,Haircare Product 37,Beauty,Haircare,2,41886.88,10,83773.76,22151.44,416.61,SELL012,SELL012,4.8,
ORD00309,2025-10-20 05:00:00,Delivered,CUST0270,Male,New Delhi,Delhi,PROD0043,Smartphones Product 43,Electronics,Smartphones,1,10385.78,20,10385.78,318.85,87.34,SELL002,SELL002,4.5,4
ORD00310,2025-06-15 04:00:00,Delivered,CUST0055,Female,Kozhikode,Kerala,PROD0081,Fitness Product 81,Sports,Fitness,1,13273.39,0,13273.39,5040.2,485.79,SELL018,SELL018,4.1,6
ORD00311,2025-10-19 04:00:00,Delivered,CUST0167,Male,Vijayawada,Andhra Pradesh,PROD0008,Men Product 8,Fashion,Men,1,22816.18,10,22816.18,7691.82,73.5,SELL005,SELL005,3.8,2
ORD00312,2025-01-11 06:00:00,Delivered,CUST0046,Male,Chennai,Tamil Nadu,PROD0084,Skincare Product 84,Beauty,Skincare,1,38215.39,15,38215.39,8084.58,375.87,SELL008,SELL008,3.9,8
ORD00312,2025-01-11 06:00:00,Delivered,CUST0046,Male,Chennai,Tamil Nadu,PROD0020,Education Product 20,Books,Education,3,22992.57,10,68977.71,26447.4,198.75,SELL020,SELL020,4.6,7
ORD00313,2025-09-01 08:00:00,Delivered,CUST0199,Male,Madurai,Tamil Nadu,PROD0079,Education Product 79,Books,Education,1,12668.18,0,12668.18,5312.64,271.27,SELL028,SELL028,4.0,3
ORD00313,2025-09-01 08:00:00,Delivered,CUST0199,Male,Madurai,Tamil Nadu,PROD0024,Sportswear Product 24,Sports,Sportswear,2,39791.87,10,79583.74,30048.0,365.41,SELL030,SELL030,4.3,3
ORD00314,2025-08-28 13:00:00,Delivered,CUST0149,Male,Visakhapatnam,Andhra Pradesh,PROD0088,Laptops Product 88,Electronics,Laptops,1,39655.27,0,39655.27,15310.16,65.97,SELL028,SELL028,4.0,9
ORD00314,2025-08-28 13:00:00,Delivered,CUST0149,Male,Visakhapatnam,Andhra Pradesh,PROD0039,Audio Product 39,Electronics,Audio,1,10849.76,5,10849.76,3585.62,224.12,SELL003,SELL003,4.7,6
ORD00314,2025-08-28 13:00:00,Delivered,CUST0149,Male,Visakhapatnam,Andhra Pradesh,PROD0032,Furniture Product 32,Home & Kitchen,Furniture,2,41497.76,5,82995.52,33714.66,149.09,SELL030,SELL030,4.3,9
ORD00314,2025-08-28 13:00:00,Delivered,CUST0149,Male,Visakhapatnam,Andhra Pradesh,PROD0067,Accessories Product 67,Electronics,Accessories,1,3758.96,10,3758.96,782.44,37.65,SELL017,SELL017,3.6,3
ORD00315,2025-02-12 13:00:00,Processing,CUST0024,Other,Vadodara,Gujarat,PROD0086,Sportswear Product 86,Sports,Sportswear,1,14695.52,0,14695.52,5422.82,484.36,SELL029,SELL029,3.6,
ORD00316,2025-08-11 17:00:00,Delivered,CUST0055,Female,Kozhikode,Kerala,PROD0059,Accessories Product 59,Electronics,Accessories,2,1671.95,20,3343.9,817.46,312.89,SELL026,SELL026,4.3,3
ORD00317,2025-06-04 02:00:00,Delivered,CUST0203,Female,Kochi,Kerala,PROD0025,Women Product 25,Fashion,Women,1,26966.71,10,26966.71,9239.15,335.38,SELL002,SELL002,4.5,9
ORD00318,2025-06-04 14:00:00,Delivered,CUST0045,Male,Vijayawada,Andhra Pradesh,PROD0095,Furniture Product 95,Home & Kitchen,Furniture,1,32680.07,15,32680.07,10194.69,305.06,SELL032,SELL032,3.9,2
ORD00318,2025-06-04 14:00:00,Delivered,CUST0045,Male,Vijayawada,Andhra Pradesh,PROD0090,Makeup Product 90,Beauty,Makeup,1,5700.2,15,5700.2,410.77,214.11,SELL013,SELL013,5.0,8
ORD00318,2025-06-04 14:00:00,Delivered,CUST0045,Male,Vijayawada,Andhra Pradesh,PROD0057,Women Product 57,Fashion,Women,1,37405.43,10,37405.43,6863.3,365.15,SELL022,SELL022,3.5,6
ORD00319,2025-11-02 23:00:00,Delivered,CUST0297,Male,Mangaluru,Karnataka,PROD0076,Makeup Product 76,Beauty,Makeup,3,1581.99,15,4745.97,1443.72,437.79,SELL040,SELL040,4.9,10
ORD00320,2025-10-11 02:00:00,Delivered,CUST0162,Male,Hyderabad,Telangana,PROD0080,Fiction Product 80,Books,Fiction,1,23823.57,5,23823.57,7410.72,105.83,SELL023,SELL023,4.2,7
ORD00321,2025-10-28 21:00:00,Delivered,CUST0113,Male,Vijayawada,Andhra Pradesh,PROD0017,Fiction Product 17,Books,Fiction,2,14869.11,5,29738.22,9337.68,225.92,SELL019,SELL019,4.9,9
ORD00322,2025-11-15 06:00:00,Delivered,CUST0083,Male,Mumbai,Maharashtra,PROD0026,Furniture Product 26,Home & Kitchen,Furniture,1,36128.85,0,36128.85,15831.77,225.51,SELL011,SELL011,3.8,8
ORD00323,2025-07-03 08:00:00,Delivered,CUST0010,Female,New Delhi,Delhi,PROD0005,Accessories Product 5,Electronics,Accessories,1,40927.72,10,40927.72,8897.36,86.72,SELL022,SELL022,3.5,10
ORD00323,2025-07-03 08:00:00,Delivered,CUST0010,Female,New Delhi,Delhi,PROD0009,Decor Product 9,Home & Kitchen,Decor,1,39641.24,20,39641.24,5376.42,398.9,SELL015,SELL015,3.9,10
ORD00324,2025-05-17 04:00:00,Shipped,CUST0286,Female,Madurai,Tamil Nadu,PROD0007,Accessories Product 7,Electronics,Accessories,2,4319.38,20,8638.76,78.14,385.21,SELL029,SELL029,3.6,
ORD00325,2025-10-15 01:00:00,Delivered,CUST0053,Male,Kochi,Kerala,PROD0047,Accessories Product 47,Electronics,Accessories,2,26943.99,10,53887.98,20690.74,388.12,SELL011,SELL011,3.8,8
ORD00326,2025-11-28 11:00:00,Delivered,CUST0079,Female,Bengaluru,Karnataka,PROD0054,Audio Product 54,Electronics,Audio,1,33557.04,15,33557.04,8168.31,190.42,SELL001,SELL001,4.5,5
ORD00327,2025-11-19 21:00:00,Delivered,CUST0185,Female,Nizamabad,Telangana,PROD0018,Women Product 18,Fashion,Women,3,28550.05,15,85650.15,7676.4,477.37,SELL027,SELL027,3.7,3
ORD00327,2025-11-19 21:00:00,Delivered,CUST0185,Female,Nizamabad,Telangana,PROD0055,Technology Product 55,Books,Technology,2,29930.49,5,59860.98,12078.98,43.99,SELL034,SELL034,4.7,4
ORD00328,2025-06-23 10:00:00,Delivered,CUST0044,Female,Surat,Gujarat,PROD0005,Accessories Product 5,Electronics,Accessories,3,45475.24,0,136425.72,40334.64,326.86,SELL010,SELL010,4.2,6
ORD00329,2025-07-25 21:00:00,Delivered,CUST0215,Female,Warangal,Telangana,PROD0045,Women Product 45,Fashion,Women,2,12947.43,15,25894.86,8746.6,316.89,SELL001,SELL001,4.5,2
ORD00330,2025-12-24 11:00:00,Processing,CUST0227,Male,Mumbai,Maharashtra,PROD0039,Audio Product 39,Electronics,Audio,1,11420.8,0,11420.8,4156.66,370.8,SELL006,SELL006,4.5,
ORD00331,2025-02-17 16:00:00,Delivered,CUST0110,Female,Mumbai,Maharashtra,PROD0004,Makeup Product 4,Beauty,Makeup,1,27827.24,0,27827.24,6573.05,393.85,SELL035,SELL035,4.6,9
ORD00332,2025-01-31 11:00:00,Delivered,CUST0057,Female,Tirupati,Andhra Pradesh,PROD0016,Technology Product 16,Books,Technology,1,33191.22,0,33191.22,13780.43,189.32,SELL020,SELL020,4.6,2
ORD00332,2025-01-31 11:00:00,Delivered,CUST0057,Female,Tirupati,Andhra Pradesh,PROD0058,Education Product 58,Books,Education,2,25343.09,20,50686.18,1957.48,295.83,SELL016,SELL016,4.2,6
ORD00333,2025-06-03 09:00:00,Delivered,CUST0180,Male,Mangaluru,Karnataka,PROD0049,Skincare Product 49,Beauty,Skincare,2,30836.78,0,61673.56,23747.26,272.73,SELL034,SELL034,4.7,6
ORD00334,2025-02-20 04:00:00,Delivered,CUST0233,Male,Coimbatore,Tamil Nadu,PROD0017,Fiction Product 17,Books,Fiction,1,15651.7,0,15651.7,5451.43,348.11,SELL031,SELL031,3.6,10
ORD00335,2025-09-13 20:00:00,Delivered,CUST0300,Male,Kozhikode,Kerala,PROD0054,Audio Product 54,Electronics,Audio,1,39478.87,0,39478.87,14090.14,364.24,SELL011,SELL011,3.8,3
ORD00336,2025-08-22 15:00:00,Delivered,CUST0109,Female,Kochi,Kerala,PROD0016,Technology Product 16,Books,Technology,1,31531.66,5,31531.66,12120.87,48.93,SELL008,SELL008,3.9,5
ORD00336,2025-08-22 15:00:00,Delivered,CUST0109,Female,Kochi,Kerala,PROD0078,Fitness Product 78,Sports,Fitness,1,26590.63,0,26590.63,9108.11,206.0,SELL010,SELL010,4.2,10
ORD00336,2025-08-22 15:00:00,Delivered,CUST0109,Female,Kochi,Kerala,PROD0053,Accessories Product 53,Electronics,Accessories,1,44151.04,10,44151.04,13810.17,96.81,SELL019,SELL019,4.9,10
ORD00337,2025-04-04 23:00:00,Delivered,CUST0111,Male,Kozhikode,Kerala,PROD0054,Audio Product 54,Electronics,Audio,1,37504.93,5,37504.93,12116.2,188.78,SELL037,SELL037,3.6,3
ORD00337,2025-04-04 23:00:00,Delivered,CUST0111,Male,Kozhikode,Kerala,PROD0062,Fiction Product 62,Books,Fiction,1,13035.62,10,13035.62,1697.86,314.68,SELL025,SELL025,3.9,2
ORD00338,2025-03-18 23:00:00,Delivered,CUST0230,Female,New Delhi,Delhi,PROD0030,Haircare Product 30,Beauty,Haircare,1,38529.57,0,38529.57,9243.49,345.11,SELL026,SELL026,4.3,3
ORD00339,2025-10-20 20:00:00,Shipped,CUST0013,Male,New Delhi,Delhi,PROD0072,Fiction Product 72,Books,Fiction,1,3584.97,10,3584.97,708.52,301.12,SELL006,SELL006,4.5,
ORD00340,2025-01-10 03:00:00,Delivered,CUST0258,Other,New Delhi,Delhi,PROD0027,Women Product 27,Fashion,Women,2,41213.98,15,82427.96,13105.0,302.39,SELL016,SELL016,4.2,3
ORD00341,2025-09-09 00:00:00,Delivered,CUST0024,Other,Vadodara,Gujarat,PROD0049,Skincare Product 49,Beauty,Skincare,1,24669.42,20,24669.42,5706.27,284.64,SELL017,SELL017,3.6,6
ORD00342,2025-07-28 21:00:00,Delivered,CUST0158,Female,Mangaluru,Karnataka,PROD0008,Men Product 8,Fashion,Men,1,25351.31,0,25351.31,10226.95,224.03,SELL020,SELL020,4.6,7
ORD00343,2025-04-14 07:00:00,Delivered,CUST0027,Female,Nizamabad,Telangana,PROD0050,Skincare Product 50,Beauty,Skincare,1,31637.35,5,31637.35,12551.18,221.33,SELL018,SELL018,4.1,8
ORD00343,2025-04-14 07:00:00,Delivered,CUST0027,Female,Nizamabad,Telangana,PROD0015,Sportswear Product 15,Sports,Sportswear,1,6557.45,10,6557.45,1861.94,459.46,SELL031,SELL031,3.6,9
ORD00344,2025-10-12 20:00:00,Shipped,CUST0127,Female,New Delhi,Delhi,PROD0082,Skincare Product 82,Beauty,Skincare,1,39855.33,20,39855.33,8613.45,205.45,SELL033,SELL033,5.0,
ORD00345,2025-08-05 17:00:00,Delivered,CUST0276,Female,Tirupati,Andhra Pradesh,PROD0038,Makeup Product 38,Beauty,Makeup,1,16026.39,15,16026.39,3690.5,256.63,SELL011,SELL011,3.8,8
ORD00345,2025-08-05 17:00:00,Delivered,CUST0276,Female,Tirupati,Andhra Pradesh,PROD0084,Skincare Product 84,Beauty,Skincare,1,40463.35,10,40463.35,10332.54,499.64,SELL039,SELL039,4.8,9
ORD00346,2025-03-24 23:00:00,Delivered,CUST0024,Other,Vadodara,Gujarat,PROD0018,Women Product 18,Fashion,Women,4,28550.05,15,114200.2,10235.2,129.1,SELL036,SELL036,4.3,9
ORD00346,2025-03-24 23:00:00,Delivered,CUST0024,Other,Vadodara,Gujarat,PROD0093,Fitness Product 93,Sports,Fitness,3,6485.01,0,19455.03,7089.45,350.59,SELL033,SELL033,5.0,8
ORD00347,2025-05-06 21:00:00,Returned,CUST0140,Female,Thrissur,Kerala,PROD0003,Smartphones Product 3,Electronics,Smartphones,1,30846.67,0,30846.67,9657.84,253.97,SELL009,SELL009,4.2,
ORD00348,2025-10-03 02:00:00,Shipped,CUST0202,Female,New Delhi,Delhi,PROD0086,Sportswear Product 86,Sports,Sportswear,2,13960.74,5,27921.48,9376.08,412.01,SELL029,SELL029,3.6,
ORD00349,2025-08-25 11:00:00,Cancelled,CUST0064,Male,Madurai,Tamil Nadu,PROD0036,Skincare Product 36,Beauty,Skincare,1,40233.95,15,40233.95,11362.53,323.86,SELL023,SELL023,4.2,
ORD00350,2025-05-24 15:00:00,Processing,CUST0019,Male,Kochi,Kerala,PROD0082,Skincare Product 82,Beauty,Skincare,1,49819.16,0,49819.16,18577.28,265.15,SELL026,SELL026,4.3,
ORD00351,2025-02-03 18:00:00,Delivered,CUST0090,Male,Ahmedabad,Gujarat,PROD0030,Haircare Product 30,Beauty,Haircare,2,38529.57,0,77059.14,18486.98,428.4,SELL034,SELL034,4.7,3
ORD00352,2025-11-11 08:00:00,Delivered,CUST0273,Female,Mysuru,Karnataka,PROD0087,Furniture Product 87,Home & Kitchen,Furniture,2,39736.4,0,79472.8,24846.06,426.84,SELL004,SELL004,3.6,7
ORD00353,2025-09-22 01:00:00,Processing,CUST0186,Male,Hyderabad,Telangana,PROD0058,Education Product 58,Books,Education,1,31678.86,0,31678.86,7314.51,68.45,SELL021,SELL021,4.2,
ORD00354,2025-05-08 06:00:00,Delivered,CUST0039,Male,Hyderabad,Telangana,PROD0062,Fiction Product 62,Books,Fiction,2,13759.82,5,27519.64,4844.12,324.36,SELL028,SELL028,4.0,4
ORD00355,2025-01-28 10:00:00,Delivered,CUST0175,Male,Surat,Gujarat,PROD0057,Women Product 57,Fashion,Women,1,39483.51,5,39483.51,8941.38,70.2,SELL007,SELL007,4.3,6
ORD00356,2025-02-01 14:00:00,Delivered,CUST0066,Other,Nagpur,Maharashtra,PROD0008,Men Product 8,Fashion,Men,1,21548.61,15,21548.61,6424.25,218.79,SELL036,SELL036,4.3,8
ORD00357,2025-07-16 14:00:00,Shipped,CUST0233,Male,Coimbatore,Tamil Nadu,PROD0087,Furniture Product 87,Home & Kitchen,Furniture,1,39736.4,0,39736.4,12423.03,120.47,SELL002,SELL002,4.5,
ORD00358,2025-03-06 20:00:00,Delivered,CUST0294,Male,New Delhi,Delhi,PROD0024,Sportswear Product 24,Sports,Sportswear,1,44213.19,0,44213.19,19445.32,90.01,SELL016,SELL016,4.2,2
ORD00359,2025-10-26 17:00:00,Shipped,CUST0160,Female,New Delhi,Delhi,PROD0048,Sportswear Product 48,Sports,Sportswear,1,11057.78,10,11057.78,3823.96,97.96,SELL001,SELL001,4.5,
ORD00360,2025-01-28 13:00:00,Delivered,CUST0287,Female,Visakhapatnam,Andhra Pradesh,PROD0009,Decor Product 9,Home & Kitchen,Decor,1,47073.97,5,47073.97,12809.15,355.17,SELL022,SELL022,3.5,3
ORD00361,2025-11-12 09:00:00,Delivered,CUST0172,Female,Mysuru,Karnataka,PROD0006,Appliances Product 6,Home & Kitchen,Appliances,3,27314.14,10,81942.42,19541.52,355.81,SELL015,SELL015,3.9,9
ORD00361,2025-11-12 09:00:00,Delivered,CUST0172,Female,Mysuru,Karnataka,PROD0064,Haircare Product 64,Beauty,Haircare,1,37229.56,0,37229.56,7760.42,375.26,SELL030,SELL030,4.3,2
ORD00362,2025-04-05 00:00:00,Delivered,CUST0205,Male,Vadodara,Gujarat,PROD0038,Makeup Product 38,Beauty,Makeup,1,17911.85,5,17911.85,5575.96,389.8,SELL029,SELL029,3.6,4
ORD00363,2025-05-15 23:00:00,Delivered,CUST0113,Male,Vijayawada,Andhra Pradesh,PROD0023,Audio Product 23,Electronics,Audio,3,42260.31,0,126780.93,53589.27,348.4,SELL017,SELL017,3.6,3
ORD00364,2025-06-23 06:00:00,Delivered,CUST0057,Female,Tirupati,Andhra Pradesh,PROD0068,Appliances Product 68,Home & Kitchen,Appliances,2,13795.73,15,27591.46,9036.42,60.73,SELL040,SELL040,4.9,9
ORD00365,2025-04-09 17:00:00,Delivered,CUST0098,Male,New Delhi,Delhi,PROD0032,Furniture Product 32,Home & Kitchen,Furniture,1,37129.57,15,37129.57,12489.14,168.27,SELL040,SELL040,4.9,8
ORD00365,2025-04-09 17:00:00,Delivered,CUST0098,Male,New Delhi,Delhi,PROD0006,Appliances Product 6,Home & Kitchen,Appliances,1,30349.04,0,30349.04,9548.74,403.94,SELL010,SELL010,4.2,6
ORD00365,2025-04-09 17:00:00,Delivered,CUST0098,Male,New Delhi,Delhi,PROD0098,Appliances Product 98,Home & Kitchen,Appliances,2,37909.83,20,75819.66,10415.5,446.34,SELL009,SELL009,4.2,7
ORD00366,2025-09-18 12:00:00,Delivered,CUST0086,Female,Hyderabad,Telangana,PROD0060,Kitchen Product 60,Home & Kitchen,Kitchen,1,15153.35,5,15153.35,5044.94,356.42,SELL012,SELL012,4.8,3
ORD00367,2025-11-29 01:00:00,Delivered,CUST0299,Male,New Delhi,Delhi,PROD0028,Education Product 28,Books,Education,1,11297.07,5,11297.07,3988.75,103.89,SELL020,SELL020,4.6,9
ORD00368,2025-08-16 16:00:00,Delivered,CUST0152,Male,Mumbai,Maharashtra,PROD0055,Technology Product 55,Books,Technology,1,29930.49,5,29930.49,6039.49,408.12,SELL029,SELL029,3.6,9
ORD00369,2025-11-27 02:00:00,Delivered,CUST0136,Female,Tirupati,Andhra Pradesh,PROD0083,Skincare Product 83,Beauty,Skincare,2,5398.53,15,10797.06,885.84,76.25,SELL006,SELL006,4.5,2
ORD00370,2025-05-09 09:00:00,Delivered,CUST0169,Male,Mumbai,Maharashtra,PROD0078,Fitness Product 78,Sports,Fitness,4,23931.57,10,95726.28,25796.2,377.72,SELL009,SELL009,4.2,4
ORD00371,2025-07-27 18:00:00,Delivered,CUST0207,Male,Nizamabad,Telangana,PROD0020,Education Product 20,Books,Education,1,24269.93,5,24269.93,10093.16,399.41,SELL014,SELL014,4.3,4
ORD00371,2025-07-27 18:00:00,Delivered,CUST0207,Male,Nizamabad,Telangana,PROD0051,Men Product 51,Fashion,Men,2,45297.74,5,90595.48,24136.34,402.2,SELL030,SELL030,4.3,5
ORD00371,2025-07-27 18:00:00,Delivered,CUST0207,Male,Nizamabad,Telangana,PROD0030,Haircare Product 30,Beauty,Haircare,2,36603.09,5,73206.18,14634.02,472.71,SELL021,SELL021,4.2,10
ORD00371,2025-07-27 18:00:00,Delivered,CUST0207,Male,Nizamabad,Telangana,PROD0093,Fitness Product 93,Sports,Fitness,1,6160.76,5,6160.76,2038.9,292.47,SELL027,SELL027,3.7,2
ORD00372,2025-12-04 11:00:00,Delivered,CUST0256,Female,Kochi,Kerala,PROD0100,Outdoor Product 100,Sports,Outdoor,1,6153.36,5,6153.36,2061.29,296.76,SELL035,SELL035,4.6,6
ORD00373,2025-11-19 19:00:00,Processing,CUST0291,Female,Kozhikode,Kerala,PROD0051,Men Product 51,Fashion,Men,1,47681.83,0,47681.83,14452.26,81.06,SELL005,SELL005,3.8,
ORD00374,2025-02-23 21:00:00,Delivered,CUST0088,Female,New Delhi,Delhi,PROD0024,Sportswear Product 24,Sports,Sportswear,1,35370.55,20,35370.55,10602.68,163.39,SELL013,SELL013,5.0,7
ORD00375,2025-09-23 00:00:00,Delivered,CUST0189,Female,Nizamabad,Telangana,PROD0015,Sportswear Product 15,Sports,Sportswear,1,6921.76,5,6921.76,2226.25,62.32,SELL009,SELL009,4.2,5
ORD00376,2025-04-16 09:00:00,Delivered,CUST0067,Female,Nizamabad,Telangana,PROD0040,Audio Product 40,Electronics,Audio,1,35659.07,10,35659.07,12395.41,245.71,SELL038,SELL038,4.3,6
ORD00377,2025-02-02 12:00:00,Delivered,CUST0229,Female,Madurai,Tamil Nadu,PROD0063,Audio Product 63,Electronics,Audio,1,13842.53,0,13842.53,3241.61,72.82,SELL030,SELL030,4.3,9
ORD00378,2025-12-25 22:00:00,Shipped,CUST0178,Female,Nizamabad,Telangana,PROD0054,Audio Product 54,Electronics,Audio,2,35530.98,10,71061.96,20284.5,245.18,SELL012,SELL012,4.8,
ORD00378,2025-12-25 22:00:00,Shipped,CUST0178,Female,Nizamabad,Telangana,PROD0032,Furniture Product 32,Home & Kitchen,Furniture,2,43681.85,0,87363.7,38082.84,358.36,SELL012,SELL012,4.8,
ORD00379,2025-05-21 20:00:00,Delivered,CUST0081,Male,Coimbatore,Tamil Nadu,PROD0028,Education Product 28,Books,Education,4,11297.07,5,45188.28,15955.0,497.8,SELL027,SELL027,3.7,10
ORD00379,2025-05-21 20:00:00,Delivered,CUST0081,Male,Coimbatore,Tamil Nadu,PROD0064,Haircare Product 64,Beauty,Haircare,2,35368.08,5,70736.16,11797.88,396.37,SELL005,SELL005,3.8,4
ORD00380,2025-01-14 02:00:00,Delivered,CUST0237,Male,Madurai,Tamil Nadu,PROD0052,Sportswear Product 52,Sports,Sportswear,1,1261.63,0,1261.63,270.24,83.9,SELL013,SELL013,5.0,9
ORD00381,2025-02-04 02:00:00,Delivered,CUST0237,Male,Madurai,Tamil Nadu,PROD0036,Skincare Product 36,Beauty,Skincare,1,47334.06,0,47334.06,18462.64,77.24,SELL011,SELL011,3.8,9
ORD00382,2025-12-13 08:00:00,Delivered,CUST0006,Male,Mangaluru,Karnataka,PROD0087,Furniture Product 87,Home & Kitchen,Furniture,1,35762.76,10,35762.76,8449.39,423.16,SELL035,SELL035,4.6,4
ORD00383,2025-12-20 09:00:00,Delivered,CUST0200,Female,New Delhi,Delhi,PROD0026,Furniture Product 26,Home & Kitchen,Furniture,1,36128.85,0,36128.85,15831.77,72.95,SELL016,SELL016,4.2,7
ORD00384,2025-04-09 21:00:00,Delivered,CUST0173,Female,Mysuru,Karnataka,PROD0086,Sportswear Product 86,Sports,Sportswear,1,13960.74,5,13960.74,4688.04,413.34,SELL011,SELL011,3.8,5
ORD00384,2025-04-09 21:00:00,Delivered,CUST0173,Female,Mysuru,Karnataka,PROD0022,Skincare Product 22,Beauty,Skincare,1,11520.52,0,11520.52,4756.33,127.35,SELL021,SELL021,4.2,4
ORD00385,2025-04-29 06:00:00,Delivered,CUST0062,Female,Thrissur,Kerala,PROD0002,Skincare Product 2,Beauty,Skincare,1,3080.28,0,3080.28,694.42,339.24,SELL025,SELL025,3.9,2
ORD00386,2025-06-04 19:00:00,Delivered,CUST0211,Male,New Delhi,Delhi,PROD0073,Women Product 73,Fashion,Women,3,45268.71,5,135806.13,51670.59,491.27,SELL017,SELL017,3.6,7
ORD00386,2025-06-04 19:00:00,Delivered,CUST0211,Male,New Delhi,Delhi,PROD0022,Skincare Product 22,Beauty,Skincare,2,9216.42,20,18432.84,4904.46,356.05,SELL025,SELL025,3.9,4
ORD00387,2025-02-04 10:00:00,Delivered,CUST0247,Female,Warangal,Telangana,PROD0095,Furniture Product 95,Home & Kitchen,Furniture,1,34602.43,10,34602.43,12117.05,36.25,SELL015,SELL015,3.9,10
ORD00388,2025-06-08 07:00:00,Delivered,CUST0064,Male,Madurai,Tamil Nadu,PROD0048,Sportswear Product 48,Sports,Sportswear,1,12286.42,0,12286.42,5052.6,126.06,SELL032,SELL032,3.9,6
ORD00389,2025-06-18 04:00:00,Delivered,CUST0228,Male,New Delhi,Delhi,PROD0054,Audio Product 54,Electronics,Audio,2,39478.87,0,78957.74,28180.28,374.45,SELL019,SELL019,4.9,10
ORD00390,2025-11-08 12:00:00,Delivered,CUST0114,Male,Mangaluru,Karnataka,PROD0063,Audio Product 63,Electronics,Audio,3,13842.53,0,41527.59,9724.83,496.25,SELL005,SELL005,3.8,10
ORD00391,2025-05-01 16:00:00,Delivered,CUST0105,Female,Hyderabad,Telangana,PROD0032,Furniture Product 32,Home & Kitchen,Furniture,1,43681.85,0,43681.85,19041.42,300.92,SELL012,SELL012,4.8,9
ORD00391,2025-05-01 16:00:00,Delivered,CUST0105,Female,Hyderabad,Telangana,PROD0055,Technology Product 55,Books,Technology,1,28355.2,10,28355.2,4464.2,67.61,SELL013,SELL013,5.0,5
ORD00392,2025-09-16 19:00:00,Delivered,CUST0217,Male,Vadodara,Gujarat,PROD0003,Smartphones Product 3,Electronics,Smartphones,1,30846.67,0,30846.67,9657.84,456.03,SELL025,SELL025,3.9,7
ORD00392,2025-09-16 19:00:00,Delivered,CUST0217,Male,Vadodara,Gujarat,PROD0098,Appliances Product 98,Home & Kitchen,Appliances,1,47387.29,0,47387.29,14685.21,371.52,SELL020,SELL020,4.6,10
ORD00393,2025-11-07 15:00:00,Delivered,CUST0288,Female,Warangal,Telangana,PROD0025,Women Product 25,Fashion,Women,1,28464.86,5,28464.86,10737.3,370.91,SELL001,SELL001,4.5,9
ORD00394,2025-07-11 12:00:00,Delivered,CUST0203,Female,Kochi,Kerala,PROD0005,Accessories Product 5,Electronics,Accessories,1,43201.48,5,43201.48,11171.12,121.29,SELL008,SELL008,3.9,4
ORD00395,2025-12-30 15:00:00,Delivered,CUST0261,Female,Surat,Gujarat,PROD0055,Technology Product 55,Books,Technology,1,31505.78,0,31505.78,7614.78,412.17,SELL016,SELL016,4.2,9
ORD00396,2025-11-06 14:00:00,Cancelled,CUST0134,Female,Tirupati,Andhra Pradesh,PROD0085,Audio Product 85,Electronics,Audio,1,30127.53,10,30127.53,5303.25,332.87,SELL011,SELL011,3.8,
ORD00397,2025-04-07 13:00:00,Delivered,CUST0266,Female,Nizamabad,Telangana,PROD0069,Education Product 69,Books,Education,1,13948.35,10,13948.35,2902.68,383.66,SELL025,SELL025,3.9,4
ORD00398,2025-11-22 18:00:00,Shipped,CUST0056,Male,Nizamabad,Telangana,PROD0096,Fitness Product 96,Sports,Fitness,1,41611.69,0,41611.69,12904.3,261.11,SELL020,SELL020,4.6,
ORD00398,2025-11-22 18:00:00,Shipped,CUST0056,Male,Nizamabad,Telangana,PROD0051,Men Product 51,Fashion,Men,1,42913.65,10,42913.65,9684.08,276.73,SELL007,SELL007,4.3,
ORD00399,2025-04-01 11:00:00,Delivered,CUST0088,Female,New Delhi,Delhi,PROD0015,Sportswear Product 15,Sports,Sportswear,1,7286.06,0,7286.06,2590.55,124.44,SELL029,SELL029,3.6,5
ORD00400,2025-05-13 13:00:00,Delivered,CUST0099,Male,Kozhikode,Kerala,PROD0011,Haircare Product 11,Beauty,Haircare,1,38779.62,0,38779.62,10342.43,60.2,SELL019,SELL019,4.9,5
ORD00401,2025-02-01 08:00:00,Delivered,CUST0005,Male,Ahmedabad,Gujarat,PROD0013,Education Product 13,Books,Education,1,11509.05,20,11509.05,785.38,387.84,SELL025,SELL025,3.9,7
ORD00401,2025-02-01 08:00:00,Delivered,CUST0005,Male,Ahmedabad,Gujarat,PROD0028,Education Product 28,Books,Education,1,11891.65,0,11891.65,4583.33,231.84,SELL032,SELL032,3.9,9
ORD00401,2025-02-01 08:00:00,Delivered,CUST0005,Male,Ahmedabad,Gujarat,PROD0067,Accessories Product 67,Electronics,Accessories,2,4176.62,0,8353.24,2400.2,178.16,SELL024,SELL024,4.4,2
ORD00401,2025-02-01 08:00:00,Delivered,CUST0005,Male,Ahmedabad,Gujarat,PROD0001,Audio Product 1,Electronics,Audio,3,22941.01,10,68823.03,20355.54,207.86,SELL016,SELL016,4.2,4
ORD00402,2025-08-22 22:00:00,Delivered,CUST0002,Male,Mangaluru,Karnataka,PROD0016,Technology Product 16,Books,Technology,1,29872.1,10,29872.1,10461.31,413.07,SELL034,SELL034,4.7,6
ORD00403,2025-07-31 21:00:00,Delivered,CUST0264,Male,Kochi,Kerala,PROD0003,Smartphones Product 3,Electronics,Smartphones,2,24677.34,20,49354.68,6977.02,375.83,SELL024,SELL024,4.4,2
ORD00403,2025-07-31 21:00:00,Delivered,CUST0264,Male,Kochi,Kerala,PROD0082,Skincare Product 82,Beauty,Skincare,1,47328.2,5,47328.2,16086.32,377.43,SELL029,SELL029,3.6,5
ORD00404,2025-07-17 09:00:00,Delivered,CUST0052,Male,Thrissur,Kerala,PROD0092,Makeup Product 92,Beauty,Makeup,1,18618.35,10,18618.35,4953.57,171.63,SELL003,SELL003,4.7,10
ORD00404,2025-07-17 09:00:00,Delivered,CUST0052,Male,Thrissur,Kerala,PROD0065,Haircare Product 65,Beauty,Haircare,4,46258.11,5,185032.44,51813.96,451.31,SELL036,SELL036,4.3,8
ORD00405,2025-03-29 21:00:00,Delivered,CUST0109,Female,Kochi,Kerala,PROD0042,Education Product 42,Books,Education,2,22567.92,0,45135.84,20247.14,151.09,SELL025,SELL025,3.9,8
ORD00406,2025-12-07 04:00:00,Processing,CUST0064,Male,Madurai,Tamil Nadu,PROD0043,Smartphones Product 43,Electronics,Smartphones,2,11684.0,10,23368.0,3234.14,332.67,SELL037,SELL037,3.6,
ORD00406,2025-12-07 04:00:00,Processing,CUST0064,Male,Madurai,Tamil Nadu,PROD0029,Skincare Product 29,Beauty,Skincare,3,16695.08,10,50085.24,5246.43,370.76,SELL025,SELL025,3.9,
ORD00407,2025-04-30 07:00:00,Delivered,CUST0224,Female,Warangal,Telangana,PROD0076,Makeup Product 76,Beauty,Makeup,2,1861.17,0,3722.34,1520.84,202.84,SELL013,SELL013,5.0,5
ORD00408,2025-01-01 09:00:00,Delivered,CUST0296,Male,Chennai,Tamil Nadu,PROD0041,Accessories Product 41,Fashion,Accessories,1,31391.62,10,31391.62,10900.77,134.41,SELL009,SELL009,4.2,10
ORD00408,2025-01-01 09:00:00,Delivered,CUST0296,Male,Chennai,Tamil Nadu,PROD0099,Men Product 99,Fashion,Men,1,10809.97,15,10809.97,1634.65,178.49,SELL026,SELL026,4.3,6
ORD00408,2025-01-01 09:00:00,Delivered,CUST0296,Male,Chennai,Tamil Nadu,PROD0047,Accessories Product 47,Electronics,Accessories,2,28440.88,5,56881.76,23684.52,244.22,SELL019,SELL019,4.9,8
ORD00409,2025-06-08 16:00:00,Returned,CUST0164,Male,Madurai,Tamil Nadu,PROD0062,Fiction Product 62,Books,Fiction,1,13035.62,10,13035.62,1697.86,207.05,SELL014,SELL014,4.3,
ORD00409,2025-06-08 16:00:00,Returned,CUST0164,Male,Madurai,Tamil Nadu,PROD0081,Fitness Product 81,Sports,Fitness,1,11946.05,10,11946.05,3712.86,428.59,SELL022,SELL022,3.5,
ORD00410,2025-07-20 09:00:00,Returned,CUST0250,Male,New Delhi,Delhi,PROD0071,Audio Product 71,Electronics,Audio,4,27754.97,10,111019.88,28688.28,213.8,SELL031,SELL031,3.6,
ORD00410,2025-07-20 09:00:00,Returned,CUST0250,Male,New Delhi,Delhi,PROD0051,Men Product 51,Fashion,Men,2,47681.83,0,95363.66,28904.52,463.84,SELL034,SELL034,4.7,
ORD00410,2025-07-20 09:00:00,Returned,CUST0250,Male,New Delhi,Delhi,PROD0044,Sportswear Product 44,Sports,Sportswear,1,30541.78,0,30541.78,10253.52,383.57,SELL036,SELL036,4.3,
ORD00410,2025-07-20 09:00:00,Returned,CUST0250,Male,New Delhi,Delhi,PROD0055,Technology Product 55,Books,Technology,2,31505.78,0,63011.56,15229.56,469.25,SELL038,SELL038,4.3,
ORD00411,2025-05-30 04:00:00,Delivered,CUST0248,Male,Mumbai,Maharashtra,PROD0047,Accessories Product 47,Electronics,Accessories,1,26943.99,10,26943.99,10345.37,433.46,SELL037,SELL037,3.6,6
ORD00412,2025-01-29 03:00:00,Delivered,CUST0087,Male,Mumbai,Maharashtra,PROD0066,Haircare Product 66,Beauty,Haircare,1,36987.56,20,36987.56,5076.34,324.68,SELL022,SELL022,3.5,10
ORD00413,2025-12-19 19:00:00,Cancelled,CUST0155,Female,Mumbai,Maharashtra,PROD0086,Sportswear Product 86,Sports,Sportswear,2,12491.19,15,24982.38,6436.98,335.65,SELL006,SELL006,4.5,
ORD00413,2025-12-19 19:00:00,Cancelled,CUST0155,Female,Mumbai,Maharashtra,PROD0085,Audio Product 85,Electronics,Audio,1,31801.28,5,31801.28,6977.0,35.45,SELL018,SELL018,4.1,
ORD00414,2025-01-12 18:00:00,Delivered,CUST0116,Female,Vadodara,Gujarat,PROD0076,Makeup Product 76,Beauty,Makeup,1,1675.05,10,1675.05,574.3,233.82,SELL025,SELL025,3.9,6
ORD00414,2025-01-12 18:00:00,Delivered,CUST0116,Female,Vadodara,Gujarat,PROD0024,Sportswear Product 24,Sports,Sportswear,1,44213.19,0,44213.19,19445.32,365.47,SELL037,SELL037,3.6,6
ORD00415,2025-10-12 17:00:00,Shipped,CUST0202,Female,New Delhi,Delhi,PROD0069,Education Product 69,Books,Education,2,15498.17,0,30996.34,8905.0,339.53,SELL008,SELL008,3.9,
ORD00415,2025-10-12 17:00:00,Shipped,CUST0202,Female,New Delhi,Delhi,PROD0092,Makeup Product 92,Beauty,Makeup,1,19652.71,5,19652.71,5987.93,114.57,SELL008,SELL008,3.9,
ORD00416,2025-01-21 04:00:00,Delivered,CUST0063,Other,Kozhikode,Kerala,PROD0097,Women Product 97,Fashion,Women,1,8307.86,0,8307.86,1641.81,170.33,SELL003,SELL003,4.7,4
ORD00417,2025-06-03 01:00:00,Cancelled,CUST0128,Male,Hyderabad,Telangana,PROD0057,Women Product 57,Fashion,Women,1,37405.43,10,37405.43,6863.3,275.65,SELL009,SELL009,4.2,
ORD00418,2025-12-06 01:00:00,Delivered,CUST0051,Male,Mysuru,Karnataka,PROD0018,Women Product 18,Fashion,Women,1,31908.88,5,31908.88,5917.63,90.39,SELL036,SELL036,4.3,9
ORD00418,2025-12-06 01:00:00,Delivered,CUST0051,Male,Mysuru,Karnataka,PROD0078,Fitness Product 78,Sports,Fitness,1,25261.1,5,25261.1,7778.58,152.52,SELL040,SELL040,4.9,5
ORD00419,2025-12-22 04:00:00,Delivered,CUST0218,Male,Surat,Gujarat,PROD0090,Makeup Product 90,Beauty,Makeup,1,6035.51,10,6035.51,746.08,270.37,SELL024,SELL024,4.4,10
ORD00419,2025-12-22 04:00:00,Delivered,CUST0218,Male,Surat,Gujarat,PROD0083,Skincare Product 83,Beauty,Skincare,1,6351.21,0,6351.21,1395.6,496.45,SELL011,SELL011,3.8,5
ORD00419,2025-12-22 04:00:00,Delivered,CUST0218,Male,Surat,Gujarat,PROD0025,Women Product 25,Fashion,Women,1,23970.41,20,23970.41,6242.85,146.32,SELL028,SELL028,4.0,7
ORD00419,2025-12-22 04:00:00,Delivered,CUST0218,Male,Surat,Gujarat,PROD0092,Makeup Product 92,Beauty,Makeup,1,20687.06,0,20687.06,7022.28,287.73,SELL018,SELL018,4.1,8
ORD00420,2025-03-16 07:00:00,Delivered,CUST0140,Female,Thrissur,Kerala,PROD0014,Technology Product 14,Books,Technology,1,39326.09,10,39326.09,11360.53,174.08,SELL008,SELL008,3.9,7
ORD00421,2025-10-10 08:00:00,Delivered,CUST0145,Female,Nagpur,Maharashtra,PROD0050,Skincare Product 50,Beauty,Skincare,1,28307.1,15,28307.1,9220.93,219.25,SELL035,SELL035,4.6,4
ORD00421,2025-10-10 08:00:00,Delivered,CUST0145,Female,Nagpur,Maharashtra,PROD0024,Sportswear Product 24,Sports,Sportswear,1,44213.19,0,44213.19,19445.32,271.38,SELL038,SELL038,4.3,5
ORD00421,2025-10-10 08:00:00,Delivered,CUST0145,Female,Nagpur,Maharashtra,PROD0045,Women Product 45,Fashion,Women,2,15232.27,0,30464.54,13316.28,296.75,SELL010,SELL010,4.2,3
ORD00422,2025-12-29 07:00:00,Delivered,CUST0190,Female,Mysuru,Karnataka,PROD0046,Makeup Product 46,Beauty,Makeup,1,39746.48,0,39746.48,12980.38,231.05,SELL030,SELL030,4.3,10
ORD00423,2025-06-06 20:00:00,Shipped,CUST0118,Female,Surat,Gujarat,PROD0012,Audio Product 12,Electronics,Audio,1,3529.11,0,3529.11,1498.05,74.01,SELL006,SELL006,4.5,
ORD00424,2025-08-06 21:00:00,Delivered,CUST0006,Male,Mangaluru,Karnataka,PROD0087,Furniture Product 87,Home & Kitchen,Furniture,2,37749.58,5,75499.16,20872.42,319.65,SELL035,SELL035,4.6,10
ORD00425,2025-12-26 17:00:00,Delivered,CUST0218,Male,Surat,Gujarat,PROD0068,Appliances Product 68,Home & Kitchen,Appliances,1,12984.22,20,12984.22,3706.7,347.03,SELL003,SELL003,4.7,8
ORD00425,2025-12-26 17:00:00,Delivered,CUST0218,Male,Surat,Gujarat,PROD0088,Laptops Product 88,Electronics,Laptops,3,39655.27,0,118965.81,45930.48,202.51,SELL034,SELL034,4.7,9
ORD00425,2025-12-26 17:00:00,Delivered,CUST0218,Male,Surat,Gujarat,PROD0078,Fitness Product 78,Sports,Fitness,1,21272.5,20,21272.5,3789.98,228.68,SELL009,SELL009,4.2,8
ORD00426,2025-03-02 09:00:00,Delivered,CUST0277,Male,Thrissur,Kerala,PROD0073,Women Product 73,Fashion,Women,3,40503.58,15,121510.74,37375.2,480.79,SELL014,SELL014,4.3,4
ORD00426,2025-03-02 09:00:00,Delivered,CUST0277,Male,Thrissur,Kerala,PROD0051,Men Product 51,Fashion,Men,2,47681.83,0,95363.66,28904.52,247.64,SELL033,SELL033,5.0,4
ORD00427,2025-06-02 11:00:00,Delivered,CUST0169,Male,Mumbai,Maharashtra,PROD0002,Skincare Product 2,Beauty,Skincare,1,3080.28,0,3080.28,694.42,278.68,SELL007,SELL007,4.3,9
ORD00428,2025-12-03 08:00:00,Delivered,CUST0080,Female,Hyderabad,Telangana,PROD0024,Sportswear Product 24,Sports,Sportswear,2,44213.19,0,88426.38,38890.64,236.13,SELL035,SELL035,4.6,5
ORD00429,2025-07-03 22:00:00,Delivered,CUST0003,Male,Ahmedabad,Gujarat,PROD0096,Fitness Product 96,Sports,Fitness,3,41611.69,0,124835.07,38712.9,123.53,SELL022,SELL022,3.5,7
ORD00430,2025-10-09 15:00:00,Shipped,CUST0251,Male,Vadodara,Gujarat,PROD0052,Sportswear Product 52,Sports,Sportswear,1,1009.3,20,1009.3,17.91,402.58,SELL025,SELL025,3.9,
ORD00430,2025-10-09 15:00:00,Shipped,CUST0251,Male,Vadodara,Gujarat,PROD0065,Haircare Product 65,Beauty,Haircare,1,46258.11,5,46258.11,12953.49,390.67,SELL009,SELL009,4.2,
ORD00431,2025-09-03 09:00:00,Delivered,CUST0223,Male,Mangaluru,Karnataka,PROD0094,Accessories Product 94,Electronics,Accessories,1,23425.2,0,23425.2,7269.14,84.06,SELL033,SELL033,5.0,5
ORD00432,2025-08-31 22:00:00,Shipped,CUST0102,Other,Hyderabad,Telangana,PROD0025,Women Product 25,Fashion,Women,1,29963.01,0,29963.01,12235.45,86.62,SELL038,SELL038,4.3,
ORD00433,2025-01-10 19:00:00,Delivered,CUST0219,Other,New Delhi,Delhi,PROD0090,Makeup Product 90,Beauty,Makeup,1,6370.81,5,6370.81,1081.38,58.83,SELL015,SELL015,3.9,5
ORD00434,2025-06-29 22:00:00,Delivered,CUST0144,Male,Kochi,Kerala,PROD0007,Accessories Product 7,Electronics,Accessories,1,5129.26,5,5129.26,848.95,456.99,SELL021,SELL021,4.2,6
ORD00435,2025-06-05 03:00:00,Delivered,CUST0172,Female,Mysuru,Karnataka,PROD0043,Smartphones Product 43,Electronics,Smartphones,2,12333.11,5,24666.22,4532.36,314.22,SELL024,SELL024,4.4,2
ORD00435,2025-06-05 03:00:00,Delivered,CUST0172,Female,Mysuru,Karnataka,PROD0047,Accessories Product 47,Electronics,Accessories,2,29937.77,0,59875.54,26678.3,210.5,SELL016,SELL016,4.2,8
ORD00436,2025-10-28 20:00:00,Shipped,CUST0022,Female,Kochi,Kerala,PROD0070,Skincare Product 70,Beauty,Skincare,1,31109.22,10,31109.22,8817.12,495.13,SELL040,SELL040,4.9,
ORD00437,2025-03-07 06:00:00,Delivered,CUST0023,Male,Mangaluru,Karnataka,PROD0072,Fiction Product 72,Books,Fiction,1,3584.97,10,3584.97,708.52,458.1,SELL024,SELL024,4.4,4
ORD00437,2025-03-07 06:00:00,Delivered,CUST0023,Male,Mangaluru,Karnataka,PROD0045,Women Product 45,Fashion,Women,1,14470.66,5,14470.66,5896.53,477.65,SELL005,SELL005,3.8,2
ORD00438,2025-01-24 18:00:00,Delivered,CUST0149,Male,Visakhapatnam,Andhra Pradesh,PROD0064,Haircare Product 64,Beauty,Haircare,2,29783.65,20,59567.3,629.02,107.79,SELL035,SELL035,4.6,3
ORD00438,2025-01-24 18:00:00,Delivered,CUST0149,Male,Visakhapatnam,Andhra Pradesh,PROD0088,Laptops Product 88,Electronics,Laptops,1,35689.74,10,35689.74,11344.63,218.4,SELL033,SELL033,5.0,8
ORD00439,2025-09-20 14:00:00,Delivered,CUST0005,Male,Ahmedabad,Gujarat,PROD0038,Makeup Product 38,Beauty,Makeup,1,18854.58,0,18854.58,6518.69,51.44,SELL018,SELL018,4.1,8
ORD00439,2025-09-20 14:00:00,Delivered,CUST0005,Male,Ahmedabad,Gujarat,PROD0091,Audio Product 91,Electronics,Audio,1,18052.61,10,18052.61,3137.7,472.76,SELL016,SELL016,4.2,5
ORD00440,2025-04-18 17:00:00,Delivered,CUST0128,Male,Hyderabad,Telangana,PROD0042,Education Product 42,Books,Education,1,22567.92,0,22567.92,10123.57,452.22,SELL036,SELL036,4.3,5
ORD00440,2025-04-18 17:00:00,Delivered,CUST0128,Male,Hyderabad,Telangana,PROD0011,Haircare Product 11,Beauty,Haircare,1,38779.62,0,38779.62,10342.43,413.48,SELL019,SELL019,4.9,6
ORD00440,2025-04-18 17:00:00,Delivered,CUST0128,Male,Hyderabad,Telangana,PROD0091,Audio Product 91,Electronics,Audio,1,16046.77,20,16046.77,1131.86,113.07,SELL023,SELL023,4.2,2
ORD00441,2025-12-19 12:00:00,Cancelled,CUST0055,Female,Kozhikode,Kerala,PROD0027,Women Product 27,Fashion,Women,1,48487.03,0,48487.03,13825.55,303.38,SELL029,SELL029,3.6,
ORD00442,2025-08-17 07:00:00,Delivered,CUST0080,Female,Hyderabad,Telangana,PROD0064,Haircare Product 64,Beauty,Haircare,1,31645.13,15,31645.13,2175.99,112.77,SELL012,SELL012,4.8,3
ORD00443,2025-11-28 09:00:00,Delivered,CUST0093,Male,Nagpur,Maharashtra,PROD0078,Fitness Product 78,Sports,Fitness,1,26590.63,0,26590.63,9108.11,145.27,SELL013,SELL013,5.0,6
ORD00444,2025-09-27 04:00:00,Delivered,CUST0052,Male,Thrissur,Kerala,PROD0003,Smartphones Product 3,Electronics,Smartphones,2,27762.0,10,55524.0,13146.34,332.91,SELL008,SELL008,3.9,4
ORD00445,2025-01-05 03:00:00,Delivered,CUST0007,Male,Coimbatore,Tamil Nadu,PROD0018,Women Product 18,Fashion,Women,2,28550.05,15,57100.1,5117.6,413.27,SELL031,SELL031,3.6,3
ORD00446,2025-11-18 17:00:00,Delivered,CUST0137,Male,Kochi,Kerala,PROD0066,Haircare Product 66,Beauty,Haircare,1,39299.28,15,39299.28,7388.06,41.28,SELL027,SELL027,3.7,7
ORD00447,2025-12-18 22:00:00,Shipped,CUST0197,Male,Kochi,Kerala,PROD0014,Technology Product 14,Books,Technology,1,39326.09,10,39326.09,11360.53,85.62,SELL019,SELL019,4.9,
ORD00448,2025-11-06 04:00:00,Delivered,CUST0023,Male,Mangaluru,Karnataka,PROD0020,Education Product 20,Books,Education,1,25547.3,0,25547.3,11370.53,441.44,SELL020,SELL020,4.6,8
ORD00449,2025-01-02 04:00:00,Shipped,CUST0040,Male,Tirupati,Andhra Pradesh,PROD0062,Fiction Product 62,Books,Fiction,1,13759.82,5,13759.82,2422.06,371.55,SELL005,SELL005,3.8,
ORD00450,2025-06-13 15:00:00,Delivered,CUST0181,Male,Thrissur,Kerala,PROD0043,Smartphones Product 43,Electronics,Smartphones,1,12333.11,5,12333.11,2266.18,283.21,SELL016,SELL016,4.2,5
ORD00450,2025-06-13 15:00:00,Delivered,CUST0181,Male,Thrissur,Kerala,PROD0018,Women Product 18,Fashion,Women,1,28550.05,15,28550.05,2558.8,210.77,SELL032,SELL032,3.9,6
ORD00451,2025-05-01 11:00:00,Delivered,CUST0045,Male,Vijayawada,Andhra Pradesh,PROD0018,Women Product 18,Fashion,Women,1,33588.29,0,33588.29,7597.04,428.91,SELL008,SELL008,3.9,7
ORD00452,2025-08-24 04:00:00,Shipped,CUST0151,Female,New Delhi,Delhi,PROD0027,Women Product 27,Fashion,Women,1,48487.03,0,48487.03,13825.55,482.16,SELL015,SELL015,3.9,
ORD00453,2025-01-28 22:00:00,Delivered,CUST0191,Other,Vijayawada,Andhra Pradesh,PROD0021,Women Product 21,Fashion,Women,1,47570.67,0,47570.67,17017.56,145.17,SELL002,SELL002,4.5,4
ORD00454,2025-03-18 05:00:00,Delivered,CUST0214,Male,Kozhikode,Kerala,PROD0061,Makeup Product 61,Beauty,Makeup,1,21421.48,10,21421.48,8095.24,36.21,SELL022,SELL022,3.5,8
ORD00454,2025-03-18 05:00:00,Delivered,CUST0214,Male,Kozhikode,Kerala,PROD0053,Accessories Product 53,Electronics,Accessories,1,41698.2,15,41698.2,11357.33,45.1,SELL008,SELL008,3.9,5
ORD00454,2025-03-18 05:00:00,Delivered,CUST0214,Male,Kozhikode,Kerala,PROD0093,Fitness Product 93,Sports,Fitness,1,6485.01,0,6485.01,2363.15,421.36,SELL012,SELL012,4.8,8
ORD00455,2025-12-31 08:00:00,Processing,CUST0284,Male,Pune,Maharashtra,PROD0021,Women Product 21,Fashion,Women,3,45192.14,5,135576.42,43917.09,489.63,SELL018,SELL018,4.1,
ORD00456,2025-04-05 23:00:00,Returned,CUST0201,Female,Mysuru,Karnataka,PROD0062,Fiction Product 62,Books,Fiction,2,14484.02,0,28968.04,6292.52,407.57,SELL026,SELL026,4.3,
ORD00456,2025-04-05 23:00:00,Returned,CUST0201,Female,Mysuru,Karnataka,PROD0041,Accessories Product 41,Fashion,Accessories,1,34879.58,0,34879.58,14388.73,66.57,SELL028,SELL028,4.0,
ORD00457,2025-05-03 09:00:00,Delivered,CUST0015,Male,Mysuru,Karnataka,PROD0040,Audio Product 40,Electronics,Audio,1,35659.07,10,35659.07,12395.41,45.21,SELL013,SELL013,5.0,4
ORD00458,2025-01-23 18:00:00,Returned,CUST0290,Male,Mumbai,Maharashtra,PROD0040,Audio Product 40,Electronics,Audio,4,35659.07,10,142636.28,49581.64,480.61,SELL001,SELL001,4.5,
ORD00459,2025-12-26 21:00:00,Delivered,CUST0067,Female,Nizamabad,Telangana,PROD0100,Outdoor Product 100,Sports,Outdoor,1,5829.5,10,5829.5,1737.43,254.17,SELL010,SELL010,4.2,10
ORD00460,2025-11-17 02:00:00,Cancelled,CUST0041,Male,Madurai,Tamil Nadu,PROD0019,Technology Product 19,Books,Technology,4,43362.08,5,173448.32,68424.04,496.37,SELL011,SELL011,3.8,
ORD00460,2025-11-17 02:00:00,Cancelled,CUST0041,Male,Madurai,Tamil Nadu,PROD0099,Men Product 99,Fashion,Men,2,10809.97,15,21619.94,3269.3,190.47,SELL039,SELL039,4.8,
ORD00461,2025-12-31 21:00:00,Delivered,CUST0021,Other,New Delhi,Delhi,PROD0020,Education Product 20,Books,Education,1,24269.93,5,24269.93,10093.16,408.22,SELL037,SELL037,3.6,10
ORD00462,2025-02-14 15:00:00,Delivered,CUST0281,Male,New Delhi,Delhi,PROD0036,Skincare Product 36,Beauty,Skincare,1,47334.06,0,47334.06,18462.64,114.22,SELL037,SELL037,3.6,8
ORD00463,2025-11-29 04:00:00,Cancelled,CUST0227,Male,Mumbai,Maharashtra,PROD0037,Haircare Product 37,Beauty,Haircare,1,41886.88,10,41886.88,11075.72,349.87,SELL026,SELL026,4.3,
ORD00464,2025-02-12 21:00:00,Delivered,CUST0192,Female,Tirupati,Andhra Pradesh,PROD0006,Appliances Product 6,Home & Kitchen,Appliances,2,28831.59,5,57663.18,16062.58,102.64,SELL016,SELL016,4.2,4
ORD00464,2025-02-12 21:00:00,Delivered,CUST0192,Female,Tirupati,Andhra Pradesh,PROD0080,Fiction Product 80,Books,Fiction,1,25077.44,0,25077.44,8664.59,217.66,SELL007,SELL007,4.3,5
ORD00464,2025-02-12 21:00:00,Delivered,CUST0192,Female,Tirupati,Andhra Pradesh,PROD0083,Skincare Product 83,Beauty,Skincare,1,5398.53,15,5398.53,442.92,344.5,SELL005,SELL005,3.8,5
ORD00464,2025-02-12 21:00:00,Delivered,CUST0192,Female,Tirupati,Andhra Pradesh,PROD0008,Men Product 8,Fashion,Men,1,22816.18,10,22816.18,7691.82,453.06,SELL023,SELL023,4.2,7
ORD00465,2025-04-13 12:00:00,Delivered,CUST0222,Female,New Delhi,Delhi,PROD0090,Makeup Product 90,Beauty,Makeup,1,6370.81,5,6370.81,1081.38,286.19,SELL031,SELL031,3.6,9
ORD00466,2025-11-04 12:00:00,Delivered,CUST0017,Male,Warangal,Telangana,PROD0028,Education Product 28,Books,Education,1,10702.49,10,10702.49,3394.17,69.29,SELL028,SELL028,4.0,2
ORD00466,2025-11-04 12:00:00,Delivered,CUST0017,Male,Warangal,Telangana,PROD0007,Accessories Product 7,Electronics,Accessories,1,5399.22,0,5399.22,1118.91,440.67,SELL005,SELL005,3.8,6
ORD00466,2025-11-04 12:00:00,Delivered,CUST0017,Male,Warangal,Telangana,PROD0003,Smartphones Product 3,Electronics,Smartphones,2,29304.34,5,58608.68,16231.02,344.73,SELL029,SELL029,3.6,6
ORD00467,2025-08-08 10:00:00,Cancelled,CUST0048,Male,Kozhikode,Kerala,PROD0062,Fiction Product 62,Books,Fiction,3,13759.82,5,41279.46,7266.18,458.92,SELL011,SELL011,3.8,
ORD00467,2025-08-08 10:00:00,Cancelled,CUST0048,Male,Kozhikode,Kerala,PROD0061,Makeup Product 61,Beauty,Makeup,1,23801.64,0,23801.64,10475.4,398.04,SELL037,SELL037,3.6,
ORD00467,2025-08-08 10:00:00,Cancelled,CUST0048,Male,Kozhikode,Kerala,PROD0069,Education Product 69,Books,Education,1,13948.35,10,13948.35,2902.68,301.89,SELL039,SELL039,4.8,
ORD00468,2025-03-19 14:00:00,Cancelled,CUST0008,Female,New Delhi,Delhi,PROD0087,Furniture Product 87,Home & Kitchen,Furniture,1,39736.4,0,39736.4,12423.03,241.76,SELL017,SELL017,3.6,
ORD00468,2025-03-19 14:00:00,Cancelled,CUST0008,Female,New Delhi,Delhi,PROD0053,Accessories Product 53,Electronics,Accessories,1,44151.04,10,44151.04,13810.17,301.84,SELL009,SELL009,4.2,
ORD00469,2025-08-04 22:00:00,Delivered,CUST0097,Male,Mumbai,Maharashtra,PROD0025,Women Product 25,Fashion,Women,3,28464.86,5,85394.58,32211.9,200.98,SELL037,SELL037,3.6,6
ORD00470,2025-11-29 14:00:00,Delivered,CUST0256,Female,Kochi,Kerala,PROD0098,Appliances Product 98,Home & Kitchen,Appliances,1,47387.29,0,47387.29,14685.21,231.34,SELL022,SELL022,3.5,7
ORD00471,2025-12-04 22:00:00,Delivered,CUST0146,Female,Nizamabad,Telangana,PROD0013,Education Product 13,Books,Education,1,12947.68,10,12947.68,2224.01,223.3,SELL006,SELL006,4.5,7
ORD00471,2025-12-04 22:00:00,Delivered,CUST0146,Female,Nizamabad,Telangana,PROD0012,Audio Product 12,Electronics,Audio,2,3176.2,10,6352.4,2290.28,286.02,SELL032,SELL032,3.9,3
ORD00471,2025-12-04 22:00:00,Delivered,CUST0146,Female,Nizamabad,Telangana,PROD0014,Technology Product 14,Books,Technology,1,37141.31,15,37141.31,9175.75,343.82,SELL029,SELL029,3.6,6
ORD00472,2025-02-28 06:00:00,Shipped,CUST0196,Male,Mumbai,Maharashtra,PROD0060,Kitchen Product 60,Home & Kitchen,Kitchen,1,15153.35,5,15153.35,5044.94,135.25,SELL026,SELL026,4.3,
ORD00472,2025-02-28 06:00:00,Shipped,CUST0196,Male,Mumbai,Maharashtra,PROD0053,Accessories Product 53,Electronics,Accessories,1,44151.04,10,44151.04,13810.17,174.48,SELL019,SELL019,4.9,
ORD00473,2025-01-03 13:00:00,Delivered,CUST0124,Male,Pune,Maharashtra,PROD0067,Accessories Product 67,Electronics,Accessories,1,4176.62,0,4176.62,1200.1,298.93,SELL039,SELL039,4.8,5
ORD00473,2025-01-03 13:00:00,Delivered,CUST0124,Male,Pune,Maharashtra,PROD0095,Furniture Product 95,Home & Kitchen,Furniture,1,30757.71,20,30757.71,8272.33,120.55,SELL028,SELL028,4.0,6
ORD00474,2025-08-08 04:00:00,Cancelled,CUST0296,Male,Chennai,Tamil Nadu,PROD0041,Accessories Product 41,Fashion,Accessories,1,34879.58,0,34879.58,14388.73,363.71,SELL034,SELL034,4.7,
ORD00475,2025-10-11 05:00:00,Cancelled,CUST0134,Female,Tirupati,Andhra Pradesh,PROD0081,Fitness Product 81,Sports,Fitness,1,11946.05,10,11946.05,3712.86,285.53,SELL038,SELL038,4.3,
ORD00476,2025-11-21 20:00:00,Shipped,CUST0233,Male,Coimbatore,Tamil Nadu,PROD0025,Women Product 25,Fashion,Women,2,26966.71,10,53933.42,18478.3,409.34,SELL035,SELL035,4.6,
ORD00477,2025-11-18 00:00:00,Delivered,CUST0074,Male,Vadodara,Gujarat,PROD0077,Haircare Product 77,Beauty,Haircare,1,18757.67,0,18757.67,4576.26,450.46,SELL008,SELL008,3.9,6
ORD00478,2025-02-21 15:00:00,Shipped,CUST0201,Female,Mysuru,Karnataka,PROD0027,Women Product 27,Fashion,Women,1,48487.03,0,48487.03,13825.55,456.9,SELL027,SELL027,3.7,
ORD00479,2025-11-20 19:00:00,Shipped,CUST0291,Female,Kozhikode,Kerala,PROD0079,Education Product 79,Books,Education,1,12668.18,0,12668.18,5312.64,378.6,SELL039,SELL039,4.8,
ORD00480,2025-09-20 04:00:00,Delivered,CUST0266,Female,Nizamabad,Telangana,PROD0018,Women Product 18,Fashion,Women,1,30229.46,10,30229.46,4238.21,89.49,SELL015,SELL015,3.9,4
ORD00481,2025-08-28 23:00:00,Shipped,CUST0151,Female,New Delhi,Delhi,PROD0033,Haircare Product 33,Beauty,Haircare,3,27838.4,0,83515.2,35268.54,402.78,SELL018,SELL018,4.1,
ORD00481,2025-08-28 23:00:00,Shipped,CUST0151,Female,New Delhi,Delhi,PROD0023,Audio Product 23,Electronics,Audio,1,38034.28,10,38034.28,13637.06,478.27,SELL038,SELL038,4.3,
ORD00481,2025-08-28 23:00:00,Shipped,CUST0151,Female,New Delhi,Delhi,PROD0026,Furniture Product 26,Home & Kitchen,Furniture,1,34322.41,5,34322.41,14025.33,310.27,SELL032,SELL032,3.9,
ORD00482,2025-04-13 18:00:00,Delivered,CUST0220,Male,Surat,Gujarat,PROD0005,Accessories Product 5,Electronics,Accessories,1,43201.48,5,43201.48,11171.12,313.82,SELL033,SELL033,5.0,3
ORD00483,2025-06-30 12:00:00,Delivered,CUST0272,Female,Nizamabad,Telangana,PROD0046,Makeup Product 46,Beauty,Makeup,1,37759.16,5,37759.16,10993.06,98.17,SELL005,SELL005,3.8,3
ORD00483,2025-06-30 12:00:00,Delivered,CUST0272,Female,Nizamabad,Telangana,PROD0032,Furniture Product 32,Home & Kitchen,Furniture,1,43681.85,0,43681.85,19041.42,35.12,SELL021,SELL021,4.2,3
ORD00484,2025-02-03 12:00:00,Delivered,CUST0288,Female,Warangal,Telangana,PROD0092,Makeup Product 92,Beauty,Makeup,3,17584.0,15,52752.0,11757.66,345.53,SELL039,SELL039,4.8,9
ORD00485,2025-06-13 06:00:00,Delivered,CUST0163,Male,Vijayawada,Andhra Pradesh,PROD0054,Audio Product 54,Electronics,Audio,1,37504.93,5,37504.93,12116.2,300.91,SELL039,SELL039,4.8,7
ORD00485,2025-06-13 06:00:00,Delivered,CUST0163,Male,Vijayawada,Andhra Pradesh,PROD0016,Technology Product 16,Books,Technology,1,29872.1,10,29872.1,10461.31,300.61,SELL019,SELL019,4.9,6
ORD00485,2025-06-13 06:00:00,Delivered,CUST0163,Male,Vijayawada,Andhra Pradesh,PROD0058,Education Product 58,Books,Education,3,31678.86,0,95036.58,21943.53,425.57,SELL001,SELL001,4.5,6
ORD00485,2025-06-13 06:00:00,Delivered,CUST0163,Male,Vijayawada,Andhra Pradesh,PROD0022,Skincare Product 22,Beauty,Skincare,1,10944.49,5,10944.49,4180.3,277.93,SELL026,SELL026,4.3,6
ORD00486,2025-05-21 10:00:00,Delivered,CUST0155,Female,Mumbai,Maharashtra,PROD0079,Education Product 79,Books,Education,1,11401.36,10,11401.36,4045.82,243.65,SELL004,SELL004,3.6,7
ORD00487,2025-07-11 19:00:00,Delivered,CUST0063,Other,Kozhikode,Kerala,PROD0042,Education Product 42,Books,Education,1,22567.92,0,22567.92,10123.57,370.33,SELL028,SELL028,4.0,9
ORD00488,2025-01-03 22:00:00,Processing,CUST0276,Female,Tirupati,Andhra Pradesh,PROD0039,Audio Product 39,Electronics,Audio,1,10278.72,10,10278.72,3014.58,402.07,SELL005,SELL005,3.8,
ORD00489,2025-03-03 04:00:00,Delivered,CUST0236,Other,Warangal,Telangana,PROD0053,Accessories Product 53,Electronics,Accessories,2,46603.87,5,93207.74,32526.0,143.05,SELL029,SELL029,3.6,6
ORD00489,2025-03-03 04:00:00,Delivered,CUST0236,Other,Warangal,Telangana,PROD0082,Skincare Product 82,Beauty,Skincare,2,39855.33,20,79710.66,17226.9,181.3,SELL031,SELL031,3.6,4
ORD00490,2025-06-30 17:00:00,Shipped,CUST0043,Female,Vijayawada,Andhra Pradesh,PROD0089,Skincare Product 89,Beauty,Skincare,3,18204.6,0,54613.8,16137.57,36.17,SELL005,SELL005,3.8,
ORD00490,2025-06-30 17:00:00,Shipped,CUST0043,Female,Vijayawada,Andhra Pradesh,PROD0010,Fitness Product 10,Sports,Fitness,1,17436.22,5,17436.22,2792.67,259.19,SELL014,SELL014,4.3,
ORD00491,2025-09-21 10:00:00,Shipped,CUST0271,Female,Coimbatore,Tamil Nadu,PROD0065,Haircare Product 65,Beauty,Haircare,3,48692.75,0,146078.25,46164.39,200.91,SELL007,SELL007,4.3,
ORD00492,2025-04-14 12:00:00,Delivered,CUST0263,Female,Surat,Gujarat,PROD0074,Sportswear Product 74,Sports,Sportswear,1,33252.23,15,33252.23,11368.52,380.16,SELL007,SELL007,4.3,3
ORD00493,2025-05-17 00:00:00,Delivered,CUST0096,Female,Pune,Maharashtra,PROD0071,Audio Product 71,Electronics,Audio,1,30838.86,0,30838.86,10255.96,216.56,SELL006,SELL006,4.5,10
ORD00494,2025-01-26 20:00:00,Delivered,CUST0051,Male,Mysuru,Karnataka,PROD0023,Audio Product 23,Electronics,Audio,1,38034.28,10,38034.28,13637.06,273.75,SELL039,SELL039,4.8,10
ORD00495,2025-02-28 01:00:00,Processing,CUST0113,Male,Vijayawada,Andhra Pradesh,PROD0036,Skincare Product 36,Beauty,Skincare,2,42600.65,10,85201.3,27458.46,220.14,SELL015,SELL015,3.9,
ORD00496,2025-04-16 05:00:00,Shipped,CUST0254,Female,Pune,Maharashtra,PROD0094,Accessories Product 94,Electronics,Accessories,1,22253.94,5,22253.94,6097.88,359.22,SELL001,SELL001,4.5,
ORD00497,2025-06-11 21:00:00,Delivered,CUST0088,Female,New Delhi,Delhi,PROD0002,Skincare Product 2,Beauty,Skincare,1,3080.28,0,3080.28,694.42,487.95,SELL031,SELL031,3.6,6
ORD00498,2025-08-31 18:00:00,Delivered,CUST0181,Male,Thrissur,Kerala,PROD0003,Smartphones Product 3,Electronics,Smartphones,2,30846.67,0,61693.34,19315.68,137.3,SELL037,SELL037,3.6,4
ORD00499,2025-02-21 09:00:00,Shipped,CUST0049,Female,Hyderabad,Telangana,PROD0070,Skincare Product 70,Beauty,Skincare,2,34565.8,0,69131.6,24547.4,245.61,SELL017,SELL017,3.6,
ORD00500,2025-02-27 08:00:00,Delivered,CUST0248,Male,Mumbai,Maharashtra,PROD0029,Skincare Product 29,Beauty,Skincare,1,18550.09,0,18550.09,3603.82,378.28,SELL023,SELL023,4.2,6
ORD00500,2025-02-27 08:00:00,Delivered,CUST0248,Male,Mumbai,Maharashtra,PROD0085,Audio Product 85,Electronics,Audio,1,30127.53,10,30127.53,5303.25,121.11,SELL028,SELL028,4.0,8
ORD00500,2025-02-27 08:00:00,Delivered,CUST0248,Male,Mumbai,Maharashtra,PROD0019,Technology Product 19,Books,Technology,1,36515.43,20,36515.43,10259.36,442.26,SELL025,SELL025,3.9,5
ORD00501,2025-09-27 05:00:00,Delivered,CUST0231,Male,Visakhapatnam,Andhra Pradesh,PROD0054,Audio Product 54,Electronics,Audio,1,39478.87,0,39478.87,14090.14,274.44,SELL018,SELL018,4.1,10
ORD00502,2025-06-27 09:00:00,Delivered,CUST0291,Female,Kozhikode,Kerala,PROD0088,Laptops Product 88,Electronics,Laptops,1,39655.27,0,39655.27,15310.16,292.33,SELL010,SELL010,4.2,3
ORD00503,2025-08-21 01:00:00,Delivered,CUST0008,Female,New Delhi,Delhi,PROD0001,Audio Product 1,Electronics,Audio,1,21666.51,15,21666.51,5510.68,53.45,SELL028,SELL028,4.0,7
ORD00504,2025-12-07 17:00:00,Delivered,CUST0258,Other,New Delhi,Delhi,PROD0026,Furniture Product 26,Home & Kitchen,Furniture,1,34322.41,5,34322.41,14025.33,196.68,SELL019,SELL019,4.9,3
ORD00504,2025-12-07 17:00:00,Delivered,CUST0258,Other,New Delhi,Delhi,PROD0056,Education Product 56,Books,Education,1,5509.7,20,5509.7,1066.67,76.13,SELL025,SELL025,3.9,4
ORD00504,2025-12-07 17:00:00,Delivered,CUST0258,Other,New Delhi,Delhi,PROD0075,Laptops Product 75,Electronics,Laptops,3,37032.08,5,111096.24,35210.64,111.45,SELL017,SELL017,3.6,3
ORD00504,2025-12-07 17:00:00,Delivered,CUST0258,Other,New Delhi,Delhi,PROD0011,Haircare Product 11,Beauty,Haircare,2,38779.62,0,77559.24,20684.86,301.74,SELL028,SELL028,4.0,3
ORD00505,2025-06-04 09:00:00,Delivered,CUST0103,Female,Thrissur,Kerala,PROD0049,Skincare Product 49,Beauty,Skincare,1,29294.94,5,29294.94,10331.79,356.24,SELL028,SELL028,4.0,8
ORD00506,2025-08-27 13:00:00,Cancelled,CUST0219,Other,New Delhi,Delhi,PROD0099,Men Product 99,Fashion,Men,1,12717.61,0,12717.61,3542.29,456.22,SELL027,SELL027,3.7,
ORD00507,2025-05-31 01:00:00,Delivered,CUST0290,Male,Mumbai,Maharashtra,PROD0098,Appliances Product 98,Home & Kitchen,Appliances,1,47387.29,0,47387.29,14685.21,55.71,SELL034,SELL034,4.7,6
ORD00508,2025-10-17 15:00:00,Delivered,CUST0149,Male,Visakhapatnam,Andhra Pradesh,PROD0066,Haircare Product 66,Beauty,Haircare,2,43922.73,5,87845.46,24023.02,294.16,SELL004,SELL004,3.6,9
ORD00509,2025-11-18 09:00:00,Delivered,CUST0155,Female,Mumbai,Maharashtra,PROD0026,Furniture Product 26,Home & Kitchen,Furniture,1,36128.85,0,36128.85,15831.77,443.55,SELL008,SELL008,3.9,4
ORD00510,2025-08-16 12:00:00,Delivered,CUST0259,Female,Kozhikode,Kerala,PROD0031,Sportswear Product 31,Sports,Sportswear,2,18970.54,10,37941.08,12910.26,233.21,SELL029,SELL029,3.6,6
ORD00510,2025-08-16 12:00:00,Delivered,CUST0259,Female,Kozhikode,Kerala,PROD0070,Skincare Product 70,Beauty,Skincare,1,29380.93,15,29380.93,7088.83,339.01,SELL002,SELL002,4.5,8
ORD00510,2025-08-16 12:00:00,Delivered,CUST0259,Female,Kozhikode,Kerala,PROD0034,Fitness Product 34,Sports,Fitness,1,12988.69,10,12988.69,2077.59,124.16,SELL011,SELL011,3.8,6
ORD00510,2025-08-16 12:00:00,Delivered,CUST0259,Female,Kozhikode,Kerala,PROD0079,Education Product 79,Books,Education,1,11401.36,10,11401.36,4045.82,480.77,SELL031,SELL031,3.6,4
ORD00511,2025-08-02 13:00:00,Delivered,CUST0238,Female,Vadodara,Gujarat,PROD0075,Laptops Product 75,Electronics,Laptops,1,35083.03,10,35083.03,9787.83,338.88,SELL020,SELL020,4.6,10
ORD00512,2025-03-13 14:00:00,Processing,CUST0182,Male,Vijayawada,Andhra Pradesh,PROD0065,Haircare Product 65,Beauty,Haircare,1,41388.84,15,41388.84,8084.22,276.78,SELL033,SELL033,5.0,
ORD00513,2025-08-24 22:00:00,Shipped,CUST0174,Male,Kochi,Kerala,PROD0051,Men Product 51,Fashion,Men,3,42913.65,10,128740.95,29052.24,206.97,SELL005,SELL005,3.8,
ORD00514,2025-05-13 04:00:00,Delivered,CUST0270,Male,New Delhi,Delhi,PROD0052,Sportswear Product 52,Sports,Sportswear,1,1072.39,15,1072.39,81.0,104.81,SELL005,SELL005,3.8,9
ORD00515,2025-04-29 23:00:00,Shipped,CUST0166,Female,Vijayawada,Andhra Pradesh,PROD0050,Skincare Product 50,Beauty,Skincare,3,33302.47,0,99907.41,42648.9,147.73,SELL027,SELL027,3.7,
ORD00515,2025-04-29 23:00:00,Shipped,CUST0166,Female,Vijayawada,Andhra Pradesh,PROD0097,Women Product 97,Fashion,Women,2,8307.86,0,16615.72,3283.62,388.78,SELL003,SELL003,4.7,
ORD00516,2025-06-14 03:00:00,Delivered,CUST0090,Male,Ahmedabad,Gujarat,PROD0026,Furniture Product 26,Home & Kitchen,Furniture,1,34322.41,5,34322.41,14025.33,164.46,SELL013,SELL013,5.0,4
ORD00517,2025-10-26 00:00:00,Delivered,CUST0045,Male,Vijayawada,Andhra Pradesh,PROD0001,Audio Product 1,Electronics,Audio,1,21666.51,15,21666.51,5510.68,190.13,SELL027,SELL027,3.7,6
ORD00517,2025-10-26 00:00:00,Delivered,CUST0045,Male,Vijayawada,Andhra Pradesh,PROD0047,Accessories Product 47,Electronics,Accessories,1,25447.1,15,25447.1,8848.48,298.07,SELL034,SELL034,4.7,9
ORD00518,2025-02-04 14:00:00,Delivered,CUST0071,Female,Thrissur,Kerala,PROD0067,Accessories Product 67,Electronics,Accessories,1,3967.79,5,3967.79,991.27,54.2,SELL020,SELL020,4.6,5
ORD00519,2025-07-19 22:00:00,Delivered,CUST0129,Male,Bengaluru,Karnataka,PROD0069,Education Product 69,Books,Education,1,14723.26,5,14723.26,3677.59,317.29,SELL037,SELL037,3.6,7
ORD00520,2025-08-30 08:00:00,Delivered,CUST0299,Male,New Delhi,Delhi,PROD0098,Appliances Product 98,Home & Kitchen,Appliances,1,45017.93,5,45017.93,12315.85,374.92,SELL004,SELL004,3.6,5
ORD00521,2025-02-07 18:00:00,Processing,CUST0253,Male,Madurai,Tamil Nadu,PROD0010,Fitness Product 10,Sports,Fitness,1,16518.53,10,16518.53,1874.98,67.88,SELL027,SELL027,3.7,
ORD00522,2025-01-22 03:00:00,Delivered,CUST0139,Female,Nagpur,Maharashtra,PROD0039,Audio Product 39,Electronics,Audio,1,11420.8,0,11420.8,4156.66,393.6,SELL015,SELL015,3.9,10
ORD00523,2025-09-04 01:00:00,Delivered,CUST0283,Male,Hyderabad,Telangana,PROD0071,Audio Product 71,Electronics,Audio,1,26213.03,15,26213.03,5630.13,491.79,SELL008,SELL008,3.9,9
ORD00523,2025-09-04 01:00:00,Delivered,CUST0283,Male,Hyderabad,Telangana,PROD0018,Women Product 18,Fashion,Women,1,33588.29,0,33588.29,7597.04,461.49,SELL024,SELL024,4.4,7
ORD00524,2025-10-18 01:00:00,Returned,CUST0275,Male,Ahmedabad,Gujarat,PROD0010,Fitness Product 10,Sports,Fitness,1,18353.92,0,18353.92,3710.37,177.64,SELL009,SELL009,4.2,
ORD00524,2025-10-18 01:00:00,Returned,CUST0275,Male,Ahmedabad,Gujarat,PROD0008,Men Product 8,Fashion,Men,2,25351.31,0,50702.62,20453.9,167.43,SELL039,SELL039,4.8,
ORD00525,2025-05-09 17:00:00,Delivered,CUST0040,Male,Tirupati,Andhra Pradesh,PROD0029,Skincare Product 29,Beauty,Skincare,3,16695.08,10,50085.24,5246.43,167.56,SELL020,SELL020,4.6,3
ORD00525,2025-05-09 17:00:00,Delivered,CUST0040,Male,Tirupati,Andhra Pradesh,PROD0057,Women Product 57,Fashion,Women,1,41561.59,0,41561.59,11019.46,357.95,SELL016,SELL016,4.2,7
ORD00526,2025-02-10 06:00:00,Processing,CUST0144,Male,Kochi,Kerala,PROD0071,Audio Product 71,Electronics,Audio,1,27754.97,10,27754.97,7172.07,400.33,SELL014,SELL014,4.3,
ORD00527,2025-01-11 15:00:00,Shipped,CUST0059,Female,Vadodara,Gujarat,PROD0011,Haircare Product 11,Beauty,Haircare,1,34901.66,10,34901.66,6464.47,262.82,SELL004,SELL004,3.6,
ORD00528,2025-04-05 21:00:00,Delivered,CUST0195,Male,Bengaluru,Karnataka,PROD0045,Women Product 45,Fashion,Women,3,13709.04,10,41127.12,15404.73,188.02,SELL002,SELL002,4.5,5
ORD00529,2025-06-24 23:00:00,Shipped,CUST0015,Male,Mysuru,Karnataka,PROD0095,Furniture Product 95,Home & Kitchen,Furniture,2,36524.78,5,73049.56,28078.8,477.66,SELL004,SELL004,3.6,
ORD00529,2025-06-24 23:00:00,Shipped,CUST0015,Male,Mysuru,Karnataka,PROD0097,Women Product 97,Fashion,Women,2,7061.68,15,14123.36,791.26,247.85,SELL019,SELL019,4.9,
ORD00530,2025-08-28 23:00:00,Returned,CUST0196,Male,Mumbai,Maharashtra,PROD0088,Laptops Product 88,Electronics,Laptops,1,39655.27,0,39655.27,15310.16,285.12,SELL018,SELL018,4.1,
ORD00531,2025-12-04 08:00:00,Shipped,CUST0138,Male,Kozhikode,Kerala,PROD0073,Women Product 73,Fashion,Women,2,40503.58,15,81007.16,24916.8,238.59,SELL021,SELL021,4.2,
ORD00532,2025-11-23 17:00:00,Delivered,CUST0246,Male,Chennai,Tamil Nadu,PROD0079,Education Product 79,Books,Education,1,12668.18,0,12668.18,5312.64,114.51,SELL036,SELL036,4.3,2
ORD00533,2025-11-19 05:00:00,Delivered,CUST0117,Male,Surat,Gujarat,PROD0005,Accessories Product 5,Electronics,Accessories,2,38653.95,15,77307.9,13247.18,302.55,SELL012,SELL012,4.8,2
ORD00534,2025-01-09 21:00:00,Shipped,CUST0132,Female,Warangal,Telangana,PROD0031,Sportswear Product 31,Sports,Sportswear,1,20024.46,5,20024.46,7509.05,83.2,SELL023,SELL023,4.2,
ORD00535,2025-11-25 13:00:00,Processing,CUST0037,Male,Chennai,Tamil Nadu,PROD0043,Smartphones Product 43,Electronics,Smartphones,1,10385.78,20,10385.78,318.85,322.3,SELL024,SELL024,4.4,
ORD00535,2025-11-25 13:00:00,Processing,CUST0037,Male,Chennai,Tamil Nadu,PROD0053,Accessories Product 53,Electronics,Accessories,1,49056.71,0,49056.71,18715.84,100.53,SELL011,SELL011,3.8,
ORD00536,2025-09-18 18:00:00,Delivered,CUST0262,Male,Thrissur,Kerala,PROD0085,Audio Product 85,Electronics,Audio,1,26780.02,20,26780.02,1955.74,66.87,SELL010,SELL010,4.2,9
ORD00537,2025-10-17 16:00:00,Returned,CUST0115,Male,New Delhi,Delhi,PROD0016,Technology Product 16,Books,Technology,2,29872.1,10,59744.2,20922.62,339.82,SELL034,SELL034,4.7,
ORD00538,2025-05-05 10:00:00,Delivered,CUST0151,Female,New Delhi,Delhi,PROD0096,Fitness Product 96,Sports,Fitness,2,39531.11,5,79062.22,21647.44,480.08,SELL008,SELL008,3.9,7
ORD00539,2025-12-01 15:00:00,Delivered,CUST0186,Male,Hyderabad,Telangana,PROD0017,Fiction Product 17,Books,Fiction,1,13303.94,15,13303.94,3103.67,346.83,SELL035,SELL035,4.6,3
ORD00540,2025-03-02 02:00:00,Delivered,CUST0161,Male,Vijayawada,Andhra Pradesh,PROD0099,Men Product 99,Fashion,Men,2,10809.97,15,21619.94,3269.3,37.29,SELL013,SELL013,5.0,6
ORD00541,2025-03-06 01:00:00,Shipped,CUST0052,Male,Thrissur,Kerala,PROD0066,Haircare Product 66,Beauty,Haircare,3,39299.28,15,117897.84,22164.18,196.55,SELL034,SELL034,4.7,
ORD00542,2025-06-22 18:00:00,Delivered,CUST0173,Female,Mysuru,Karnataka,PROD0046,Makeup Product 46,Beauty,Makeup,3,35771.83,10,107315.49,27017.19,378.13,SELL029,SELL029,3.6,7
ORD00543,2025-04-04 23:00:00,Shipped,CUST0069,Male,Mysuru,Karnataka,PROD0001,Audio Product 1,Electronics,Audio,1,22941.01,10,22941.01,6785.18,243.16,SELL038,SELL038,4.3,
ORD00544,2025-04-29 09:00:00,Delivered,CUST0050,Male,Surat,Gujarat,PROD0066,Haircare Product 66,Beauty,Haircare,1,43922.73,5,43922.73,12011.51,385.93,SELL028,SELL028,4.0,3
ORD00545,2025-09-23 08:00:00,Delivered,CUST0221,Female,Thrissur,Kerala,PROD0016,Technology Product 16,Books,Technology,1,31531.66,5,31531.66,12120.87,446.11,SELL019,SELL019,4.9,10
ORD00546,2025-04-29 21:00:00,Delivered,CUST0055,Female,Kozhikode,Kerala,PROD0022,Skincare Product 22,Beauty,Skincare,1,11520.52,0,11520.52,4756.33,448.6,SELL002,SELL002,4.5,5
ORD00547,2025-04-15 09:00:00,Cancelled,CUST0190,Female,Mysuru,Karnataka,PROD0059,Accessories Product 59,Electronics,Accessories,3,1880.95,10,5642.85,1853.19,462.02,SELL019,SELL019,4.9,
ORD00548,2025-05-15 02:00:00,Processing,CUST0253,Male,Madurai,Tamil Nadu,PROD0046,Makeup Product 46,Beauty,Makeup,2,39746.48,0,79492.96,25960.76,64.94,SELL006,SELL006,4.5,
ORD00549,2025-12-28 22:00:00,Delivered,CUST0038,Male,Madurai,Tamil Nadu,PROD0067,Accessories Product 67,Electronics,Accessories,2,3550.13,15,7100.26,1147.22,46.75,SELL036,SELL036,4.3,6
ORD00549,2025-12-28 22:00:00,Delivered,CUST0038,Male,Madurai,Tamil Nadu,PROD0041,Accessories Product 41,Fashion,Accessories,1,33135.6,5,33135.6,12644.75,439.89,SELL001,SELL001,4.5,9
ORD00549,2025-12-28 22:00:00,Delivered,CUST0038,Male,Madurai,Tamil Nadu,PROD0025,Women Product 25,Fashion,Women,2,29963.01,0,59926.02,24470.9,101.17,SELL015,SELL015,3.9,4
ORD00550,2025-03-09 06:00:00,Delivered,CUST0145,Female,Nagpur,Maharashtra,PROD0028,Education Product 28,Books,Education,1,11297.07,5,11297.07,3988.75,128.02,SELL028,SELL028,4.0,5
ORD00550,2025-03-09 06:00:00,Delivered,CUST0145,Female,Nagpur,Maharashtra,PROD0001,Audio Product 1,Electronics,Audio,1,22941.01,10,22941.01,6785.18,318.29,SELL012,SELL012,4.8,2
ORD00551,2025-06-03 07:00:00,Processing,CUST0093,Male,Nagpur,Maharashtra,PROD0077,Haircare Product 77,Beauty,Haircare,1,18757.67,0,18757.67,4576.26,132.9,SELL023,SELL023,4.2,
ORD00552,2025-08-03 14:00:00,Delivered,CUST0148,Female,Kozhikode,Kerala,PROD0041,Accessories Product 41,Fashion,Accessories,1,33135.6,5,33135.6,12644.75,90.19,SELL008,SELL008,3.9,7
ORD00553,2025-11-04 13:00:00,Delivered,CUST0251,Male,Vadodara,Gujarat,PROD0053,Accessories Product 53,Electronics,Accessories,1,49056.71,0,49056.71,18715.84,347.24,SELL004,SELL004,3.6,9
ORD00554,2025-07-24 08:00:00,Processing,CUST0218,Male,Surat,Gujarat,PROD0006,Appliances Product 6,Home & Kitchen,Appliances,1,30349.04,0,30349.04,9548.74,441.54,SELL020,SELL020,4.6,
ORD00555,2025-11-11 19:00:00,Delivered,CUST0057,Female,Tirupati,Andhra Pradesh,PROD0049,Skincare Product 49,Beauty,Skincare,3,27753.1,10,83259.3,26369.85,289.86,SELL022,SELL022,3.5,10
ORD00555,2025-11-11 19:00:00,Delivered,CUST0057,Female,Tirupati,Andhra Pradesh,PROD0012,Audio Product 12,Electronics,Audio,1,3352.65,5,3352.65,1321.59,123.27,SELL004,SELL004,3.6,4
ORD00556,2025-03-24 11:00:00,Delivered,CUST0149,Male,Visakhapatnam,Andhra Pradesh,PROD0005,Accessories Product 5,Electronics,Accessories,1,43201.48,5,43201.48,11171.12,257.9,SELL034,SELL034,4.7,6
ORD00556,2025-03-24 11:00:00,Delivered,CUST0149,Male,Visakhapatnam,Andhra Pradesh,PROD0003,Smartphones Product 3,Electronics,Smartphones,1,30846.67,0,30846.67,9657.84,326.83,SELL011,SELL011,3.8,7
ORD00556,2025-03-24 11:00:00,Delivered,CUST0149,Male,Visakhapatnam,Andhra Pradesh,PROD0097,Women Product 97,Fashion,Women,1,7477.07,10,7477.07,811.02,412.11,SELL016,SELL016,4.2,5
ORD00557,2025-02-09 02:00:00,Delivered,CUST0044,Female,Surat,Gujarat,PROD0096,Fitness Product 96,Sports,Fitness,1,41611.69,0,41611.69,12904.3,375.86,SELL035,SELL035,4.6,3
ORD00558,2025-08-06 16:00:00,Delivered,CUST0166,Female,Vijayawada,Andhra Pradesh,PROD0084,Skincare Product 84,Beauty,Skincare,1,44959.28,0,44959.28,14828.47,73.74,SELL037,SELL037,3.6,2
ORD00559,2025-05-06 12:00:00,Delivered,CUST0260,Female,Tirupati,Andhra Pradesh,PROD0070,Skincare Product 70,Beauty,Skincare,1,32837.51,5,32837.51,10545.41,41.7,SELL007,SELL007,4.3,10
ORD00560,2025-06-20 04:00:00,Shipped,CUST0160,Female,New Delhi,Delhi,PROD0063,Audio Product 63,Electronics,Audio,1,13842.53,0,13842.53,3241.61,319.75,SELL038,SELL038,4.3,
ORD00561,2025-04-30 01:00:00,Shipped,CUST0291,Female,Kozhikode,Kerala,PROD0020,Education Product 20,Books,Education,1,24269.93,5,24269.93,10093.16,221.07,SELL003,SELL003,4.7,
ORD00562,2025-09-13 10:00:00,Cancelled,CUST0280,Male,Thrissur,Kerala,PROD0072,Fiction Product 72,Books,Fiction,3,3784.14,5,11352.42,2723.07,66.43,SELL006,SELL006,4.5,
ORD00563,2025-04-12 14:00:00,Processing,CUST0086,Female,Hyderabad,Telangana,PROD0081,Fitness Product 81,Sports,Fitness,1,11946.05,10,11946.05,3712.86,287.13,SELL034,SELL034,4.7,
ORD00564,2025-09-25 10:00:00,Delivered,CUST0139,Female,Nagpur,Maharashtra,PROD0067,Accessories Product 67,Electronics,Accessories,2,3341.3,20,6682.6,729.56,204.49,SELL014,SELL014,4.3,3
ORD00565,2025-03-26 16:00:00,Delivered,CUST0070,Female,Madurai,Tamil Nadu,PROD0061,Makeup Product 61,Beauty,Makeup,4,23801.64,0,95206.56,41901.6,359.69,SELL005,SELL005,3.8,4
ORD00566,2025-11-16 14:00:00,Delivered,CUST0032,Female,Vijayawada,Andhra Pradesh,PROD0045,Women Product 45,Fashion,Women,3,15232.27,0,45696.81,19974.42,415.75,SELL001,SELL001,4.5,6
ORD00566,2025-11-16 14:00:00,Delivered,CUST0032,Female,Vijayawada,Andhra Pradesh,PROD0081,Fitness Product 81,Sports,Fitness,1,13273.39,0,13273.39,5040.2,323.52,SELL028,SELL028,4.0,8
ORD00567,2025-10-31 04:00:00,Delivered,CUST0040,Male,Tirupati,Andhra Pradesh,PROD0017,Fiction Product 17,Books,Fiction,1,14086.53,10,14086.53,3886.26,185.18,SELL034,SELL034,4.7,6
ORD00568,2025-03-28 00:00:00,Shipped,CUST0108,Female,New Delhi,Delhi,PROD0019,Technology Product 19,Books,Technology,2,45644.29,0,91288.58,38776.44,451.1,SELL031,SELL031,3.6,
ORD00568,2025-03-28 00:00:00,Shipped,CUST0108,Female,New Delhi,Delhi,PROD0022,Skincare Product 22,Beauty,Skincare,1,9792.44,15,9792.44,3028.25,229.94,SELL004,SELL004,3.6,
ORD00569,2025-07-21 12:00:00,Shipped,CUST0287,Female,Visakhapatnam,Andhra Pradesh,PROD0041,Accessories Product 41,Fashion,Accessories,2,29647.64,15,59295.28,18313.58,479.02,SELL006,SELL006,4.5,
ORD00569,2025-07-21 12:00:00,Shipped,CUST0287,Female,Visakhapatnam,Andhra Pradesh,PROD0068,Appliances Product 68,Home & Kitchen,Appliances,2,13795.73,15,27591.46,9036.42,293.43,SELL018,SELL018,4.1,
ORD00570,2025-10-13 13:00:00,Delivered,CUST0062,Female,Thrissur,Kerala,PROD0099,Men Product 99,Fashion,Men,2,12717.61,0,25435.22,7084.58,293.1,SELL023,SELL023,4.2,5
ORD00570,2025-10-13 13:00:00,Delivered,CUST0062,Female,Thrissur,Kerala,PROD0086,Sportswear Product 86,Sports,Sportswear,1,14695.52,0,14695.52,5422.82,381.39,SELL013,SELL013,5.0,9
ORD00571,2025-06-18 03:00:00,Processing,CUST0159,Male,Nizamabad,Telangana,PROD0035,Accessories Product 35,Fashion,Accessories,1,40760.08,10,40760.08,14049.36,217.2,SELL003,SELL003,4.7,
ORD00572,2025-01-16 22:00:00,Processing,CUST0293,Female,Visakhapatnam,Andhra Pradesh,PROD0061,Makeup Product 61,Beauty,Makeup,2,23801.64,0,47603.28,20950.8,43.55,SELL035,SELL035,4.6,
ORD00573,2025-08-03 03:00:00,Delivered,CUST0043,Female,Vijayawada,Andhra Pradesh,PROD0070,Skincare Product 70,Beauty,Skincare,4,34565.8,0,138263.2,49094.8,318.58,SELL018,SELL018,4.1,10
ORD00574,2025-12-30 05:00:00,Processing,CUST0163,Male,Vijayawada,Andhra Pradesh,PROD0086,Sportswear Product 86,Sports,Sportswear,1,13225.97,10,13225.97,3953.27,58.9,SELL026,SELL026,4.3,
ORD00575,2025-05-17 02:00:00,Delivered,CUST0076,Male,Mysuru,Karnataka,PROD0053,Accessories Product 53,Electronics,Accessories,1,46603.87,5,46603.87,16263.0,85.33,SELL001,SELL001,4.5,8
ORD00575,2025-05-17 02:00:00,Delivered,CUST0076,Male,Mysuru,Karnataka,PROD0023,Audio Product 23,Electronics,Audio,1,38034.28,10,38034.28,13637.06,296.11,SELL030,SELL030,4.3,4
ORD00576,2025-06-12 18:00:00,Delivered,CUST0096,Female,Pune,Maharashtra,PROD0082,Skincare Product 82,Beauty,Skincare,1,42346.29,15,42346.29,11104.41,473.32,SELL024,SELL024,4.4,6
ORD00577,2025-06-08 01:00:00,Delivered,CUST0068,Male,Vijayawada,Andhra Pradesh,PROD0053,Accessories Product 53,Electronics,Accessories,2,49056.71,0,98113.42,37431.68,123.64,SELL015,SELL015,3.9,5
ORD00578,2025-07-01 18:00:00,Delivered,CUST0251,Male,Vadodara,Gujarat,PROD0088,Laptops Product 88,Electronics,Laptops,3,37672.51,5,113017.53,39982.2,103.18,SELL003,SELL003,4.7,2
ORD00578,2025-07-01 18:00:00,Delivered,CUST0251,Male,Vadodara,Gujarat,PROD0022,Skincare Product 22,Beauty,Skincare,1,10368.47,10,10368.47,3604.28,193.05,SELL037,SELL037,3.6,3
ORD00579,2025-06-25 22:00:00,Cancelled,CUST0107,Female,Mysuru,Karnataka,PROD0066,Haircare Product 66,Beauty,Haircare,1,43922.73,5,43922.73,12011.51,44.78,SELL014,SELL014,4.3,
ORD00580,2025-10-28 10:00:00,Delivered,CUST0240,Male,New Delhi,Delhi,PROD0090,Makeup Product 90,Beauty,Makeup,1,5700.2,15,5700.2,410.77,33.71,SELL007,SELL007,4.3,6
ORD00581,2025-07-03 09:00:00,Delivered,CUST0096,Female,Pune,Maharashtra,PROD0079,Education Product 79,Books,Education,1,11401.36,10,11401.36,4045.82,373.55,SELL030,SELL030,4.3,8
ORD00582,2025-12-14 12:00:00,Delivered,CUST0248,Male,Mumbai,Maharashtra,PROD0065,Haircare Product 65,Beauty,Haircare,1,48692.75,0,48692.75,15388.13,301.42,SELL027,SELL027,3.7,2
ORD00582,2025-12-14 12:00:00,Delivered,CUST0248,Male,Mumbai,Maharashtra,PROD0014,Technology Product 14,Books,Technology,1,41510.88,5,41510.88,13545.32,463.51,SELL038,SELL038,4.3,8
ORD00583,2025-04-12 18:00:00,Delivered,CUST0269,Female,Chennai,Tamil Nadu,PROD0012,Audio Product 12,Electronics,Audio,2,3352.65,5,6705.3,2643.18,107.71,SELL010,SELL010,4.2,8
ORD00583,2025-04-12 18:00:00,Delivered,CUST0269,Female,Chennai,Tamil Nadu,PROD0040,Audio Product 40,Electronics,Audio,2,39621.19,0,79242.38,32715.06,110.87,SELL001,SELL001,4.5,8
ORD00583,2025-04-12 18:00:00,Delivered,CUST0269,Female,Chennai,Tamil Nadu,PROD0099,Men Product 99,Fashion,Men,1,12717.61,0,12717.61,3542.29,125.56,SELL020,SELL020,4.6,3
ORD00584,2025-09-02 05:00:00,Delivered,CUST0003,Male,Ahmedabad,Gujarat,PROD0061,Makeup Product 61,Beauty,Makeup,2,21421.48,10,42842.96,16190.48,388.64,SELL025,SELL025,3.9,2
ORD00584,2025-09-02 05:00:00,Delivered,CUST0003,Male,Ahmedabad,Gujarat,PROD0086,Sportswear Product 86,Sports,Sportswear,1,14695.52,0,14695.52,5422.82,469.57,SELL007,SELL007,4.3,8
ORD00585,2025-10-01 02:00:00,Delivered,CUST0202,Female,New Delhi,Delhi,PROD0078,Fitness Product 78,Sports,Fitness,2,25261.1,5,50522.2,15557.16,189.73,SELL012,SELL012,4.8,8
ORD00586,2025-03-12 15:00:00,Delivered,CUST0118,Female,Surat,Gujarat,PROD0084,Skincare Product 84,Beauty,Skincare,1,44959.28,0,44959.28,14828.47,211.8,SELL012,SELL012,4.8,5
ORD00587,2025-03-25 12:00:00,Delivered,CUST0092,Female,New Delhi,Delhi,PROD0088,Laptops Product 88,Electronics,Laptops,2,37672.51,5,75345.02,26654.8,409.25,SELL007,SELL007,4.3,9
ORD00588,2025-09-06 20:00:00,Cancelled,CUST0006,Male,Mangaluru,Karnataka,PROD0034,Fitness Product 34,Sports,Fitness,1,12267.1,15,12267.1,1356.0,241.63,SELL008,SELL008,3.9,
ORD00589,2025-02-27 05:00:00,Returned,CUST0187,Male,Kochi,Kerala,PROD0020,Education Product 20,Books,Education,1,21715.2,15,21715.2,7538.43,307.37,SELL001,SELL001,4.5,
ORD00590,2025-08-11 01:00:00,Delivered,CUST0233,Male,Coimbatore,Tamil Nadu,PROD0007,Accessories Product 7,Electronics,Accessories,2,5399.22,0,10798.44,2237.82,188.61,SELL039,SELL039,4.8,6
ORD00591,2025-05-17 05:00:00,Delivered,CUST0278,Male,Vijayawada,Andhra Pradesh,PROD0005,Accessories Product 5,Electronics,Accessories,1,40927.72,10,40927.72,8897.36,279.7,SELL039,SELL039,4.8,3
ORD00592,2025-11-21 15:00:00,Delivered,CUST0075,Male,Mangaluru,Karnataka,PROD0032,Furniture Product 32,Home & Kitchen,Furniture,1,43681.85,0,43681.85,19041.42,183.5,SELL034,SELL034,4.7,4
ORD00592,2025-11-21 15:00:00,Delivered,CUST0075,Male,Mangaluru,Karnataka,PROD0094,Accessories Product 94,Electronics,Accessories,1,18740.16,20,18740.16,2584.1,329.77,SELL003,SELL003,4.7,3
ORD00593,2025-11-23 23:00:00,Delivered,CUST0173,Female,Mysuru,Karnataka,PROD0093,Fitness Product 93,Sports,Fitness,2,6160.76,5,12321.52,4077.8,84.72,SELL006,SELL006,4.5,10
ORD00593,2025-11-23 23:00:00,Delivered,CUST0173,Female,Mysuru,Karnataka,PROD0084,Skincare Product 84,Beauty,Skincare,1,35967.42,20,35967.42,5836.61,319.32,SELL013,SELL013,5.0,9
ORD00594,2025-07-11 18:00:00,Delivered,CUST0026,Male,New Delhi,Delhi,PROD0100,Outdoor Product 100,Sports,Outdoor,1,6477.22,0,6477.22,2385.15,217.38,SELL018,SELL018,4.1,2
ORD00594,2025-07-11 18:00:00,Delivered,CUST0026,Male,New Delhi,Delhi,PROD0024,Sportswear Product 24,Sports,Sportswear,2,44213.19,0,88426.38,38890.64,221.38,SELL012,SELL012,4.8,8
ORD00595,2025-11-03 20:00:00,Delivered,CUST0237,Male,Madurai,Tamil Nadu,PROD0009,Decor Product 9,Home & Kitchen,Decor,1,44596.4,10,44596.4,10331.58,418.68,SELL040,SELL040,4.9,7
ORD00596,2025-10-13 00:00:00,Delivered,CUST0244,Female,Hyderabad,Telangana,PROD0096,Fitness Product 96,Sports,Fitness,1,37450.52,10,37450.52,8743.13,346.3,SELL032,SELL032,3.9,2
ORD00597,2025-10-15 11:00:00,Delivered,CUST0250,Male,New Delhi,Delhi,PROD0097,Women Product 97,Fashion,Women,1,7892.47,5,7892.47,1226.42,103.27,SELL021,SELL021,4.2,8
ORD00598,2025-05-26 17:00:00,Delivered,CUST0012,Male,Surat,Gujarat,PROD0049,Skincare Product 49,Beauty,Skincare,3,30836.78,0,92510.34,35620.89,216.0,SELL039,SELL039,4.8,3
ORD00599,2025-10-09 13:00:00,Delivered,CUST0206,Female,Surat,Gujarat,PROD0099,Men Product 99,Fashion,Men,1,11445.85,10,11445.85,2270.53,352.82,SELL024,SELL024,4.4,6
ORD00600,2025-04-26 12:00:00,Delivered,CUST0201,Female,Mysuru,Karnataka,PROD0023,Audio Product 23,Electronics,Audio,1,40147.29,5,40147.29,15750.07,187.01,SELL026,SELL026,4.3,9
ORD00601,2025-12-01 13:00:00,Returned,CUST0298,Female,Kozhikode,Kerala,PROD0018,Women Product 18,Fashion,Women,1,26870.63,20,26870.63,879.38,311.8,SELL040,SELL040,4.9,
ORD00602,2025-11-09 07:00:00,Delivered,CUST0167,Male,Vijayawada,Andhra Pradesh,PROD0003,Smartphones Product 3,Electronics,Smartphones,1,26219.67,15,26219.67,5030.84,429.65,SELL025,SELL025,3.9,3
ORD00602,2025-11-09 07:00:00,Delivered,CUST0167,Male,Vijayawada,Andhra Pradesh,PROD0096,Fitness Product 96,Sports,Fitness,1,37450.52,10,37450.52,8743.13,142.48,SELL011,SELL011,3.8,7
ORD00602,2025-11-09 07:00:00,Delivered,CUST0167,Male,Vijayawada,Andhra Pradesh,PROD0077,Haircare Product 77,Beauty,Haircare,3,15944.02,15,47832.06,5287.83,181.68,SELL031,SELL031,3.6,2
ORD00603,2025-10-23 14:00:00,Delivered,CUST0106,Female,Kochi,Kerala,PROD0023,Audio Product 23,Electronics,Audio,1,42260.31,0,42260.31,17863.09,313.88,SELL030,SELL030,4.3,3
ORD00604,2025-05-06 14:00:00,Delivered,CUST0082,Male,Warangal,Telangana,PROD0053,Accessories Product 53,Electronics,Accessories,2,49056.71,0,98113.42,37431.68,226.03,SELL031,SELL031,3.6,3
ORD00604,2025-05-06 14:00:00,Delivered,CUST0082,Male,Warangal,Telangana,PROD0067,Accessories Product 67,Electronics,Accessories,2,3967.79,5,7935.58,1982.54,366.42,SELL017,SELL017,3.6,4
ORD00605,2025-08-13 15:00:00,Shipped,CUST0013,Male,New Delhi,Delhi,PROD0093,Fitness Product 93,Sports,Fitness,1,5836.51,10,5836.51,1714.65,270.43,SELL003,SELL003,4.7,
ORD00605,2025-08-13 15:00:00,Shipped,CUST0013,Male,New Delhi,Delhi,PROD0099,Men Product 99,Fashion,Men,1,12717.61,0,12717.61,3542.29,98.61,SELL029,SELL029,3.6,
ORD00606,2025-03-28 11:00:00,Delivered,CUST0058,Female,Madurai,Tamil Nadu,PROD0027,Women Product 27,Fashion,Women,1,43638.33,10,43638.33,8976.85,245.37,SELL007,SELL007,4.3,7
ORD00606,2025-03-28 11:00:00,Delivered,CUST0058,Female,Madurai,Tamil Nadu,PROD0034,Fitness Product 34,Sports,Fitness,2,12988.69,10,25977.38,4155.18,190.95,SELL032,SELL032,3.9,2
ORD00607,2025-05-21 19:00:00,Delivered,CUST0291,Female,Kozhikode,Kerala,PROD0048,Sportswear Product 48,Sports,Sportswear,1,12286.42,0,12286.42,5052.6,474.05,SELL037,SELL037,3.6,4
ORD00608,2025-03-21 23:00:00,Shipped,CUST0151,Female,New Delhi,Delhi,PROD0033,Haircare Product 33,Beauty,Haircare,1,27838.4,0,27838.4,11756.18,172.39,SELL015,SELL015,3.9,
ORD00608,2025-03-21 23:00:00,Shipped,CUST0151,Female,New Delhi,Delhi,PROD0082,Skincare Product 82,Beauty,Skincare,1,47328.2,5,47328.2,16086.32,269.04,SELL038,SELL038,4.3,
ORD00609,2025-11-26 04:00:00,Delivered,CUST0177,Male,Mumbai,Maharashtra,PROD0063,Audio Product 63,Electronics,Audio,2,13150.4,5,26300.8,5098.96,257.48,SELL011,SELL011,3.8,5
ORD00610,2025-04-16 07:00:00,Delivered,CUST0159,Male,Nizamabad,Telangana,PROD0026,Furniture Product 26,Home & Kitchen,Furniture,1,34322.41,5,34322.41,14025.33,330.16,SELL023,SELL023,4.2,3
ORD00611,2025-04-27 23:00:00,Delivered,CUST0269,Female,Chennai,Tamil Nadu,PROD0043,Smartphones Product 43,Electronics,Smartphones,1,12333.11,5,12333.11,2266.18,281.33,SELL033,SELL033,5.0,8
ORD00612,2025-08-17 18:00:00,Delivered,CUST0029,Male,Chennai,Tamil Nadu,PROD0084,Skincare Product 84,Beauty,Skincare,1,40463.35,10,40463.35,10332.54,113.39,SELL016,SELL016,4.2,2
ORD00613,2025-03-09 16:00:00,Delivered,CUST0033,Female,Bengaluru,Karnataka,PROD0062,Fiction Product 62,Books,Fiction,1,13035.62,10,13035.62,1697.86,179.86,SELL007,SELL007,4.3,2
ORD00613,2025-03-09 16:00:00,Delivered,CUST0033,Female,Bengaluru,Karnataka,PROD0060,Kitchen Product 60,Home & Kitchen,Kitchen,1,15950.89,0,15950.89,5842.48,69.19,SELL005,SELL005,3.8,6
ORD00614,2025-10-19 00:00:00,Delivered,CUST0154,Male,Madurai,Tamil Nadu,PROD0100,Outdoor Product 100,Sports,Outdoor,1,5829.5,10,5829.5,1737.43,385.11,SELL013,SELL013,5.0,2
ORD00614,2025-10-19 00:00:00,Delivered,CUST0154,Male,Madurai,Tamil Nadu,PROD0083,Skincare Product 83,Beauty,Skincare,1,6033.65,5,6033.65,1078.04,157.25,SELL001,SELL001,4.5,4
ORD00615,2025-05-16 17:00:00,Delivered,CUST0154,Male,Madurai,Tamil Nadu,PROD0057,Women Product 57,Fashion,Women,3,35327.35,15,105982.05,14355.66,259.16,SELL008,SELL008,3.9,9
ORD00616,2025-09-11 05:00:00,Delivered,CUST0241,Male,Tirupati,Andhra Pradesh,PROD0057,Women Product 57,Fashion,Women,1,39483.51,5,39483.51,8941.38,115.85,SELL022,SELL022,3.5,4
ORD00617,2025-06-07 16:00:00,Delivered,CUST0110,Female,Mumbai,Maharashtra,PROD0079,Education Product 79,Books,Education,2,12668.18,0,25336.36,10625.28,120.19,SELL037,SELL037,3.6,10
ORD00617,2025-06-07 16:00:00,Delivered,CUST0110,Female,Mumbai,Maharashtra,PROD0027,Women Product 27,Fashion,Women,2,41213.98,15,82427.96,13105.0,316.76,SELL026,SELL026,4.3,10
ORD00618,2025-12-01 19:00:00,Shipped,CUST0243,Male,Tirupati,Andhra Pradesh,PROD0061,Makeup Product 61,Beauty,Makeup,1,21421.48,10,21421.48,8095.24,419.74,SELL010,SELL010,4.2,
ORD00618,2025-12-01 19:00:00,Shipped,CUST0243,Male,Tirupati,Andhra Pradesh,PROD0039,Audio Product 39,Electronics,Audio,1,10849.76,5,10849.76,3585.62,214.96,SELL021,SELL021,4.2,
ORD00618,2025-12-01 19:00:00,Shipped,CUST0243,Male,Tirupati,Andhra Pradesh,PROD0048,Sportswear Product 48,Sports,Sportswear,1,10443.46,15,10443.46,3209.64,55.99,SELL027,SELL027,3.7,
ORD00619,2025-01-10 22:00:00,Delivered,CUST0141,Female,New Delhi,Delhi,PROD0004,Makeup Product 4,Beauty,Makeup,2,27827.24,0,55654.48,13146.1,293.19,SELL028,SELL028,4.0,8
ORD00619,2025-01-10 22:00:00,Delivered,CUST0141,Female,New Delhi,Delhi,PROD0042,Education Product 42,Books,Education,2,20311.13,10,40622.26,15733.56,236.85,SELL013,SELL013,5.0,10
ORD00620,2025-01-24 21:00:00,Delivered,CUST0241,Male,Tirupati,Andhra Pradesh,PROD0078,Fitness Product 78,Sports,Fitness,1,26590.63,0,26590.63,9108.11,330.63,SELL038,SELL038,4.3,5
ORD00621,2025-03-10 23:00:00,Delivered,CUST0242,Male,Warangal,Telangana,PROD0020,Education Product 20,Books,Education,1,24269.93,5,24269.93,10093.16,235.98,SELL020,SELL020,4.6,4
ORD00621,2025-03-10 23:00:00,Delivered,CUST0242,Male,Warangal,Telangana,PROD0076,Makeup Product 76,Beauty,Makeup,1,1675.05,10,1675.05,574.3,152.54,SELL021,SELL021,4.2,3
ORD00622,2025-07-04 14:00:00,Delivered,CUST0161,Male,Vijayawada,Andhra Pradesh,PROD0047,Accessories Product 47,Electronics,Accessories,1,23950.22,20,23950.22,7351.6,151.74,SELL022,SELL022,3.5,4
ORD00623,2025-03-03 20:00:00,Delivered,CUST0072,Male,Surat,Gujarat,PROD0068,Appliances Product 68,Home & Kitchen,Appliances,3,15418.76,5,46256.28,18423.72,37.61,SELL004,SELL004,3.6,2
ORD00624,2025-09-09 09:00:00,Delivered,CUST0276,Female,Tirupati,Andhra Pradesh,PROD0072,Fiction Product 72,Books,Fiction,1,3584.97,10,3584.97,708.52,427.76,SELL008,SELL008,3.9,10
ORD00625,2025-02-07 21:00:00,Delivered,CUST0098,Male,New Delhi,Delhi,PROD0095,Furniture Product 95,Home & Kitchen,Furniture,1,34602.43,10,34602.43,12117.05,189.71,SELL022,SELL022,3.5,8
ORD00625,2025-02-07 21:00:00,Delivered,CUST0098,Male,New Delhi,Delhi,PROD0020,Education Product 20,Books,Education,2,22992.57,10,45985.14,17631.6,475.8,SELL034,SELL034,4.7,3
ORD00626,2025-01-05 07:00:00,Delivered,CUST0010,Female,New Delhi,Delhi,PROD0099,Men Product 99,Fashion,Men,1,11445.85,10,11445.85,2270.53,124.16,SELL021,SELL021,4.2,6
ORD00627,2025-03-20 06:00:00,Shipped,CUST0296,Male,Chennai,Tamil Nadu,PROD0078,Fitness Product 78,Sports,Fitness,2,25261.1,5,50522.2,15557.16,478.69,SELL003,SELL003,4.7,
ORD00628,2025-06-05 05:00:00,Delivered,CUST0104,Male,Surat,Gujarat,PROD0046,Makeup Product 46,Beauty,Makeup,1,33784.51,15,33784.51,7018.41,236.63,SELL002,SELL002,4.5,10
ORD00629,2025-01-26 14:00:00,Delivered,CUST0195,Male,Bengaluru,Karnataka,PROD0016,Technology Product 16,Books,Technology,3,31531.66,5,94594.98,36362.61,301.8,SELL006,SELL006,4.5,6
ORD00630,2025-06-12 13:00:00,Delivered,CUST0184,Male,Pune,Maharashtra,PROD0033,Haircare Product 33,Beauty,Haircare,1,26446.48,5,26446.48,10364.26,33.41,SELL033,SELL033,5.0,4
ORD00631,2025-06-08 02:00:00,Delivered,CUST0185,Female,Nizamabad,Telangana,PROD0011,Haircare Product 11,Beauty,Haircare,1,31023.7,20,31023.7,2586.51,372.93,SELL031,SELL031,3.6,7
ORD00631,2025-06-08 02:00:00,Delivered,CUST0185,Female,Nizamabad,Telangana,PROD0084,Skincare Product 84,Beauty,Skincare,1,38215.39,15,38215.39,8084.58,113.36,SELL021,SELL021,4.2,2
ORD00631,2025-06-08 02:00:00,Delivered,CUST0185,Female,Nizamabad,Telangana,PROD0083,Skincare Product 83,Beauty,Skincare,1,6351.21,0,6351.21,1395.6,356.68,SELL001,SELL001,4.5,9
ORD00631,2025-06-08 02:00:00,Delivered,CUST0185,Female,Nizamabad,Telangana,PROD0050,Skincare Product 50,Beauty,Skincare,1,28307.1,15,28307.1,9220.93,437.18,SELL003,SELL003,4.7,8
ORD00632,2025-03-30 05:00:00,Cancelled,CUST0215,Female,Warangal,Telangana,PROD0024,Sportswear Product 24,Sports,Sportswear,2,44213.19,0,88426.38,38890.64,125.92,SELL008,SELL008,3.9,
ORD00632,2025-03-30 05:00:00,Cancelled,CUST0215,Female,Warangal,Telangana,PROD0047,Accessories Product 47,Electronics,Accessories,1,25447.1,15,25447.1,8848.48,154.64,SELL026,SELL026,4.3,
ORD00633,2025-01-15 15:00:00,Delivered,CUST0170,Female,Kochi,Kerala,PROD0049,Skincare Product 49,Beauty,Skincare,2,30836.78,0,61673.56,23747.26,77.05,SELL039,SELL039,4.8,8
ORD00634,2025-09-01 14:00:00,Returned,CUST0058,Female,Madurai,Tamil Nadu,PROD0078,Fitness Product 78,Sports,Fitness,1,25261.1,5,25261.1,7778.58,454.35,SELL001,SELL001,4.5,
ORD00635,2025-09-10 23:00:00,Shipped,CUST0245,Female,Chennai,Tamil Nadu,PROD0019,Technology Product 19,Books,Technology,2,41079.86,10,82159.72,29647.58,367.12,SELL015,SELL015,3.9,
ORD00636,2025-12-04 09:00:00,Delivered,CUST0095,Female,Vadodara,Gujarat,PROD0074,Sportswear Product 74,Sports,Sportswear,2,39120.27,0,78240.54,34473.12,228.35,SELL018,SELL018,4.1,9
ORD00637,2025-11-20 01:00:00,Shipped,CUST0198,Male,New Delhi,Delhi,PROD0031,Sportswear Product 31,Sports,Sportswear,1,21078.38,0,21078.38,8562.97,255.96,SELL011,SELL011,3.8,
ORD00638,2025-08-20 06:00:00,Delivered,CUST0208,Female,Mumbai,Maharashtra,PROD0084,Skincare Product 84,Beauty,Skincare,3,44959.28,0,134877.84,44485.41,449.49,SELL033,SELL033,5.0,10
ORD00638,2025-08-20 06:00:00,Delivered,CUST0208,Female,Mumbai,Maharashtra,PROD0099,Men Product 99,Fashion,Men,1,10809.97,15,10809.97,1634.65,392.84,SELL017,SELL017,3.6,6
ORD00639,2025-02-02 11:00:00,Delivered,CUST0135,Female,Warangal,Telangana,PROD0059,Accessories Product 59,Electronics,Accessories,1,1880.95,10,1880.95,617.73,89.36,SELL008,SELL008,3.9,4
ORD00640,2025-04-04 12:00:00,Shipped,CUST0259,Female,Kozhikode,Kerala,PROD0088,Laptops Product 88,Electronics,Laptops,2,39655.27,0,79310.54,30620.32,379.96,SELL015,SELL015,3.9,
ORD00641,2025-09-29 16:00:00,Delivered,CUST0289,Male,Vadodara,Gujarat,PROD0068,Appliances Product 68,Home & Kitchen,Appliances,1,14607.24,10,14607.24,5329.72,328.41,SELL024,SELL024,4.4,2
ORD00641,2025-09-29 16:00:00,Delivered,CUST0289,Male,Vadodara,Gujarat,PROD0022,Skincare Product 22,Beauty,Skincare,1,9792.44,15,9792.44,3028.25,366.56,SELL040,SELL040,4.9,2
ORD00642,2025-04-14 08:00:00,Delivered,CUST0218,Male,Surat,Gujarat,PROD0067,Accessories Product 67,Electronics,Accessories,2,3967.79,5,7935.58,1982.54,93.98,SELL027,SELL027,3.7,3
ORD00643,2025-04-17 23:00:00,Delivered,CUST0160,Female,New Delhi,Delhi,PROD0019,Technology Product 19,Books,Technology,2,41079.86,10,82159.72,29647.58,409.28,SELL031,SELL031,3.6,6
ORD00644,2025-10-30 06:00:00,Delivered,CUST0201,Female,Mysuru,Karnataka,PROD0018,Women Product 18,Fashion,Women,3,33588.29,0,100764.87,22791.12,238.39,SELL038,SELL038,4.3,3
ORD00644,2025-10-30 06:00:00,Delivered,CUST0201,Female,Mysuru,Karnataka,PROD0052,Sportswear Product 52,Sports,Sportswear,2,1261.63,0,2523.26,540.48,85.13,SELL018,SELL018,4.1,6
ORD00644,2025-10-30 06:00:00,Delivered,CUST0201,Female,Mysuru,Karnataka,PROD0016,Technology Product 16,Books,Technology,1,29872.1,10,29872.1,10461.31,311.27,SELL020,SELL020,4.6,6
ORD00645,2025-03-20 02:00:00,Processing,CUST0233,Male,Coimbatore,Tamil Nadu,PROD0006,Appliances Product 6,Home & Kitchen,Appliances,1,28831.59,5,28831.59,8031.29,304.94,SELL017,SELL017,3.6,
ORD00645,2025-03-20 02:00:00,Processing,CUST0233,Male,Coimbatore,Tamil Nadu,PROD0049,Skincare Product 49,Beauty,Skincare,2,30836.78,0,61673.56,23747.26,78.43,SELL032,SELL032,3.9,
ORD00646,2025-12-07 15:00:00,Shipped,CUST0124,Male,Pune,Maharashtra,PROD0099,Men Product 99,Fashion,Men,2,11445.85,10,22891.7,4541.06,455.22,SELL018,SELL018,4.1,
ORD00647,2025-02-12 00:00:00,Delivered,CUST0183,Male,Vadodara,Gujarat,PROD0076,Makeup Product 76,Beauty,Makeup,2,1861.17,0,3722.34,1520.84,397.03,SELL028,SELL028,4.0,4
ORD00648,2025-12-08 12:00:00,Delivered,CUST0266,Female,Nizamabad,Telangana,PROD0013,Education Product 13,Books,Education,1,11509.05,20,11509.05,785.38,142.15,SELL037,SELL037,3.6,6
ORD00649,2025-06-27 20:00:00,Shipped,CUST0021,Other,New Delhi,Delhi,PROD0052,Sportswear Product 52,Sports,Sportswear,2,1261.63,0,2523.26,540.48,296.46,SELL028,SELL028,4.0,
ORD00650,2025-05-30 13:00:00,Shipped,CUST0051,Male,Mysuru,Karnataka,PROD0088,Laptops Product 88,Electronics,Laptops,1,31724.22,20,31724.22,7379.11,160.02,SELL023,SELL023,4.2,
ORD00651,2025-04-18 17:00:00,Shipped,CUST0083,Male,Mumbai,Maharashtra,PROD0045,Women Product 45,Fashion,Women,2,12947.43,15,25894.86,8746.6,186.87,SELL012,SELL012,4.8,
ORD00652,2025-06-12 09:00:00,Delivered,CUST0117,Male,Surat,Gujarat,PROD0064,Haircare Product 64,Beauty,Haircare,2,37229.56,0,74459.12,15520.84,432.31,SELL012,SELL012,4.8,8
ORD00653,2025-03-28 10:00:00,Delivered,CUST0082,Male,Warangal,Telangana,PROD0083,Skincare Product 83,Beauty,Skincare,1,6033.65,5,6033.65,1078.04,113.62,SELL036,SELL036,4.3,2
ORD00654,2025-03-16 22:00:00,Delivered,CUST0135,Female,Warangal,Telangana,PROD0095,Furniture Product 95,Home & Kitchen,Furniture,1,30757.71,20,30757.71,8272.33,182.2,SELL019,SELL019,4.9,9
ORD00655,2025-10-08 04:00:00,Delivered,CUST0126,Male,Visakhapatnam,Andhra Pradesh,PROD0029,Skincare Product 29,Beauty,Skincare,1,15767.58,15,15767.58,821.31,98.33,SELL015,SELL015,3.9,5
ORD00655,2025-10-08 04:00:00,Delivered,CUST0126,Male,Visakhapatnam,Andhra Pradesh,PROD0032,Furniture Product 32,Home & Kitchen,Furniture,1,43681.85,0,43681.85,19041.42,317.74,SELL019,SELL019,4.9,9
ORD00656,2025-07-31 05:00:00,Shipped,CUST0099,Male,Kozhikode,Kerala,PROD0050,Skincare Product 50,Beauty,Skincare,2,26641.98,20,53283.96,15111.62,407.61,SELL017,SELL017,3.6,
ORD00656,2025-07-31 05:00:00,Shipped,CUST0099,Male,Kozhikode,Kerala,PROD0096,Fitness Product 96,Sports,Fitness,1,39531.11,5,39531.11,10823.72,464.99,SELL017,SELL017,3.6,
ORD00657,2025-12-26 07:00:00,Shipped,CUST0165,Female,Surat,Gujarat,PROD0065,Haircare Product 65,Beauty,Haircare,1,41388.84,15,41388.84,8084.22,313.92,SELL035,SELL035,4.6,
ORD00657,2025-12-26 07:00:00,Shipped,CUST0165,Female,Surat,Gujarat,PROD0091,Audio Product 91,Electronics,Audio,2,18052.61,10,36105.22,6275.4,290.41,SELL023,SELL023,4.2,
ORD00657,2025-12-26 07:00:00,Shipped,CUST0165,Female,Surat,Gujarat,PROD0061,Makeup Product 61,Beauty,Makeup,1,22611.56,5,22611.56,9285.32,55.0,SELL015,SELL015,3.9,
ORD00658,2025-10-14 14:00:00,Delivered,CUST0012,Male,Surat,Gujarat,PROD0019,Technology Product 19,Books,Technology,1,41079.86,10,41079.86,14823.79,297.78,SELL023,SELL023,4.2,4
ORD00658,2025-10-14 14:00:00,Delivered,CUST0012,Male,Surat,Gujarat,PROD0009,Decor Product 9,Home & Kitchen,Decor,2,47073.97,5,94147.94,25618.3,360.98,SELL002,SELL002,4.5,5
ORD00659,2025-12-05 14:00:00,Delivered,CUST0111,Male,Kozhikode,Kerala,PROD0066,Haircare Product 66,Beauty,Haircare,1,43922.73,5,43922.73,12011.51,350.22,SELL027,SELL027,3.7,10
ORD00660,2025-02-06 19:00:00,Delivered,CUST0062,Female,Thrissur,Kerala,PROD0077,Haircare Product 77,Beauty,Haircare,2,18757.67,0,37515.34,9152.52,466.55,SELL012,SELL012,4.8,8
ORD00661,2025-12-25 21:00:00,Delivered,CUST0294,Male,New Delhi,Delhi,PROD0044,Sportswear Product 44,Sports,Sportswear,1,29014.69,5,29014.69,8726.43,362.41,SELL012,SELL012,4.8,3
ORD00662,2025-04-27 11:00:00,Returned,CUST0103,Female,Thrissur,Kerala,PROD0068,Appliances Product 68,Home & Kitchen,Appliances,2,16230.27,0,32460.54,13905.5,291.85,SELL002,SELL002,4.5,
ORD00662,2025-04-27 11:00:00,Returned,CUST0103,Female,Thrissur,Kerala,PROD0033,Haircare Product 33,Beauty,Haircare,1,27838.4,0,27838.4,11756.18,493.01,SELL024,SELL024,4.4,
ORD00663,2025-07-11 02:00:00,Cancelled,CUST0289,Male,Vadodara,Gujarat,PROD0028,Education Product 28,Books,Education,1,10702.49,10,10702.49,3394.17,102.7,SELL023,SELL023,4.2,
ORD00664,2025-03-18 14:00:00,Delivered,CUST0260,Female,Tirupati,Andhra Pradesh,PROD0016,Technology Product 16,Books,Technology,1,33191.22,0,33191.22,13780.43,273.69,SELL007,SELL007,4.3,7
ORD00664,2025-03-18 14:00:00,Delivered,CUST0260,Female,Tirupati,Andhra Pradesh,PROD0040,Audio Product 40,Electronics,Audio,1,35659.07,10,35659.07,12395.41,498.75,SELL007,SELL007,4.3,7
ORD00664,2025-03-18 14:00:00,Delivered,CUST0260,Female,Tirupati,Andhra Pradesh,PROD0038,Makeup Product 38,Beauty,Makeup,3,16026.39,15,48079.17,11071.5,287.55,SELL022,SELL022,3.5,4
ORD00665,2025-06-23 07:00:00,Delivered,CUST0034,Female,Nagpur,Maharashtra,PROD0052,Sportswear Product 52,Sports,Sportswear,1,1072.39,15,1072.39,81.0,462.93,SELL003,SELL003,4.7,10
ORD00666,2025-09-24 02:00:00,Delivered,CUST0051,Male,Mysuru,Karnataka,PROD0069,Education Product 69,Books,Education,1,14723.26,5,14723.26,3677.59,124.44,SELL034,SELL034,4.7,7
ORD00667,2025-08-11 12:00:00,Delivered,CUST0207,Male,Nizamabad,Telangana,PROD0079,Education Product 79,Books,Education,1,10134.54,20,10134.54,2779.0,392.25,SELL025,SELL025,3.9,6
ORD00668,2025-02-15 09:00:00,Processing,CUST0097,Male,Mumbai,Maharashtra,PROD0041,Accessories Product 41,Fashion,Accessories,1,34879.58,0,34879.58,14388.73,172.38,SELL004,SELL004,3.6,
ORD00669,2025-12-17 13:00:00,Delivered,CUST0027,Female,Nizamabad,Telangana,PROD0090,Makeup Product 90,Beauty,Makeup,3,6706.12,0,20118.36,4250.07,476.48,SELL003,SELL003,4.7,9
ORD00670,2025-04-16 18:00:00,Delivered,CUST0254,Female,Pune,Maharashtra,PROD0089,Skincare Product 89,Beauty,Skincare,3,18204.6,0,54613.8,16137.57,142.98,SELL008,SELL008,3.9,7
ORD00671,2025-07-19 07:00:00,Delivered,CUST0091,Male,Coimbatore,Tamil Nadu,PROD0032,Furniture Product 32,Home & Kitchen,Furniture,2,37129.57,15,74259.14,24978.28,228.74,SELL040,SELL040,4.9,9
ORD00672,2025-04-15 20:00:00,Delivered,CUST0159,Male,Nizamabad,Telangana,PROD0053,Accessories Product 53,Electronics,Accessories,1,41698.2,15,41698.2,11357.33,413.86,SELL025,SELL025,3.9,8
ORD00673,2025-12-23 14:00:00,Delivered,CUST0022,Female,Kochi,Kerala,PROD0021,Women Product 21,Fashion,Women,1,45192.14,5,45192.14,14639.03,108.66,SELL032,SELL032,3.9,5
ORD00674,2025-05-26 17:00:00,Delivered,CUST0204,Male,Bengaluru,Karnataka,PROD0051,Men Product 51,Fashion,Men,1,45297.74,5,45297.74,12068.17,89.74,SELL006,SELL006,4.5,9
ORD00674,2025-05-26 17:00:00,Delivered,CUST0204,Male,Bengaluru,Karnataka,PROD0026,Furniture Product 26,Home & Kitchen,Furniture,1,36128.85,0,36128.85,15831.77,137.46,SELL003,SELL003,4.7,10
ORD00675,2025-08-12 19:00:00,Delivered,CUST0124,Male,Pune,Maharashtra,PROD0085,Audio Product 85,Electronics,Audio,2,30127.53,10,60255.06,10606.5,50.57,SELL013,SELL013,5.0,4
ORD00675,2025-08-12 19:00:00,Delivered,CUST0124,Male,Pune,Maharashtra,PROD0065,Haircare Product 65,Beauty,Haircare,3,48692.75,0,146078.25,46164.39,476.69,SELL001,SELL001,4.5,5
ORD00676,2025-07-14 04:00:00,Cancelled,CUST0201,Female,Mysuru,Karnataka,PROD0043,Smartphones Product 43,Electronics,Smartphones,1,12333.11,5,12333.11,2266.18,426.41,SELL029,SELL029,3.6,
ORD00677,2025-01-30 03:00:00,Delivered,CUST0163,Male,Vijayawada,Andhra Pradesh,PROD0022,Skincare Product 22,Beauty,Skincare,1,11520.52,0,11520.52,4756.33,78.78,SELL021,SELL021,4.2,2
ORD00678,2025-03-03 07:00:00,Shipped,CUST0291,Female,Kozhikode,Kerala,PROD0061,Makeup Product 61,Beauty,Makeup,1,23801.64,0,23801.64,10475.4,319.54,SELL037,SELL037,3.6,
ORD00679,2025-11-10 08:00:00,Delivered,CUST0252,Male,Thrissur,Kerala,PROD0020,Education Product 20,Books,Education,1,25547.3,0,25547.3,11370.53,373.56,SELL024,SELL024,4.4,7
ORD00679,2025-11-10 08:00:00,Delivered,CUST0252,Male,Thrissur,Kerala,PROD0059,Accessories Product 59,Electronics,Accessories,4,1776.45,15,7105.8,2052.92,203.0,SELL025,SELL025,3.9,7
ORD00679,2025-11-10 08:00:00,Delivered,CUST0252,Male,Thrissur,Kerala,PROD0069,Education Product 69,Books,Education,1,15498.17,0,15498.17,4452.5,50.0,SELL002,SELL002,4.5,9
ORD00680,2025-07-25 04:00:00,Shipped,CUST0117,Male,Surat,Gujarat,PROD0054,Audio Product 54,Electronics,Audio,2,37504.93,5,75009.86,24232.4,212.57,SELL030,SELL030,4.3,
ORD00681,2025-05-06 06:00:00,Delivered,CUST0106,Female,Kochi,Kerala,PROD0080,Fiction Product 80,Books,Fiction,1,22569.7,10,22569.7,6156.85,221.86,SELL030,SELL030,4.3,9
ORD00681,2025-05-06 06:00:00,Delivered,CUST0106,Female,Kochi,Kerala,PROD0047,Accessories Product 47,Electronics,Accessories,1,29937.77,0,29937.77,13339.15,81.07,SELL020,SELL020,4.6,9
ORD00682,2025-04-13 06:00:00,Delivered,CUST0027,Female,Nizamabad,Telangana,PROD0056,Education Product 56,Books,Education,2,6542.77,5,13085.54,4199.48,343.49,SELL002,SELL002,4.5,10
ORD00682,2025-04-13 06:00:00,Delivered,CUST0027,Female,Nizamabad,Telangana,PROD0024,Sportswear Product 24,Sports,Sportswear,4,39791.87,10,159167.48,60096.0,391.54,SELL018,SELL018,4.1,5
ORD00682,2025-04-13 06:00:00,Delivered,CUST0027,Female,Nizamabad,Telangana,PROD0057,Women Product 57,Fashion,Women,1,35327.35,15,35327.35,4785.22,100.82,SELL026,SELL026,4.3,8
ORD00683,2025-11-09 19:00:00,Delivered,CUST0162,Male,Hyderabad,Telangana,PROD0009,Decor Product 9,Home & Kitchen,Decor,1,42118.82,15,42118.82,7854.0,438.65,SELL006,SELL006,4.5,9
ORD00684,2025-03-19 06:00:00,Delivered,CUST0104,Male,Surat,Gujarat,PROD0058,Education Product 58,Books,Education,1,31678.86,0,31678.86,7314.51,172.52,SELL031,SELL031,3.6,8
ORD00685,2025-03-02 17:00:00,Processing,CUST0213,Female,Coimbatore,Tamil Nadu,PROD0090,Makeup Product 90,Beauty,Makeup,2,5700.2,15,11400.4,821.54,488.78,SELL018,SELL018,4.1,
ORD00686,2025-07-15 15:00:00,Delivered,CUST0070,Female,Madurai,Tamil Nadu,PROD0047,Accessories Product 47,Electronics,Accessories,1,28440.88,5,28440.88,11842.26,39.33,SELL038,SELL038,4.3,2
ORD00686,2025-07-15 15:00:00,Delivered,CUST0070,Female,Madurai,Tamil Nadu,PROD0057,Women Product 57,Fashion,Women,3,39483.51,5,118450.53,26824.14,446.23,SELL032,SELL032,3.9,9
ORD00687,2025-04-01 04:00:00,Delivered,CUST0036,Female,New Delhi,Delhi,PROD0086,Sportswear Product 86,Sports,Sportswear,3,14695.52,0,44086.56,16268.46,364.36,SELL013,SELL013,5.0,6
ORD00688,2025-11-15 18:00:00,Delivered,CUST0009,Male,Visakhapatnam,Andhra Pradesh,PROD0036,Skincare Product 36,Beauty,Skincare,3,47334.06,0,142002.18,55387.92,179.73,SELL034,SELL034,4.7,3
ORD00689,2025-08-10 10:00:00,Delivered,CUST0230,Female,New Delhi,Delhi,PROD0011,Haircare Product 11,Beauty,Haircare,1,38779.62,0,38779.62,10342.43,489.78,SELL022,SELL022,3.5,2
ORD00690,2025-06-04 12:00:00,Delivered,CUST0010,Female,New Delhi,Delhi,PROD0035,Accessories Product 35,Fashion,Accessories,1,38495.63,15,38495.63,11784.91,431.2,SELL025,SELL025,3.9,7
ORD00690,2025-06-04 12:00:00,Delivered,CUST0010,Female,New Delhi,Delhi,PROD0090,Makeup Product 90,Beauty,Makeup,1,6706.12,0,6706.12,1416.69,473.17,SELL028,SELL028,4.0,5
ORD00691,2025-08-19 21:00:00,Delivered,CUST0043,Female,Vijayawada,Andhra Pradesh,PROD0015,Sportswear Product 15,Sports,Sportswear,2,6193.15,15,12386.3,2995.28,80.31,SELL002,SELL002,4.5,6
ORD00692,2025-02-08 00:00:00,Delivered,CUST0045,Male,Vijayawada,Andhra Pradesh,PROD0010,Fitness Product 10,Sports,Fitness,1,18353.92,0,18353.92,3710.37,342.52,SELL030,SELL030,4.3,10
ORD00692,2025-02-08 00:00:00,Delivered,CUST0045,Male,Vijayawada,Andhra Pradesh,PROD0020,Education Product 20,Books,Education,1,22992.57,10,22992.57,8815.8,123.78,SELL040,SELL040,4.9,3
ORD00692,2025-02-08 00:00:00,Delivered,CUST0045,Male,Vijayawada,Andhra Pradesh,PROD0075,Laptops Product 75,Electronics,Laptops,1,35083.03,10,35083.03,9787.83,73.05,SELL006,SELL006,4.5,7
ORD00693,2025-06-14 20:00:00,Delivered,CUST0199,Male,Madurai,Tamil Nadu,PROD0078,Fitness Product 78,Sports,Fitness,2,25261.1,5,50522.2,15557.16,434.62,SELL019,SELL019,4.9,2
ORD00693,2025-06-14 20:00:00,Delivered,CUST0199,Male,Madurai,Tamil Nadu,PROD0091,Audio Product 91,Electronics,Audio,1,20058.46,0,20058.46,5143.55,112.65,SELL029,SELL029,3.6,6
ORD00693,2025-06-14 20:00:00,Delivered,CUST0199,Male,Madurai,Tamil Nadu,PROD0024,Sportswear Product 24,Sports,Sportswear,1,37581.21,15,37581.21,12813.34,300.45,SELL013,SELL013,5.0,5
ORD00693,2025-06-14 20:00:00,Delivered,CUST0199,Male,Madurai,Tamil Nadu,PROD0061,Makeup Product 61,Beauty,Makeup,2,21421.48,10,42842.96,16190.48,65.62,SELL013,SELL013,5.0,2
ORD00694,2025-11-22 18:00:00,Delivered,CUST0203,Female,Kochi,Kerala,PROD0033,Haircare Product 33,Beauty,Haircare,2,26446.48,5,52892.96,20728.52,337.78,SELL023,SELL023,4.2,5
ORD00695,2025-02-02 15:00:00,Delivered,CUST0032,Female,Vijayawada,Andhra Pradesh,PROD0011,Haircare Product 11,Beauty,Haircare,1,34901.66,10,34901.66,6464.47,71.47,SELL029,SELL029,3.6,7
ORD00695,2025-02-02 15:00:00,Delivered,CUST0032,Female,Vijayawada,Andhra Pradesh,PROD0087,Furniture Product 87,Home & Kitchen,Furniture,2,33775.94,15,67551.88,12925.14,358.1,SELL038,SELL038,4.3,8
ORD00696,2025-05-15 23:00:00,Shipped,CUST0292,Male,Vijayawada,Andhra Pradesh,PROD0064,Haircare Product 64,Beauty,Haircare,2,37229.56,0,74459.12,15520.84,499.58,SELL020,SELL020,4.6,
ORD00697,2025-08-27 14:00:00,Delivered,CUST0210,Female,Warangal,Telangana,PROD0060,Kitchen Product 60,Home & Kitchen,Kitchen,1,14355.8,10,14355.8,4247.39,211.22,SELL029,SELL029,3.6,2
ORD00698,2025-07-15 20:00:00,Delivered,CUST0163,Male,Vijayawada,Andhra Pradesh,PROD0023,Audio Product 23,Electronics,Audio,3,42260.31,0,126780.93,53589.27,37.7,SELL038,SELL038,4.3,4
ORD00698,2025-07-15 20:00:00,Delivered,CUST0163,Male,Vijayawada,Andhra Pradesh,PROD0020,Education Product 20,Books,Education,1,25547.3,0,25547.3,11370.53,40.19,SELL031,SELL031,3.6,10
ORD00699,2025-04-27 06:00:00,Delivered,CUST0143,Male,Surat,Gujarat,PROD0021,Women Product 21,Fashion,Women,1,47570.67,0,47570.67,17017.56,477.89,SELL004,SELL004,3.6,7
ORD00699,2025-04-27 06:00:00,Delivered,CUST0143,Male,Surat,Gujarat,PROD0063,Audio Product 63,Electronics,Audio,1,13842.53,0,13842.53,3241.61,273.82,SELL031,SELL031,3.6,10
ORD00699,2025-04-27 06:00:00,Delivered,CUST0143,Male,Surat,Gujarat,PROD0086,Sportswear Product 86,Sports,Sportswear,2,13960.74,5,27921.48,9376.08,36.09,SELL032,SELL032,3.9,8
ORD00700,2025-11-03 04:00:00,Delivered,CUST0063,Other,Kozhikode,Kerala,PROD0017,Fiction Product 17,Books,Fiction,3,15651.7,0,46955.1,16354.29,240.13,SELL037,SELL037,3.6,8
ORD00700,2025-11-03 04:00:00,Delivered,CUST0063,Other,Kozhikode,Kerala,PROD0048,Sportswear Product 48,Sports,Sportswear,1,10443.46,15,10443.46,3209.64,353.49,SELL027,SELL027,3.7,8
ORD00701,2025-05-24 17:00:00,Delivered,CUST0244,Female,Hyderabad,Telangana,PROD0042,Education Product 42,Books,Education,2,20311.13,10,40622.26,15733.56,412.26,SELL015,SELL015,3.9,2
ORD00701,2025-05-24 17:00:00,Delivered,CUST0244,Female,Hyderabad,Telangana,PROD0081,Fitness Product 81,Sports,Fitness,1,12609.72,5,12609.72,4376.53,39.12,SELL016,SELL016,4.2,8
ORD00701,2025-05-24 17:00:00,Delivered,CUST0244,Female,Hyderabad,Telangana,PROD0074,Sportswear Product 74,Sports,Sportswear,2,37164.26,5,74328.52,30561.1,99.73,SELL033,SELL033,5.0,5
ORD00702,2025-08-19 12:00:00,Shipped,CUST0035,Male,Madurai,Tamil Nadu,PROD0100,Outdoor Product 100,Sports,Outdoor,1,6477.22,0,6477.22,2385.15,31.44,SELL004,SELL004,3.6,
ORD00703,2025-09-06 10:00:00,Delivered,CUST0164,Male,Madurai,Tamil Nadu,PROD0077,Haircare Product 77,Beauty,Haircare,1,16881.9,10,16881.9,2700.49,375.68,SELL039,SELL039,4.8,7
ORD00704,2025-05-08 12:00:00,Delivered,CUST0145,Female,Nagpur,Maharashtra,PROD0019,Technology Product 19,Books,Technology,1,41079.86,10,41079.86,14823.79,388.32,SELL019,SELL019,4.9,6
ORD00705,2025-11-17 12:00:00,Delivered,CUST0229,Female,Madurai,Tamil Nadu,PROD0036,Skincare Product 36,Beauty,Skincare,1,42600.65,10,42600.65,13729.23,243.07,SELL030,SELL030,4.3,9
ORD00706,2025-06-17 17:00:00,Delivered,CUST0027,Female,Nizamabad,Telangana,PROD0004,Makeup Product 4,Beauty,Makeup,1,26435.88,5,26435.88,5181.69,183.51,SELL028,SELL028,4.0,8
ORD00707,2025-01-21 16:00:00,Delivered,CUST0292,Male,Vijayawada,Andhra Pradesh,PROD0009,Decor Product 9,Home & Kitchen,Decor,1,47073.97,5,47073.97,12809.15,471.86,SELL009,SELL009,4.2,2
ORD00708,2025-06-23 02:00:00,Delivered,CUST0183,Male,Vadodara,Gujarat,PROD0068,Appliances Product 68,Home & Kitchen,Appliances,1,15418.76,5,15418.76,6141.24,102.84,SELL027,SELL027,3.7,9
ORD00709,2025-03-23 03:00:00,Shipped,CUST0230,Female,New Delhi,Delhi,PROD0088,Laptops Product 88,Electronics,Laptops,1,35689.74,10,35689.74,11344.63,357.73,SELL036,SELL036,4.3,
ORD00710,2025-09-14 10:00:00,Delivered,CUST0071,Female,Thrissur,Kerala,PROD0098,Appliances Product 98,Home & Kitchen,Appliances,1,42648.56,10,42648.56,9946.48,357.65,SELL019,SELL019,4.9,7
ORD00711,2025-10-26 15:00:00,Delivered,CUST0118,Female,Surat,Gujarat,PROD0022,Skincare Product 22,Beauty,Skincare,1,10944.49,5,10944.49,4180.3,460.14,SELL026,SELL026,4.3,3
ORD00712,2025-03-23 06:00:00,Delivered,CUST0199,Male,Madurai,Tamil Nadu,PROD0051,Men Product 51,Fashion,Men,1,45297.74,5,45297.74,12068.17,484.84,SELL019,SELL019,4.9,4
ORD00712,2025-03-23 06:00:00,Delivered,CUST0199,Male,Madurai,Tamil Nadu,PROD0016,Technology Product 16,Books,Technology,2,33191.22,0,66382.44,27560.86,82.97,SELL033,SELL033,5.0,3
ORD00713,2025-10-19 23:00:00,Delivered,CUST0103,Female,Thrissur,Kerala,PROD0039,Audio Product 39,Electronics,Audio,1,10278.72,10,10278.72,3014.58,296.42,SELL030,SELL030,4.3,2
ORD00713,2025-10-19 23:00:00,Delivered,CUST0103,Female,Thrissur,Kerala,PROD0047,Accessories Product 47,Electronics,Accessories,1,29937.77,0,29937.77,13339.15,35.81,SELL017,SELL017,3.6,3
ORD00714,2025-09-13 23:00:00,Delivered,CUST0106,Female,Kochi,Kerala,PROD0022,Skincare Product 22,Beauty,Skincare,1,10944.49,5,10944.49,4180.3,403.65,SELL032,SELL032,3.9,10
ORD00715,2025-11-12 03:00:00,Processing,CUST0040,Male,Tirupati,Andhra Pradesh,PROD0036,Skincare Product 36,Beauty,Skincare,1,42600.65,10,42600.65,13729.23,481.77,SELL020,SELL020,4.6,
ORD00715,2025-11-12 03:00:00,Processing,CUST0040,Male,Tirupati,Andhra Pradesh,PROD0001,Audio Product 1,Electronics,Audio,1,25490.01,0,25490.01,9334.18,119.67,SELL007,SELL007,4.3,
ORD00716,2025-05-24 13:00:00,Delivered,CUST0039,Male,Hyderabad,Telangana,PROD0019,Technology Product 19,Books,Technology,1,38797.65,15,38797.65,12541.58,492.14,SELL017,SELL017,3.6,6
ORD00717,2025-03-31 00:00:00,Delivered,CUST0244,Female,Hyderabad,Telangana,PROD0089,Skincare Product 89,Beauty,Skincare,1,16384.14,10,16384.14,3558.73,255.47,SELL018,SELL018,4.1,4
ORD00717,2025-03-31 00:00:00,Delivered,CUST0244,Female,Hyderabad,Telangana,PROD0072,Fiction Product 72,Books,Fiction,1,3784.14,5,3784.14,907.69,207.39,SELL010,SELL010,4.2,8
ORD00718,2025-10-23 01:00:00,Delivered,CUST0007,Male,Coimbatore,Tamil Nadu,PROD0093,Fitness Product 93,Sports,Fitness,2,6485.01,0,12970.02,4726.3,157.82,SELL013,SELL013,5.0,4
ORD00718,2025-10-23 01:00:00,Delivered,CUST0007,Male,Coimbatore,Tamil Nadu,PROD0062,Fiction Product 62,Books,Fiction,1,13759.82,5,13759.82,2422.06,30.92,SELL013,SELL013,5.0,4
ORD00719,2025-10-14 22:00:00,Delivered,CUST0223,Male,Mangaluru,Karnataka,PROD0047,Accessories Product 47,Electronics,Accessories,1,28440.88,5,28440.88,11842.26,252.06,SELL006,SELL006,4.5,8
ORD00720,2025-03-16 10:00:00,Delivered,CUST0277,Male,Thrissur,Kerala,PROD0060,Kitchen Product 60,Home & Kitchen,Kitchen,2,15950.89,0,31901.78,11684.96,346.15,SELL023,SELL023,4.2,6
ORD00721,2025-11-05 08:00:00,Processing,CUST0045,Male,Vijayawada,Andhra Pradesh,PROD0097,Women Product 97,Fashion,Women,2,8307.86,0,16615.72,3283.62,50.1,SELL035,SELL035,4.6,
ORD00722,2025-11-03 10:00:00,Delivered,CUST0075,Male,Mangaluru,Karnataka,PROD0018,Women Product 18,Fashion,Women,1,31908.88,5,31908.88,5917.63,82.58,SELL026,SELL026,4.3,6
ORD00722,2025-11-03 10:00:00,Delivered,CUST0075,Male,Mangaluru,Karnataka,PROD0027,Women Product 27,Fashion,Women,1,46062.68,5,46062.68,11401.2,300.47,SELL033,SELL033,5.0,3
ORD00723,2025-09-08 03:00:00,Delivered,CUST0172,Female,Mysuru,Karnataka,PROD0067,Accessories Product 67,Electronics,Accessories,1,3758.96,10,3758.96,782.44,353.27,SELL015,SELL015,3.9,10
ORD00723,2025-09-08 03:00:00,Delivered,CUST0172,Female,Mysuru,Karnataka,PROD0085,Audio Product 85,Electronics,Audio,1,30127.53,10,30127.53,5303.25,103.18,SELL007,SELL007,4.3,2
ORD00723,2025-09-08 03:00:00,Delivered,CUST0172,Female,Mysuru,Karnataka,PROD0051,Men Product 51,Fashion,Men,2,40529.56,15,81059.12,14599.98,485.56,SELL013,SELL013,5.0,4
ORD00724,2025-07-27 09:00:00,Shipped,CUST0124,Male,Pune,Maharashtra,PROD0004,Makeup Product 4,Beauty,Makeup,1,27827.24,0,27827.24,6573.05,419.0,SELL002,SELL002,4.5,
ORD00724,2025-07-27 09:00:00,Shipped,CUST0124,Male,Pune,Maharashtra,PROD0003,Smartphones Product 3,Electronics,Smartphones,1,29304.34,5,29304.34,8115.51,85.91,SELL005,SELL005,3.8,
ORD00725,2025-07-18 11:00:00,Delivered,CUST0176,Male,Tirupati,Andhra Pradesh,PROD0079,Education Product 79,Books,Education,1,12034.77,5,12034.77,4679.23,44.81,SELL038,SELL038,4.3,6
ORD00726,2025-02-20 13:00:00,Delivered,CUST0276,Female,Tirupati,Andhra Pradesh,PROD0063,Audio Product 63,Electronics,Audio,3,12458.28,10,37374.84,5572.08,70.81,SELL003,SELL003,4.7,7
ORD00726,2025-02-20 13:00:00,Delivered,CUST0276,Female,Tirupati,Andhra Pradesh,PROD0004,Makeup Product 4,Beauty,Makeup,1,27827.24,0,27827.24,6573.05,370.41,SELL017,SELL017,3.6,6
ORD00726,2025-02-20 13:00:00,Delivered,CUST0276,Female,Tirupati,Andhra Pradesh,PROD0049,Skincare Product 49,Beauty,Skincare,1,27753.1,10,27753.1,8789.95,143.45,SELL007,SELL007,4.3,2
ORD00727,2025-11-11 13:00:00,Delivered,CUST0111,Male,Kozhikode,Kerala,PROD0004,Makeup Product 4,Beauty,Makeup,1,26435.88,5,26435.88,5181.69,247.69,SELL033,SELL033,5.0,10
ORD00728,2025-10-27 03:00:00,Delivered,CUST0130,Female,Coimbatore,Tamil Nadu,PROD0021,Women Product 21,Fashion,Women,1,47570.67,0,47570.67,17017.56,81.55,SELL003,SELL003,4.7,7
ORD00729,2025-09-04 15:00:00,Delivered,CUST0102,Other,Hyderabad,Telangana,PROD0023,Audio Product 23,Electronics,Audio,1,42260.31,0,42260.31,17863.09,189.83,SELL025,SELL025,3.9,5
ORD00730,2025-08-16 22:00:00,Cancelled,CUST0118,Female,Surat,Gujarat,PROD0078,Fitness Product 78,Sports,Fitness,1,25261.1,5,25261.1,7778.58,403.34,SELL037,SELL037,3.6,
ORD00731,2025-02-24 13:00:00,Delivered,CUST0279,Male,Visakhapatnam,Andhra Pradesh,PROD0009,Decor Product 9,Home & Kitchen,Decor,1,42118.82,15,42118.82,7854.0,198.09,SELL006,SELL006,4.5,7
ORD00732,2025-03-03 00:00:00,Delivered,CUST0071,Female,Thrissur,Kerala,PROD0070,Skincare Product 70,Beauty,Skincare,1,32837.51,5,32837.51,10545.41,486.31,SELL024,SELL024,4.4,8
ORD00733,2025-04-14 04:00:00,Delivered,CUST0119,Male,Coimbatore,Tamil Nadu,PROD0066,Haircare Product 66,Beauty,Haircare,1,41611.0,10,41611.0,9699.78,305.22,SELL001,SELL001,4.5,7
ORD00734,2025-06-13 07:00:00,Processing,CUST0071,Female,Thrissur,Kerala,PROD0062,Fiction Product 62,Books,Fiction,1,13759.82,5,13759.82,2422.06,327.7,SELL014,SELL014,4.3,
ORD00735,2025-12-08 04:00:00,Shipped,CUST0075,Male,Mangaluru,Karnataka,PROD0010,Fitness Product 10,Sports,Fitness,1,16518.53,10,16518.53,1874.98,224.35,SELL037,SELL037,3.6,
ORD00736,2025-07-28 01:00:00,Delivered,CUST0135,Female,Warangal,Telangana,PROD0025,Women Product 25,Fashion,Women,1,26966.71,10,26966.71,9239.15,437.46,SELL024,SELL024,4.4,5
ORD00737,2025-11-27 20:00:00,Delivered,CUST0209,Male,Visakhapatnam,Andhra Pradesh,PROD0056,Education Product 56,Books,Education,1,6542.77,5,6542.77,2099.74,361.1,SELL002,SELL002,4.5,7
ORD00737,2025-11-27 20:00:00,Delivered,CUST0209,Male,Visakhapatnam,Andhra Pradesh,PROD0077,Haircare Product 77,Beauty,Haircare,2,18757.67,0,37515.34,9152.52,160.37,SELL010,SELL010,4.2,4
ORD00738,2025-10-02 19:00:00,Delivered,CUST0156,Male,New Delhi,Delhi,PROD0050,Skincare Product 50,Beauty,Skincare,2,28307.1,15,56614.2,18441.86,314.45,SELL038,SELL038,4.3,6
ORD00739,2025-06-25 17:00:00,Delivered,CUST0251,Male,Vadodara,Gujarat,PROD0035,Accessories Product 35,Fashion,Accessories,1,45288.98,0,45288.98,18578.26,465.61,SELL019,SELL019,4.9,5
ORD00740,2025-06-21 16:00:00,Delivered,CUST0099,Male,Kozhikode,Kerala,PROD0025,Women Product 25,Fashion,Women,2,29963.01,0,59926.02,24470.9,391.86,SELL040,SELL040,4.9,9
ORD00741,2025-06-14 06:00:00,Shipped,CUST0284,Male,Pune,Maharashtra,PROD0038,Makeup Product 38,Beauty,Makeup,1,16969.12,10,16969.12,4633.23,420.28,SELL016,SELL016,4.2,
ORD00741,2025-06-14 06:00:00,Shipped,CUST0284,Male,Pune,Maharashtra,PROD0082,Skincare Product 82,Beauty,Skincare,2,42346.29,15,84692.58,22208.82,206.25,SELL012,SELL012,4.8,
ORD00742,2025-06-24 04:00:00,Delivered,CUST0276,Female,Tirupati,Andhra Pradesh,PROD0071,Audio Product 71,Electronics,Audio,1,30838.86,0,30838.86,10255.96,469.04,SELL026,SELL026,4.3,9
ORD00743,2025-09-19 18:00:00,Delivered,CUST0142,Female,Kochi,Kerala,PROD0063,Audio Product 63,Electronics,Audio,1,13150.4,5,13150.4,2549.48,177.18,SELL039,SELL039,4.8,7
ORD00744,2025-02-05 08:00:00,Delivered,CUST0022,Female,Kochi,Kerala,PROD0096,Fitness Product 96,Sports,Fitness,1,35369.94,15,35369.94,6662.55,296.29,SELL028,SELL028,4.0,2
ORD00745,2025-08-09 07:00:00,Delivered,CUST0146,Female,Nizamabad,Telangana,PROD0071,Audio Product 71,Electronics,Audio,2,30838.86,0,61677.72,20511.92,290.24,SELL023,SELL023,4.2,9
ORD00746,2025-10-05 19:00:00,Delivered,CUST0105,Female,Hyderabad,Telangana,PROD0035,Accessories Product 35,Fashion,Accessories,1,45288.98,0,45288.98,18578.26,221.01,SELL032,SELL032,3.9,8
ORD00747,2025-02-24 00:00:00,Delivered,CUST0144,Male,Kochi,Kerala,PROD0050,Skincare Product 50,Beauty,Skincare,1,33302.47,0,33302.47,14216.3,68.54,SELL029,SELL029,3.6,7
ORD00748,2025-01-12 17:00:00,Shipped,CUST0195,Male,Bengaluru,Karnataka,PROD0068,Appliances Product 68,Home & Kitchen,Appliances,1,15418.76,5,15418.76,6141.24,319.35,SELL022,SELL022,3.5,
ORD00749,2025-03-28 12:00:00,Delivered,CUST0194,Male,Kozhikode,Kerala,PROD0038,Makeup Product 38,Beauty,Makeup,1,16026.39,15,16026.39,3690.5,481.51,SELL015,SELL015,3.9,7
ORD00750,2025-01-12 12:00:00,Delivered,CUST0232,Female,Vadodara,Gujarat,PROD0058,Education Product 58,Books,Education,1,31678.86,0,31678.86,7314.51,137.42,SELL028,SELL028,4.0,9
ORD00751,2025-03-22 05:00:00,Delivered,CUST0246,Male,Chennai,Tamil Nadu,PROD0026,Furniture Product 26,Home & Kitchen,Furniture,3,34322.41,5,102967.23,42075.99,387.53,SELL003,SELL003,4.7,5
ORD00752,2025-11-12 22:00:00,Delivered,CUST0048,Male,Kozhikode,Kerala,PROD0020,Education Product 20,Books,Education,1,24269.93,5,24269.93,10093.16,439.37,SELL019,SELL019,4.9,9
ORD00753,2025-02-17 19:00:00,Delivered,CUST0119,Male,Coimbatore,Tamil Nadu,PROD0095,Furniture Product 95,Home & Kitchen,Furniture,1,36524.78,5,36524.78,14039.4,108.93,SELL036,SELL036,4.3,6
ORD00753,2025-02-17 19:00:00,Delivered,CUST0119,Male,Coimbatore,Tamil Nadu,PROD0023,Audio Product 23,Electronics,Audio,2,42260.31,0,84520.62,35726.18,364.89,SELL002,SELL002,4.5,10
ORD00753,2025-02-17 19:00:00,Delivered,CUST0119,Male,Coimbatore,Tamil Nadu,PROD0037,Haircare Product 37,Beauty,Haircare,2,46540.98,0,93081.96,31459.64,398.08,SELL005,SELL005,3.8,7
ORD00754,2025-07-08 23:00:00,Delivered,CUST0284,Male,Pune,Maharashtra,PROD0042,Education Product 42,Books,Education,1,22567.92,0,22567.92,10123.57,267.12,SELL018,SELL018,4.1,4
ORD00754,2025-07-08 23:00:00,Delivered,CUST0284,Male,Pune,Maharashtra,PROD0022,Skincare Product 22,Beauty,Skincare,1,11520.52,0,11520.52,4756.33,250.46,SELL004,SELL004,3.6,7
ORD00755,2025-05-23 14:00:00,Delivered,CUST0294,Male,New Delhi,Delhi,PROD0082,Skincare Product 82,Beauty,Skincare,2,49819.16,0,99638.32,37154.56,207.39,SELL039,SELL039,4.8,3
ORD00756,2025-10-05 23:00:00,Delivered,CUST0282,Male,Mumbai,Maharashtra,PROD0046,Makeup Product 46,Beauty,Makeup,2,37759.16,5,75518.32,21986.12,221.61,SELL026,SELL026,4.3,4
ORD00756,2025-10-05 23:00:00,Delivered,CUST0282,Male,Mumbai,Maharashtra,PROD0078,Fitness Product 78,Sports,Fitness,2,26590.63,0,53181.26,18216.22,47.12,SELL033,SELL033,5.0,4
ORD00756,2025-10-05 23:00:00,Delivered,CUST0282,Male,Mumbai,Maharashtra,PROD0074,Sportswear Product 74,Sports,Sportswear,1,37164.26,5,37164.26,15280.55,170.27,SELL005,SELL005,3.8,7
ORD00757,2025-06-11 15:00:00,Delivered,CUST0013,Male,New Delhi,Delhi,PROD0019,Technology Product 19,Books,Technology,2,41079.86,10,82159.72,29647.58,382.14,SELL029,SELL029,3.6,10
ORD00758,2025-08-13 08:00:00,Delivered,CUST0117,Male,Surat,Gujarat,PROD0060,Kitchen Product 60,Home & Kitchen,Kitchen,3,15950.89,0,47852.67,17527.44,98.4,SELL027,SELL027,3.7,6
ORD00758,2025-08-13 08:00:00,Delivered,CUST0117,Male,Surat,Gujarat,PROD0017,Fiction Product 17,Books,Fiction,1,15651.7,0,15651.7,5451.43,248.59,SELL007,SELL007,4.3,8
ORD00759,2025-09-20 17:00:00,Delivered,CUST0182,Male,Vijayawada,Andhra Pradesh,PROD0046,Makeup Product 46,Beauty,Makeup,1,33784.51,15,33784.51,7018.41,107.99,SELL022,SELL022,3.5,9
ORD00760,2025-01-13 16:00:00,Delivered,CUST0031,Male,New Delhi,Delhi,PROD0079,Education Product 79,Books,Education,1,12668.18,0,12668.18,5312.64,202.94,SELL030,SELL030,4.3,2
ORD00761,2025-09-21 01:00:00,Delivered,CUST0222,Female,New Delhi,Delhi,PROD0020,Education Product 20,Books,Education,1,22992.57,10,22992.57,8815.8,373.78,SELL025,SELL025,3.9,3
ORD00762,2025-11-12 12:00:00,Delivered,CUST0048,Male,Kozhikode,Kerala,PROD0018,Women Product 18,Fashion,Women,1,33588.29,0,33588.29,7597.04,405.75,SELL013,SELL013,5.0,9
ORD00763,2025-02-03 05:00:00,Shipped,CUST0001,Female,Vijayawada,Andhra Pradesh,PROD0060,Kitchen Product 60,Home & Kitchen,Kitchen,3,15153.35,5,45460.05,15134.82,67.59,SELL011,SELL011,3.8,
ORD00764,2025-08-29 08:00:00,Delivered,CUST0191,Other,Vijayawada,Andhra Pradesh,PROD0081,Fitness Product 81,Sports,Fitness,1,11946.05,10,11946.05,3712.86,422.62,SELL021,SELL021,4.2,7
ORD00764,2025-08-29 08:00:00,Delivered,CUST0191,Other,Vijayawada,Andhra Pradesh,PROD0086,Sportswear Product 86,Sports,Sportswear,1,14695.52,0,14695.52,5422.82,309.11,SELL038,SELL038,4.3,4
ORD00765,2025-06-18 16:00:00,Delivered,CUST0140,Female,Thrissur,Kerala,PROD0076,Makeup Product 76,Beauty,Makeup,2,1861.17,0,3722.34,1520.84,417.31,SELL020,SELL020,4.6,4
ORD00766,2025-05-08 14:00:00,Processing,CUST0113,Male,Vijayawada,Andhra Pradesh,PROD0053,Accessories Product 53,Electronics,Accessories,1,49056.71,0,49056.71,18715.84,68.13,SELL026,SELL026,4.3,
ORD00767,2025-01-30 13:00:00,Delivered,CUST0161,Male,Vijayawada,Andhra Pradesh,PROD0043,Smartphones Product 43,Electronics,Smartphones,1,11034.89,15,11034.89,967.96,261.17,SELL020,SELL020,4.6,9
ORD00767,2025-01-30 13:00:00,Delivered,CUST0161,Male,Vijayawada,Andhra Pradesh,PROD0048,Sportswear Product 48,Sports,Sportswear,1,11672.1,5,11672.1,4438.28,429.24,SELL026,SELL026,4.3,4
ORD00767,2025-01-30 13:00:00,Delivered,CUST0161,Male,Vijayawada,Andhra Pradesh,PROD0016,Technology Product 16,Books,Technology,1,28212.54,15,28212.54,8801.75,187.97,SELL019,SELL019,4.9,6
ORD00768,2025-02-12 23:00:00,Delivered,CUST0043,Female,Vijayawada,Andhra Pradesh,PROD0090,Makeup Product 90,Beauty,Makeup,4,6706.12,0,26824.48,5666.76,113.46,SELL010,SELL010,4.2,8
ORD00769,2025-12-14 21:00:00,Processing,CUST0188,Female,Pune,Maharashtra,PROD0022,Skincare Product 22,Beauty,Skincare,1,11520.52,0,11520.52,4756.33,303.95,SELL020,SELL020,4.6,
ORD00770,2025-07-20 15:00:00,Delivered,CUST0088,Female,New Delhi,Delhi,PROD0079,Education Product 79,Books,Education,1,12034.77,5,12034.77,4679.23,430.63,SELL019,SELL019,4.9,7
ORD00771,2025-02-19 15:00:00,Delivered,CUST0264,Male,Kochi,Kerala,PROD0086,Sportswear Product 86,Sports,Sportswear,2,13960.74,5,27921.48,9376.08,269.17,SELL031,SELL031,3.6,4
ORD00771,2025-02-19 15:00:00,Delivered,CUST0264,Male,Kochi,Kerala,PROD0021,Women Product 21,Fashion,Women,2,40435.07,15,80870.14,19763.92,226.45,SELL019,SELL019,4.9,5
ORD00772,2025-12-08 10:00:00,Delivered,CUST0159,Male,Nizamabad,Telangana,PROD0008,Men Product 8,Fashion,Men,2,25351.31,0,50702.62,20453.9,499.17,SELL038,SELL038,4.3,8
ORD00773,2025-06-20 22:00:00,Delivered,CUST0145,Female,Nagpur,Maharashtra,PROD0083,Skincare Product 83,Beauty,Skincare,2,6351.21,0,12702.42,2791.2,363.28,SELL036,SELL036,4.3,9
ORD00774,2025-06-26 02:00:00,Delivered,CUST0099,Male,Kozhikode,Kerala,PROD0064,Haircare Product 64,Beauty,Haircare,2,35368.08,5,70736.16,11797.88,363.3,SELL030,SELL030,4.3,6
ORD00775,2025-10-18 22:00:00,Delivered,CUST0162,Male,Hyderabad,Telangana,PROD0012,Audio Product 12,Electronics,Audio,2,3529.11,0,7058.22,2996.1,49.75,SELL032,SELL032,3.9,2
ORD00776,2025-04-03 13:00:00,Delivered,CUST0104,Male,Surat,Gujarat,PROD0079,Education Product 79,Books,Education,1,12668.18,0,12668.18,5312.64,392.64,SELL024,SELL024,4.4,4
ORD00777,2025-09-29 12:00:00,Processing,CUST0141,Female,New Delhi,Delhi,PROD0056,Education Product 56,Books,Education,1,6198.42,10,6198.42,1755.39,287.15,SELL003,SELL003,4.7,
ORD00778,2025-05-26 10:00:00,Delivered,CUST0023,Male,Mangaluru,Karnataka,PROD0054,Audio Product 54,Electronics,Audio,3,35530.98,10,106592.94,30426.75,138.54,SELL030,SELL030,4.3,2
ORD00779,2025-04-28 21:00:00,Processing,CUST0020,Female,Nagpur,Maharashtra,PROD0006,Appliances Product 6,Home & Kitchen,Appliances,3,28831.59,5,86494.77,24093.87,216.58,SELL015,SELL015,3.9,
ORD00780,2025-10-02 17:00:00,Cancelled,CUST0141,Female,New Delhi,Delhi,PROD0099,Men Product 99,Fashion,Men,2,11445.85,10,22891.7,4541.06,263.42,SELL020,SELL020,4.6,
ORD00780,2025-10-02 17:00:00,Cancelled,CUST0141,Female,New Delhi,Delhi,PROD0082,Skincare Product 82,Beauty,Skincare,1,44837.24,10,44837.24,13595.36,165.15,SELL038,SELL038,4.3,
ORD00781,2025-04-01 17:00:00,Delivered,CUST0169,Male,Mumbai,Maharashtra,PROD0032,Furniture Product 32,Home & Kitchen,Furniture,1,43681.85,0,43681.85,19041.42,382.22,SELL031,SELL031,3.6,5
ORD00782,2025-08-07 06:00:00,Delivered,CUST0083,Male,Mumbai,Maharashtra,PROD0070,Skincare Product 70,Beauty,Skincare,1,34565.8,0,34565.8,12273.7,103.12,SELL036,SELL036,4.3,10
ORD00783,2025-02-03 08:00:00,Cancelled,CUST0123,Female,Ahmedabad,Gujarat,PROD0099,Men Product 99,Fashion,Men,1,12717.61,0,12717.61,3542.29,343.96,SELL035,SELL035,4.6,
ORD00784,2025-07-18 06:00:00,Delivered,CUST0091,Male,Coimbatore,Tamil Nadu,PROD0099,Men Product 99,Fashion,Men,1,12717.61,0,12717.61,3542.29,413.15,SELL011,SELL011,3.8,7
ORD00784,2025-07-18 06:00:00,Delivered,CUST0091,Male,Coimbatore,Tamil Nadu,PROD0012,Audio Product 12,Electronics,Audio,1,2823.29,20,2823.29,792.23,385.94,SELL035,SELL035,4.6,6
ORD00784,2025-07-18 06:00:00,Delivered,CUST0091,Male,Coimbatore,Tamil Nadu,PROD0009,Decor Product 9,Home & Kitchen,Decor,1,42118.82,15,42118.82,7854.0,402.55,SELL023,SELL023,4.2,2
ORD00785,2025-04-19 05:00:00,Delivered,CUST0207,Male,Nizamabad,Telangana,PROD0009,Decor Product 9,Home & Kitchen,Decor,2,42118.82,15,84237.64,15708.0,396.96,SELL015,SELL015,3.9,9
ORD00785,2025-04-19 05:00:00,Delivered,CUST0207,Male,Nizamabad,Telangana,PROD0096,Fitness Product 96,Sports,Fitness,2,39531.11,5,79062.22,21647.44,331.99,SELL036,SELL036,4.3,2
ORD00786,2025-07-01 00:00:00,Returned,CUST0293,Female,Visakhapatnam,Andhra Pradesh,PROD0001,Audio Product 1,Electronics,Audio,2,25490.01,0,50980.02,18668.36,426.22,SELL021,SELL021,4.2,
ORD00787,2025-09-11 17:00:00,Returned,CUST0243,Male,Tirupati,Andhra Pradesh,PROD0005,Accessories Product 5,Electronics,Accessories,1,43201.48,5,43201.48,11171.12,230.05,SELL021,SELL021,4.2,
ORD00788,2025-07-14 04:00:00,Delivered,CUST0133,Female,Chennai,Tamil Nadu,PROD0047,Accessories Product 47,Electronics,Accessories,2,28440.88,5,56881.76,23684.52,42.29,SELL020,SELL020,4.6,2
ORD00788,2025-07-14 04:00:00,Delivered,CUST0133,Female,Chennai,Tamil Nadu,PROD0010,Fitness Product 10,Sports,Fitness,1,16518.53,10,16518.53,1874.98,438.67,SELL019,SELL019,4.9,10
ORD00788,2025-07-14 04:00:00,Delivered,CUST0133,Female,Chennai,Tamil Nadu,PROD0064,Haircare Product 64,Beauty,Haircare,1,31645.13,15,31645.13,2175.99,200.39,SELL034,SELL034,4.7,6
ORD00789,2025-10-23 06:00:00,Delivered,CUST0094,Male,Nagpur,Maharashtra,PROD0098,Appliances Product 98,Home & Kitchen,Appliances,2,40279.2,15,80558.4,15154.24,67.44,SELL036,SELL036,4.3,3
ORD00790,2025-06-02 17:00:00,Delivered,CUST0280,Male,Thrissur,Kerala,PROD0040,Audio Product 40,Electronics,Audio,1,39621.19,0,39621.19,16357.53,62.31,SELL022,SELL022,3.5,7
ORD00790,2025-06-02 17:00:00,Delivered,CUST0280,Male,Thrissur,Kerala,PROD0054,Audio Product 54,Electronics,Audio,1,33557.04,15,33557.04,8168.31,49.99,SELL038,SELL038,4.3,3
ORD00790,2025-06-02 17:00:00,Delivered,CUST0280,Male,Thrissur,Kerala,PROD0012,Audio Product 12,Electronics,Audio,1,3529.11,0,3529.11,1498.05,104.64,SELL024,SELL024,4.4,4
ORD00791,2025-02-11 10:00:00,Delivered,CUST0127,Female,New Delhi,Delhi,PROD0081,Fitness Product 81,Sports,Fitness,1,11946.05,10,11946.05,3712.86,109.6,SELL031,SELL031,3.6,6
ORD00791,2025-02-11 10:00:00,Delivered,CUST0127,Female,New Delhi,Delhi,PROD0003,Smartphones Product 3,Electronics,Smartphones,1,29304.34,5,29304.34,8115.51,350.26,SELL033,SELL033,5.0,4
ORD00792,2025-10-08 07:00:00,Delivered,CUST0253,Male,Madurai,Tamil Nadu,PROD0068,Appliances Product 68,Home & Kitchen,Appliances,1,15418.76,5,15418.76,6141.24,307.66,SELL019,SELL019,4.9,8
ORD00793,2025-05-11 20:00:00,Delivered,CUST0216,Female,Visakhapatnam,Andhra Pradesh,PROD0096,Fitness Product 96,Sports,Fitness,2,39531.11,5,79062.22,21647.44,412.79,SELL017,SELL017,3.6,7
ORD00794,2025-03-09 22:00:00,Delivered,CUST0128,Male,Hyderabad,Telangana,PROD0088,Laptops Product 88,Electronics,Laptops,3,39655.27,0,118965.81,45930.48,82.93,SELL009,SELL009,4.2,9
ORD00794,2025-03-09 22:00:00,Delivered,CUST0128,Male,Hyderabad,Telangana,PROD0051,Men Product 51,Fashion,Men,2,42913.65,10,85827.3,19368.16,420.09,SELL001,SELL001,4.5,7
ORD00795,2025-11-28 03:00:00,Processing,CUST0076,Male,Mysuru,Karnataka,PROD0088,Laptops Product 88,Electronics,Laptops,1,39655.27,0,39655.27,15310.16,328.47,SELL018,SELL018,4.1,
ORD00796,2025-09-08 08:00:00,Delivered,CUST0251,Male,Vadodara,Gujarat,PROD0008,Men Product 8,Fashion,Men,1,25351.31,0,25351.31,10226.95,81.9,SELL030,SELL030,4.3,5
ORD00797,2025-09-29 02:00:00,Delivered,CUST0243,Male,Tirupati,Andhra Pradesh,PROD0089,Skincare Product 89,Beauty,Skincare,2,14563.68,20,29127.36,3476.54,156.73,SELL018,SELL018,4.1,10
ORD00798,2025-07-16 07:00:00,Returned,CUST0249,Female,Warangal,Telangana,PROD0035,Accessories Product 35,Fashion,Accessories,1,40760.08,10,40760.08,14049.36,157.75,SELL024,SELL024,4.4,
ORD00799,2025-01-11 02:00:00,Delivered,CUST0207,Male,Nizamabad,Telangana,PROD0032,Furniture Product 32,Home & Kitchen,Furniture,2,41497.76,5,82995.52,33714.66,464.48,SELL036,SELL036,4.3,7
ORD00800,2025-01-11 10:00:00,Shipped,CUST0077,Male,Warangal,Telangana,PROD0062,Fiction Product 62,Books,Fiction,1,13035.62,10,13035.62,1697.86,368.81,SELL013,SELL013,5.0,
ORD00801,2025-12-09 19:00:00,Delivered,CUST0206,Female,Surat,Gujarat,PROD0032,Furniture Product 32,Home & Kitchen,Furniture,1,43681.85,0,43681.85,19041.42,251.55,SELL021,SELL021,4.2,3
ORD00802,2025-12-20 02:00:00,Delivered,CUST0009,Male,Visakhapatnam,Andhra Pradesh,PROD0027,Women Product 27,Fashion,Women,1,43638.33,10,43638.33,8976.85,78.23,SELL027,SELL027,3.7,5
ORD00802,2025-12-20 02:00:00,Delivered,CUST0009,Male,Visakhapatnam,Andhra Pradesh,PROD0060,Kitchen Product 60,Home & Kitchen,Kitchen,1,15950.89,0,15950.89,5842.48,376.87,SELL036,SELL036,4.3,9
ORD00803,2025-03-03 08:00:00,Delivered,CUST0210,Female,Warangal,Telangana,PROD0031,Sportswear Product 31,Sports,Sportswear,1,17916.62,15,17916.62,5401.21,401.82,SELL040,SELL040,4.9,8
ORD00804,2025-12-19 08:00:00,Delivered,CUST0244,Female,Hyderabad,Telangana,PROD0063,Audio Product 63,Electronics,Audio,2,11766.15,15,23532.3,2330.46,77.04,SELL014,SELL014,4.3,5
ORD00805,2025-12-23 11:00:00,Cancelled,CUST0219,Other,New Delhi,Delhi,PROD0095,Furniture Product 95,Home & Kitchen,Furniture,4,36524.78,5,146099.12,56157.6,343.63,SELL007,SELL007,4.3,
ORD00806,2025-01-24 23:00:00,Delivered,CUST0120,Male,Warangal,Telangana,PROD0008,Men Product 8,Fashion,Men,1,25351.31,0,25351.31,10226.95,85.4,SELL029,SELL029,3.6,7
ORD00807,2025-03-20 22:00:00,Delivered,CUST0222,Female,New Delhi,Delhi,PROD0048,Sportswear Product 48,Sports,Sportswear,1,11057.78,10,11057.78,3823.96,449.66,SELL003,SELL003,4.7,4
ORD00808,2025-02-07 04:00:00,Delivered,CUST0109,Female,Kochi,Kerala,PROD0092,Makeup Product 92,Beauty,Makeup,2,17584.0,15,35168.0,7838.44,279.51,SELL034,SELL034,4.7,6
ORD00809,2025-08-20 05:00:00,Shipped,CUST0169,Male,Mumbai,Maharashtra,PROD0058,Education Product 58,Books,Education,1,26927.03,15,26927.03,2562.68,239.19,SELL028,SELL028,4.0,
ORD00810,2025-07-27 09:00:00,Delivered,CUST0101,Female,Mumbai,Maharashtra,PROD0015,Sportswear Product 15,Sports,Sportswear,3,7286.06,0,21858.18,7771.65,359.13,SELL009,SELL009,4.2,8
ORD00810,2025-07-27 09:00:00,Delivered,CUST0101,Female,Mumbai,Maharashtra,PROD0089,Skincare Product 89,Beauty,Skincare,1,17294.37,5,17294.37,4468.96,335.34,SELL008,SELL008,3.9,3
ORD00811,2025-09-23 05:00:00,Delivered,CUST0028,Female,Mangaluru,Karnataka,PROD0066,Haircare Product 66,Beauty,Haircare,1,43922.73,5,43922.73,12011.51,189.38,SELL005,SELL005,3.8,6
ORD00811,2025-09-23 05:00:00,Delivered,CUST0028,Female,Mangaluru,Karnataka,PROD0078,Fitness Product 78,Sports,Fitness,1,26590.63,0,26590.63,9108.11,287.99,SELL035,SELL035,4.6,4
ORD00811,2025-09-23 05:00:00,Delivered,CUST0028,Female,Mangaluru,Karnataka,PROD0070,Skincare Product 70,Beauty,Skincare,1,32837.51,5,32837.51,10545.41,423.81,SELL012,SELL012,4.8,8
ORD00812,2025-09-23 04:00:00,Delivered,CUST0046,Male,Chennai,Tamil Nadu,PROD0095,Furniture Product 95,Home & Kitchen,Furniture,1,34602.43,10,34602.43,12117.05,496.59,SELL021,SELL021,4.2,4
ORD00813,2025-01-16 02:00:00,Delivered,CUST0013,Male,New Delhi,Delhi,PROD0011,Haircare Product 11,Beauty,Haircare,1,32962.68,15,32962.68,4525.49,236.32,SELL013,SELL013,5.0,2
ORD00814,2025-06-30 10:00:00,Delivered,CUST0077,Male,Warangal,Telangana,PROD0097,Women Product 97,Fashion,Women,1,8307.86,0,8307.86,1641.81,412.0,SELL019,SELL019,4.9,6
ORD00815,2025-02-09 04:00:00,Delivered,CUST0268,Female,Warangal,Telangana,PROD0041,Accessories Product 41,Fashion,Accessories,1,33135.6,5,33135.6,12644.75,42.34,SELL031,SELL031,3.6,2
ORD00815,2025-02-09 04:00:00,Delivered,CUST0268,Female,Warangal,Telangana,PROD0049,Skincare Product 49,Beauty,Skincare,1,27753.1,10,27753.1,8789.95,446.32,SELL039,SELL039,4.8,10
ORD00816,2025-09-29 04:00:00,Delivered,CUST0141,Female,New Delhi,Delhi,PROD0035,Accessories Product 35,Fashion,Accessories,1,45288.98,0,45288.98,18578.26,340.82,SELL033,SELL033,5.0,7
ORD00817,2025-07-12 23:00:00,Delivered,CUST0296,Male,Chennai,Tamil Nadu,PROD0027,Women Product 27,Fashion,Women,1,41213.98,15,41213.98,6552.5,292.38,SELL016,SELL016,4.2,4
ORD00818,2025-11-16 20:00:00,Cancelled,CUST0009,Male,Visakhapatnam,Andhra Pradesh,PROD0008,Men Product 8,Fashion,Men,2,21548.61,15,43097.22,12848.5,436.67,SELL018,SELL018,4.1,
ORD00819,2025-05-14 20:00:00,Delivered,CUST0003,Male,Ahmedabad,Gujarat,PROD0061,Makeup Product 61,Beauty,Makeup,2,23801.64,0,47603.28,20950.8,121.11,SELL032,SELL032,3.9,2
ORD00820,2025-05-05 04:00:00,Delivered,CUST0138,Male,Kozhikode,Kerala,PROD0093,Fitness Product 93,Sports,Fitness,1,5836.51,10,5836.51,1714.65,343.48,SELL011,SELL011,3.8,8
ORD00821,2025-07-08 23:00:00,Delivered,CUST0067,Female,Nizamabad,Telangana,PROD0100,Outdoor Product 100,Sports,Outdoor,1,5505.64,15,5505.64,1413.57,416.36,SELL017,SELL017,3.6,5
ORD00822,2025-03-22 11:00:00,Cancelled,CUST0200,Female,New Delhi,Delhi,PROD0024,Sportswear Product 24,Sports,Sportswear,2,42002.53,5,84005.06,34469.32,285.43,SELL015,SELL015,3.9,
ORD00822,2025-03-22 11:00:00,Cancelled,CUST0200,Female,New Delhi,Delhi,PROD0052,Sportswear Product 52,Sports,Sportswear,1,1009.3,20,1009.3,17.91,458.37,SELL012,SELL012,4.8,
ORD00823,2025-05-29 16:00:00,Delivered,CUST0144,Male,Kochi,Kerala,PROD0099,Men Product 99,Fashion,Men,1,12081.73,5,12081.73,2906.41,265.46,SELL007,SELL007,4.3,5
ORD00823,2025-05-29 16:00:00,Delivered,CUST0144,Male,Kochi,Kerala,PROD0029,Skincare Product 29,Beauty,Skincare,2,18550.09,0,37100.18,7207.64,370.98,SELL012,SELL012,4.8,6
ORD00823,2025-05-29 16:00:00,Delivered,CUST0144,Male,Kochi,Kerala,PROD0094,Accessories Product 94,Electronics,Accessories,1,19911.42,15,19911.42,3755.36,58.92,SELL009,SELL009,4.2,8
ORD00824,2025-05-03 06:00:00,Processing,CUST0150,Female,New Delhi,Delhi,PROD0068,Appliances Product 68,Home & Kitchen,Appliances,1,13795.73,15,13795.73,4518.21,87.42,SELL017,SELL017,3.6,
ORD00825,2025-02-16 03:00:00,Delivered,CUST0053,Male,Kochi,Kerala,PROD0016,Technology Product 16,Books,Technology,1,33191.22,0,33191.22,13780.43,308.86,SELL004,SELL004,3.6,3
ORD00825,2025-02-16 03:00:00,Delivered,CUST0053,Male,Kochi,Kerala,PROD0070,Skincare Product 70,Beauty,Skincare,1,34565.8,0,34565.8,12273.7,332.69,SELL013,SELL013,5.0,3
ORD00826,2025-02-12 19:00:00,Shipped,CUST0040,Male,Tirupati,Andhra Pradesh,PROD0013,Education Product 13,Books,Education,2,13666.99,5,27333.98,5886.64,33.94,SELL036,SELL036,4.3,
ORD00826,2025-02-12 19:00:00,Shipped,CUST0040,Male,Tirupati,Andhra Pradesh,PROD0060,Kitchen Product 60,Home & Kitchen,Kitchen,1,15950.89,0,15950.89,5842.48,411.02,SELL012,SELL012,4.8,
ORD00826,2025-02-12 19:00:00,Shipped,CUST0040,Male,Tirupati,Andhra Pradesh,PROD0065,Haircare Product 65,Beauty,Haircare,1,43823.47,10,43823.47,10518.85,82.65,SELL038,SELL038,4.3,
ORD00826,2025-02-12 19:00:00,Shipped,CUST0040,Male,Tirupati,Andhra Pradesh,PROD0053,Accessories Product 53,Electronics,Accessories,2,46603.87,5,93207.74,32526.0,36.17,SELL009,SELL009,4.2,
ORD00827,2025-05-26 19:00:00,Delivered,CUST0136,Female,Tirupati,Andhra Pradesh,PROD0080,Fiction Product 80,Books,Fiction,1,22569.7,10,22569.7,6156.85,192.52,SELL014,SELL014,4.3,10
ORD00828,2025-11-24 18:00:00,Delivered,CUST0270,Male,New Delhi,Delhi,PROD0062,Fiction Product 62,Books,Fiction,2,13759.82,5,27519.64,4844.12,385.56,SELL022,SELL022,3.5,9
ORD00829,2025-03-17 02:00:00,Delivered,CUST0259,Female,Kozhikode,Kerala,PROD0033,Haircare Product 33,Beauty,Haircare,2,23662.64,15,47325.28,15160.84,168.16,SELL003,SELL003,4.7,10
ORD00830,2025-06-22 07:00:00,Delivered,CUST0011,Other,Coimbatore,Tamil Nadu,PROD0006,Appliances Product 6,Home & Kitchen,Appliances,1,30349.04,0,30349.04,9548.74,396.74,SELL007,SELL007,4.3,9
ORD00830,2025-06-22 07:00:00,Delivered,CUST0011,Other,Coimbatore,Tamil Nadu,PROD0067,Accessories Product 67,Electronics,Accessories,3,3550.13,15,10650.39,1720.83,441.17,SELL002,SELL002,4.5,5
ORD00831,2025-07-19 12:00:00,Processing,CUST0185,Female,Nizamabad,Telangana,PROD0020,Education Product 20,Books,Education,1,21715.2,15,21715.2,7538.43,130.04,SELL030,SELL030,4.3,
ORD00832,2025-06-24 11:00:00,Delivered,CUST0131,Female,Vijayawada,Andhra Pradesh,PROD0014,Technology Product 14,Books,Technology,1,41510.88,5,41510.88,13545.32,388.63,SELL032,SELL032,3.9,9
ORD00833,2025-05-29 23:00:00,Cancelled,CUST0136,Female,Tirupati,Andhra Pradesh,PROD0068,Appliances Product 68,Home & Kitchen,Appliances,2,16230.27,0,32460.54,13905.5,141.59,SELL029,SELL029,3.6,
ORD00834,2025-03-11 13:00:00,Delivered,CUST0271,Female,Coimbatore,Tamil Nadu,PROD0007,Accessories Product 7,Electronics,Accessories,1,4859.3,10,4859.3,578.99,314.67,SELL024,SELL024,4.4,4
ORD00834,2025-03-11 13:00:00,Delivered,CUST0271,Female,Coimbatore,Tamil Nadu,PROD0014,Technology Product 14,Books,Technology,1,34956.53,20,34956.53,6990.97,303.0,SELL004,SELL004,3.6,10
ORD00835,2025-05-11 18:00:00,Shipped,CUST0232,Female,Vadodara,Gujarat,PROD0081,Fitness Product 81,Sports,Fitness,2,12609.72,5,25219.44,8753.06,206.66,SELL027,SELL027,3.7,
ORD00836,2025-09-25 09:00:00,Delivered,CUST0046,Male,Chennai,Tamil Nadu,PROD0073,Women Product 73,Fashion,Women,1,45268.71,5,45268.71,17223.53,168.37,SELL016,SELL016,4.2,4
ORD00837,2025-11-13 06:00:00,Cancelled,CUST0292,Male,Vijayawada,Andhra Pradesh,PROD0029,Skincare Product 29,Beauty,Skincare,2,17622.59,5,35245.18,5352.64,295.04,SELL010,SELL010,4.2,
ORD00837,2025-11-13 06:00:00,Cancelled,CUST0292,Male,Vijayawada,Andhra Pradesh,PROD0038,Makeup Product 38,Beauty,Makeup,1,16969.12,10,16969.12,4633.23,495.31,SELL004,SELL004,3.6,
ORD00838,2025-11-25 14:00:00,Delivered,CUST0016,Male,Madurai,Tamil Nadu,PROD0030,Haircare Product 30,Beauty,Haircare,2,34676.61,10,69353.22,10781.06,200.05,SELL021,SELL021,4.2,8
ORD00838,2025-11-25 14:00:00,Delivered,CUST0016,Male,Madurai,Tamil Nadu,PROD0067,Accessories Product 67,Electronics,Accessories,2,3967.79,5,7935.58,1982.54,338.91,SELL016,SELL016,4.2,7
ORD00838,2025-11-25 14:00:00,Delivered,CUST0016,Male,Madurai,Tamil Nadu,PROD0078,Fitness Product 78,Sports,Fitness,2,22602.04,15,45204.08,10239.04,491.04,SELL036,SELL036,4.3,5
ORD00838,2025-11-25 14:00:00,Delivered,CUST0016,Male,Madurai,Tamil Nadu,PROD0029,Skincare Product 29,Beauty,Skincare,2,14840.07,20,29680.14,-212.4,447.02,SELL001,SELL001,4.5,5
ORD00839,2025-01-16 17:00:00,Shipped,CUST0175,Male,Surat,Gujarat,PROD0070,Skincare Product 70,Beauty,Skincare,1,34565.8,0,34565.8,12273.7,398.29,SELL010,SELL010,4.2,
ORD00839,2025-01-16 17:00:00,Shipped,CUST0175,Male,Surat,Gujarat,PROD0087,Furniture Product 87,Home & Kitchen,Furniture,1,39736.4,0,39736.4,12423.03,326.27,SELL025,SELL025,3.9,
ORD00840,2025-12-11 21:00:00,Processing,CUST0051,Male,Mysuru,Karnataka,PROD0044,Sportswear Product 44,Sports,Sportswear,1,30541.78,0,30541.78,10253.52,155.51,SELL008,SELL008,3.9,
ORD00841,2025-05-20 20:00:00,Processing,CUST0261,Female,Surat,Gujarat,PROD0097,Women Product 97,Fashion,Women,1,7477.07,10,7477.07,811.02,271.53,SELL015,SELL015,3.9,
ORD00842,2025-02-02 01:00:00,Delivered,CUST0200,Female,New Delhi,Delhi,PROD0011,Haircare Product 11,Beauty,Haircare,2,38779.62,0,77559.24,20684.86,485.66,SELL013,SELL013,5.0,10
ORD00843,2025-11-10 20:00:00,Delivered,CUST0029,Male,Chennai,Tamil Nadu,PROD0042,Education Product 42,Books,Education,1,22567.92,0,22567.92,10123.57,325.88,SELL030,SELL030,4.3,2
ORD00843,2025-11-10 20:00:00,Delivered,CUST0029,Male,Chennai,Tamil Nadu,PROD0007,Accessories Product 7,Electronics,Accessories,2,4589.34,15,9178.68,618.06,331.77,SELL013,SELL013,5.0,6
ORD00844,2025-01-09 15:00:00,Delivered,CUST0139,Female,Nagpur,Maharashtra,PROD0058,Education Product 58,Books,Education,2,28510.97,10,57021.94,8293.24,223.47,SELL009,SELL009,4.2,3
ORD00845,2025-11-17 15:00:00,Processing,CUST0252,Male,Thrissur,Kerala,PROD0078,Fitness Product 78,Sports,Fitness,2,26590.63,0,53181.26,18216.22,216.72,SELL005,SELL005,3.8,
ORD00846,2025-04-14 14:00:00,Delivered,CUST0102,Other,Hyderabad,Telangana,PROD0092,Makeup Product 92,Beauty,Makeup,1,17584.0,15,17584.0,3919.22,218.62,SELL011,SELL011,3.8,3
ORD00847,2025-01-06 06:00:00,Shipped,CUST0238,Female,Vadodara,Gujarat,PROD0078,Fitness Product 78,Sports,Fitness,1,26590.63,0,26590.63,9108.11,382.66,SELL011,SELL011,3.8,
ORD00848,2025-09-11 17:00:00,Delivered,CUST0240,Male,New Delhi,Delhi,PROD0010,Fitness Product 10,Sports,Fitness,1,18353.92,0,18353.92,3710.37,53.12,SELL035,SELL035,4.6,9
ORD00849,2025-01-25 04:00:00,Processing,CUST0166,Female,Vijayawada,Andhra Pradesh,PROD0056,Education Product 56,Books,Education,4,6887.13,0,27548.52,9776.4,126.3,SELL019,SELL019,4.9,
ORD00849,2025-01-25 04:00:00,Processing,CUST0166,Female,Vijayawada,Andhra Pradesh,PROD0036,Skincare Product 36,Beauty,Skincare,2,44967.36,5,89934.72,32191.88,281.07,SELL017,SELL017,3.6,
ORD00850,2025-12-08 16:00:00,Delivered,CUST0256,Female,Kochi,Kerala,PROD0012,Audio Product 12,Electronics,Audio,2,3352.65,5,6705.3,2643.18,418.84,SELL032,SELL032,3.9,3
ORD00851,2025-10-21 17:00:00,Delivered,CUST0088,Female,New Delhi,Delhi,PROD0057,Women Product 57,Fashion,Women,2,41561.59,0,83123.18,22038.92,416.6,SELL028,SELL028,4.0,8
ORD00851,2025-10-21 17:00:00,Delivered,CUST0088,Female,New Delhi,Delhi,PROD0030,Haircare Product 30,Beauty,Haircare,2,32750.13,15,65500.26,6928.1,113.29,SELL016,SELL016,4.2,2
ORD00852,2025-08-19 23:00:00,Delivered,CUST0294,Male,New Delhi,Delhi,PROD0055,Technology Product 55,Books,Technology,1,28355.2,10,28355.2,4464.2,219.25,SELL008,SELL008,3.9,5
ORD00852,2025-08-19 23:00:00,Delivered,CUST0294,Male,New Delhi,Delhi,PROD0052,Sportswear Product 52,Sports,Sportswear,1,1198.55,5,1198.55,207.16,396.55,SELL032,SELL032,3.9,5
ORD00853,2025-01-02 12:00:00,Delivered,CUST0187,Male,Kochi,Kerala,PROD0081,Fitness Product 81,Sports,Fitness,1,13273.39,0,13273.39,5040.2,496.31,SELL023,SELL023,4.2,5
ORD00854,2025-08-18 03:00:00,Delivered,CUST0277,Male,Thrissur,Kerala,PROD0084,Skincare Product 84,Beauty,Skincare,1,42711.32,5,42711.32,12580.51,183.87,SELL012,SELL012,4.8,2
ORD00855,2025-10-30 17:00:00,Shipped,CUST0286,Female,Madurai,Tamil Nadu,PROD0037,Haircare Product 37,Beauty,Haircare,2,37232.78,20,74465.56,12843.24,89.63,SELL035,SELL035,4.6,
ORD00856,2025-11-06 22:00:00,Delivered,CUST0018,Female,New Delhi,Delhi,PROD0077,Haircare Product 77,Beauty,Haircare,1,18757.67,0,18757.67,4576.26,91.09,SELL017,SELL017,3.6,10
ORD00856,2025-11-06 22:00:00,Delivered,CUST0018,Female,New Delhi,Delhi,PROD0092,Makeup Product 92,Beauty,Makeup,1,18618.35,10,18618.35,4953.57,270.74,SELL039,SELL039,4.8,7
ORD00856,2025-11-06 22:00:00,Delivered,CUST0018,Female,New Delhi,Delhi,PROD0089,Skincare Product 89,Beauty,Skincare,1,18204.6,0,18204.6,5379.19,242.38,SELL005,SELL005,3.8,6
ORD00857,2025-02-16 11:00:00,Processing,CUST0226,Male,Ahmedabad,Gujarat,PROD0062,Fiction Product 62,Books,Fiction,1,11587.22,20,11587.22,249.46,117.78,SELL013,SELL013,5.0,
ORD00858,2025-11-18 21:00:00,Returned,CUST0033,Female,Bengaluru,Karnataka,PROD0020,Education Product 20,Books,Education,1,24269.93,5,24269.93,10093.16,263.7,SELL040,SELL040,4.9,
ORD00859,2025-06-13 16:00:00,Delivered,CUST0067,Female,Nizamabad,Telangana,PROD0069,Education Product 69,Books,Education,1,13948.35,10,13948.35,2902.68,350.7,SELL034,SELL034,4.7,6
ORD00859,2025-06-13 16:00:00,Delivered,CUST0067,Female,Nizamabad,Telangana,PROD0041,Accessories Product 41,Fashion,Accessories,1,31391.62,10,31391.62,10900.77,445.02,SELL016,SELL016,4.2,3
ORD00860,2025-07-15 23:00:00,Delivered,CUST0200,Female,New Delhi,Delhi,PROD0016,Technology Product 16,Books,Technology,1,31531.66,5,31531.66,12120.87,395.84,SELL011,SELL011,3.8,10
ORD00861,2025-08-24 18:00:00,Delivered,CUST0202,Female,New Delhi,Delhi,PROD0024,Sportswear Product 24,Sports,Sportswear,1,44213.19,0,44213.19,19445.32,280.37,SELL016,SELL016,4.2,6
ORD00862,2025-10-07 18:00:00,Cancelled,CUST0100,Female,New Delhi,Delhi,PROD0088,Laptops Product 88,Electronics,Laptops,1,35689.74,10,35689.74,11344.63,369.54,SELL021,SELL021,4.2,
ORD00863,2025-10-22 05:00:00,Delivered,CUST0086,Female,Hyderabad,Telangana,PROD0068,Appliances Product 68,Home & Kitchen,Appliances,2,15418.76,5,30837.52,12282.48,135.07,SELL039,SELL039,4.8,5
ORD00864,2025-07-07 00:00:00,Cancelled,CUST0190,Female,Mysuru,Karnataka,PROD0072,Fiction Product 72,Books,Fiction,1,3983.3,0,3983.3,1106.85,259.25,SELL021,SELL021,4.2,
ORD00865,2025-01-04 06:00:00,Delivered,CUST0115,Male,New Delhi,Delhi,PROD0074,Sportswear Product 74,Sports,Sportswear,3,37164.26,5,111492.78,45841.65,107.46,SELL008,SELL008,3.9,8
ORD00865,2025-01-04 06:00:00,Delivered,CUST0115,Male,New Delhi,Delhi,PROD0010,Fitness Product 10,Sports,Fitness,1,16518.53,10,16518.53,1874.98,303.53,SELL013,SELL013,5.0,8
ORD00866,2025-06-07 02:00:00,Delivered,CUST0202,Female,New Delhi,Delhi,PROD0014,Technology Product 14,Books,Technology,2,41510.88,5,83021.76,27090.64,446.47,SELL014,SELL014,4.3,2
ORD00867,2025-05-02 13:00:00,Delivered,CUST0050,Male,Surat,Gujarat,PROD0020,Education Product 20,Books,Education,1,22992.57,10,22992.57,8815.8,70.95,SELL007,SELL007,4.3,4
ORD00868,2025-12-23 18:00:00,Delivered,CUST0063,Other,Kozhikode,Kerala,PROD0097,Women Product 97,Fashion,Women,1,8307.86,0,8307.86,1641.81,427.01,SELL001,SELL001,4.5,2
ORD00868,2025-12-23 18:00:00,Delivered,CUST0063,Other,Kozhikode,Kerala,PROD0062,Fiction Product 62,Books,Fiction,1,13035.62,10,13035.62,1697.86,219.03,SELL034,SELL034,4.7,5
ORD00869,2025-08-08 13:00:00,Delivered,CUST0286,Female,Madurai,Tamil Nadu,PROD0097,Women Product 97,Fashion,Women,1,8307.86,0,8307.86,1641.81,435.42,SELL029,SELL029,3.6,3
ORD00870,2025-11-20 10:00:00,Delivered,CUST0278,Male,Vijayawada,Andhra Pradesh,PROD0092,Makeup Product 92,Beauty,Makeup,1,20687.06,0,20687.06,7022.28,480.26,SELL019,SELL019,4.9,5
ORD00870,2025-11-20 10:00:00,Delivered,CUST0278,Male,Vijayawada,Andhra Pradesh,PROD0079,Education Product 79,Books,Education,3,10767.95,15,32303.85,10237.23,231.21,SELL008,SELL008,3.9,9
ORD00871,2025-03-21 09:00:00,Delivered,CUST0022,Female,Kochi,Kerala,PROD0031,Sportswear Product 31,Sports,Sportswear,1,17916.62,15,17916.62,5401.21,495.86,SELL009,SELL009,4.2,10
ORD00872,2025-06-15 10:00:00,Delivered,CUST0003,Male,Ahmedabad,Gujarat,PROD0095,Furniture Product 95,Home & Kitchen,Furniture,2,38447.14,0,76894.28,31923.52,163.65,SELL012,SELL012,4.8,10
ORD00873,2025-09-13 22:00:00,Returned,CUST0074,Male,Vadodara,Gujarat,PROD0057,Women Product 57,Fashion,Women,1,41561.59,0,41561.59,11019.46,32.99,SELL019,SELL019,4.9,
ORD00874,2025-05-28 06:00:00,Cancelled,CUST0189,Female,Nizamabad,Telangana,PROD0091,Audio Product 91,Electronics,Audio,2,20058.46,0,40116.92,10287.1,59.57,SELL007,SELL007,4.3,
ORD00874,2025-05-28 06:00:00,Cancelled,CUST0189,Female,Nizamabad,Telangana,PROD0070,Skincare Product 70,Beauty,Skincare,1,29380.93,15,29380.93,7088.83,333.22,SELL013,SELL013,5.0,
ORD00875,2025-09-24 07:00:00,Delivered,CUST0047,Male,Ahmedabad,Gujarat,PROD0045,Women Product 45,Fashion,Women,1,13709.04,10,13709.04,5134.91,219.89,SELL002,SELL002,4.5,2
ORD00876,2025-09-03 14:00:00,Delivered,CUST0180,Male,Mangaluru,Karnataka,PROD0062,Fiction Product 62,Books,Fiction,1,12311.42,15,12311.42,973.66,472.8,SELL009,SELL009,4.2,4
ORD00877,2025-12-03 17:00:00,Delivered,CUST0196,Male,Mumbai,Maharashtra,PROD0092,Makeup Product 92,Beauty,Makeup,1,20687.06,0,20687.06,7022.28,244.87,SELL008,SELL008,3.9,3
ORD00877,2025-12-03 17:00:00,Delivered,CUST0196,Male,Mumbai,Maharashtra,PROD0057,Women Product 57,Fashion,Women,1,37405.43,10,37405.43,6863.3,372.3,SELL014,SELL014,4.3,2
ORD00878,2025-04-04 05:00:00,Delivered,CUST0167,Male,Vijayawada,Andhra Pradesh,PROD0053,Accessories Product 53,Electronics,Accessories,3,44151.04,10,132453.12,41430.51,405.72,SELL011,SELL011,3.8,5
ORD00879,2025-10-09 04:00:00,Delivered,CUST0284,Male,Pune,Maharashtra,PROD0032,Furniture Product 32,Home & Kitchen,Furniture,1,41497.76,5,41497.76,16857.33,174.79,SELL035,SELL035,4.6,8
ORD00879,2025-10-09 04:00:00,Delivered,CUST0284,Male,Pune,Maharashtra,PROD0074,Sportswear Product 74,Sports,Sportswear,1,35208.24,10,35208.24,13324.53,247.62,SELL027,SELL027,3.7,9
ORD00880,2025-05-07 00:00:00,Delivered,CUST0149,Male,Visakhapatnam,Andhra Pradesh,PROD0100,Outdoor Product 100,Sports,Outdoor,2,6477.22,0,12954.44,4770.3,449.84,SELL040,SELL040,4.9,8
ORD00880,2025-05-07 00:00:00,Delivered,CUST0149,Male,Visakhapatnam,Andhra Pradesh,PROD0064,Haircare Product 64,Beauty,Haircare,2,31645.13,15,63290.26,4351.98,236.23,SELL039,SELL039,4.8,9
ORD00881,2025-05-07 21:00:00,Processing,CUST0170,Female,Kochi,Kerala,PROD0015,Sportswear Product 15,Sports,Sportswear,1,6193.15,15,6193.15,1497.64,183.63,SELL014,SELL014,4.3,
ORD00882,2025-03-18 00:00:00,Shipped,CUST0067,Female,Nizamabad,Telangana,PROD0051,Men Product 51,Fashion,Men,1,47681.83,0,47681.83,14452.26,445.18,SELL004,SELL004,3.6,
ORD00882,2025-03-18 00:00:00,Shipped,CUST0067,Female,Nizamabad,Telangana,PROD0094,Accessories Product 94,Electronics,Accessories,2,22253.94,5,44507.88,12195.76,411.09,SELL017,SELL017,3.6,
ORD00883,2025-06-28 21:00:00,Delivered,CUST0225,Male,New Delhi,Delhi,PROD0066,Haircare Product 66,Beauty,Haircare,1,41611.0,10,41611.0,9699.78,215.34,SELL023,SELL023,4.2,9
ORD00884,2025-04-14 00:00:00,Delivered,CUST0021,Other,New Delhi,Delhi,PROD0074,Sportswear Product 74,Sports,Sportswear,1,37164.26,5,37164.26,15280.55,193.04,SELL037,SELL037,3.6,9
ORD00885,2025-02-17 00:00:00,Shipped,CUST0293,Female,Visakhapatnam,Andhra Pradesh,PROD0076,Makeup Product 76,Beauty,Makeup,1,1861.17,0,1861.17,760.42,160.28,SELL002,SELL002,4.5,
ORD00885,2025-02-17 00:00:00,Shipped,CUST0293,Female,Visakhapatnam,Andhra Pradesh,PROD0096,Fitness Product 96,Sports,Fitness,1,37450.52,10,37450.52,8743.13,122.28,SELL033,SELL033,5.0,
ORD00885,2025-02-17 00:00:00,Shipped,CUST0293,Female,Visakhapatnam,Andhra Pradesh,PROD0045,Women Product 45,Fashion,Women,1,12185.82,20,12185.82,3611.69,68.84,SELL001,SELL001,4.5,
ORD00886,2025-07-23 01:00:00,Delivered,CUST0075,Male,Mangaluru,Karnataka,PROD0088,Laptops Product 88,Electronics,Laptops,1,35689.74,10,35689.74,11344.63,95.63,SELL030,SELL030,4.3,9
ORD00887,2025-03-01 03:00:00,Delivered,CUST0046,Male,Chennai,Tamil Nadu,PROD0080,Fiction Product 80,Books,Fiction,1,22569.7,10,22569.7,6156.85,341.01,SELL003,SELL003,4.7,5
ORD00888,2025-04-12 19:00:00,Delivered,CUST0128,Male,Hyderabad,Telangana,PROD0049,Skincare Product 49,Beauty,Skincare,1,30836.78,0,30836.78,11873.63,114.05,SELL022,SELL022,3.5,8
ORD00889,2025-03-18 09:00:00,Delivered,CUST0054,Male,Nizamabad,Telangana,PROD0051,Men Product 51,Fashion,Men,1,47681.83,0,47681.83,14452.26,34.11,SELL034,SELL034,4.7,7
ORD00890,2025-11-02 09:00:00,Delivered,CUST0077,Male,Warangal,Telangana,PROD0047,Accessories Product 47,Electronics,Accessories,2,25447.1,15,50894.2,17696.96,61.03,SELL023,SELL023,4.2,9
ORD00891,2025-11-02 11:00:00,Delivered,CUST0292,Male,Vijayawada,Andhra Pradesh,PROD0013,Education Product 13,Books,Education,3,14386.31,0,43158.93,10987.92,159.47,SELL015,SELL015,3.9,8
ORD00892,2025-06-07 04:00:00,Delivered,CUST0199,Male,Madurai,Tamil Nadu,PROD0100,Outdoor Product 100,Sports,Outdoor,1,6153.36,5,6153.36,2061.29,55.29,SELL002,SELL002,4.5,6
ORD00892,2025-06-07 04:00:00,Delivered,CUST0199,Male,Madurai,Tamil Nadu,PROD0020,Education Product 20,Books,Education,1,25547.3,0,25547.3,11370.53,138.48,SELL008,SELL008,3.9,7
ORD00893,2025-02-13 13:00:00,Delivered,CUST0227,Male,Mumbai,Maharashtra,PROD0037,Haircare Product 37,Beauty,Haircare,2,39559.83,15,79119.66,17497.34,190.92,SELL034,SELL034,4.7,7
ORD00894,2025-04-24 22:00:00,Delivered,CUST0004,Male,Nizamabad,Telangana,PROD0079,Education Product 79,Books,Education,3,12034.77,5,36104.31,14037.69,263.3,SELL024,SELL024,4.4,6
ORD00895,2025-07-09 14:00:00,Delivered,CUST0034,Female,Nagpur,Maharashtra,PROD0023,Audio Product 23,Electronics,Audio,1,35921.26,15,35921.26,11524.04,94.32,SELL016,SELL016,4.2,7
ORD00896,2025-01-31 03:00:00,Shipped,CUST0285,Male,Ahmedabad,Gujarat,PROD0095,Furniture Product 95,Home & Kitchen,Furniture,1,38447.14,0,38447.14,15961.76,217.36,SELL027,SELL027,3.7,
ORD00897,2025-10-06 00:00:00,Delivered,CUST0022,Female,Kochi,Kerala,PROD0019,Technology Product 19,Books,Technology,1,41079.86,10,41079.86,14823.79,487.87,SELL038,SELL038,4.3,2
ORD00898,2025-08-20 03:00:00,Delivered,CUST0210,Female,Warangal,Telangana,PROD0007,Accessories Product 7,Electronics,Accessories,1,5129.26,5,5129.26,848.95,159.51,SELL019,SELL019,4.9,5
ORD00899,2025-02-28 22:00:00,Delivered,CUST0090,Male,Ahmedabad,Gujarat,PROD0068,Appliances Product 68,Home & Kitchen,Appliances,1,14607.24,10,14607.24,5329.72,310.2,SELL023,SELL023,4.2,6
ORD00900,2025-12-10 06:00:00,Delivered,CUST0102,Other,Hyderabad,Telangana,PROD0033,Haircare Product 33,Beauty,Haircare,2,27838.4,0,55676.8,23512.36,305.02,SELL028,SELL028,4.0,10
ORD00900,2025-12-10 06:00:00,Delivered,CUST0102,Other,Hyderabad,Telangana,PROD0056,Education Product 56,Books,Education,1,6887.13,0,6887.13,2444.1,431.26,SELL034,SELL034,4.7,3
ORD00900,2025-12-10 06:00:00,Delivered,CUST0102,Other,Hyderabad,Telangana,PROD0051,Men Product 51,Fashion,Men,1,38145.46,20,38145.46,4915.89,219.4,SELL002,SELL002,4.5,7
ORD00901,2025-02-04 03:00:00,Delivered,CUST0013,Male,New Delhi,Delhi,PROD0033,Haircare Product 33,Beauty,Haircare,1,25054.56,10,25054.56,8972.34,305.22,SELL003,SELL003,4.7,6
ORD00902,2025-10-16 22:00:00,Shipped,CUST0035,Male,Madurai,Tamil Nadu,PROD0032,Furniture Product 32,Home & Kitchen,Furniture,1,43681.85,0,43681.85,19041.42,150.1,SELL005,SELL005,3.8,
ORD00903,2025-11-07 16:00:00,Returned,CUST0203,Female,Kochi,Kerala,PROD0076,Makeup Product 76,Beauty,Makeup,2,1581.99,15,3163.98,962.48,209.64,SELL029,SELL029,3.6,
ORD00904,2025-03-18 06:00:00,Delivered,CUST0051,Male,Mysuru,Karnataka,PROD0032,Furniture Product 32,Home & Kitchen,Furniture,2,39313.67,10,78627.34,29346.48,235.34,SELL015,SELL015,3.9,5
ORD00905,2025-10-26 18:00:00,Processing,CUST0149,Male,Visakhapatnam,Andhra Pradesh,PROD0092,Makeup Product 92,Beauty,Makeup,1,19652.71,5,19652.71,5987.93,494.38,SELL017,SELL017,3.6,
ORD00906,2025-10-04 05:00:00,Delivered,CUST0236,Other,Warangal,Telangana,PROD0085,Audio Product 85,Electronics,Audio,1,30127.53,10,30127.53,5303.25,151.96,SELL002,SELL002,4.5,7
ORD00907,2025-02-12 07:00:00,Delivered,CUST0280,Male,Thrissur,Kerala,PROD0065,Haircare Product 65,Beauty,Haircare,1,48692.75,0,48692.75,15388.13,82.62,SELL038,SELL038,4.3,3
ORD00908,2025-09-15 20:00:00,Delivered,CUST0276,Female,Tirupati,Andhra Pradesh,PROD0010,Fitness Product 10,Sports,Fitness,3,15600.83,15,46802.49,2871.84,172.93,SELL035,SELL035,4.6,3
ORD00909,2025-07-02 16:00:00,Delivered,CUST0232,Female,Vadodara,Gujarat,PROD0065,Haircare Product 65,Beauty,Haircare,1,48692.75,0,48692.75,15388.13,111.11,SELL024,SELL024,4.4,2
ORD00910,2025-08-31 21:00:00,Delivered,CUST0164,Male,Madurai,Tamil Nadu,PROD0011,Haircare Product 11,Beauty,Haircare,1,38779.62,0,38779.62,10342.43,334.54,SELL020,SELL020,4.6,4
ORD00911,2025-03-26 19:00:00,Delivered,CUST0139,Female,Nagpur,Maharashtra,PROD0097,Women Product 97,Fashion,Women,1,6646.29,20,6646.29,-19.76,467.2,SELL026,SELL026,4.3,8
ORD00912,2025-04-28 22:00:00,Delivered,CUST0182,Male,Vijayawada,Andhra Pradesh,PROD0015,Sportswear Product 15,Sports,Sportswear,1,6921.76,5,6921.76,2226.25,289.37,SELL023,SELL023,4.2,5
ORD00913,2025-04-25 10:00:00,Delivered,CUST0286,Female,Madurai,Tamil Nadu,PROD0085,Audio Product 85,Electronics,Audio,1,30127.53,10,30127.53,5303.25,445.84,SELL026,SELL026,4.3,7
ORD00914,2025-10-07 07:00:00,Delivered,CUST0197,Male,Kochi,Kerala,PROD0066,Haircare Product 66,Beauty,Haircare,1,43922.73,5,43922.73,12011.51,101.89,SELL020,SELL020,4.6,7
ORD00915,2025-05-05 20:00:00,Delivered,CUST0297,Male,Mangaluru,Karnataka,PROD0074,Sportswear Product 74,Sports,Sportswear,1,37164.26,5,37164.26,15280.55,357.44,SELL015,SELL015,3.9,5
ORD00916,2025-09-03 04:00:00,Returned,CUST0203,Female,Kochi,Kerala,PROD0055,Technology Product 55,Books,Technology,1,31505.78,0,31505.78,7614.78,170.95,SELL002,SELL002,4.5,
ORD00917,2025-07-03 21:00:00,Delivered,CUST0128,Male,Hyderabad,Telangana,PROD0027,Women Product 27,Fashion,Women,1,43638.33,10,43638.33,8976.85,450.39,SELL015,SELL015,3.9,5
ORD00917,2025-07-03 21:00:00,Delivered,CUST0128,Male,Hyderabad,Telangana,PROD0092,Makeup Product 92,Beauty,Makeup,1,20687.06,0,20687.06,7022.28,461.62,SELL022,SELL022,3.5,2
ORD00917,2025-07-03 21:00:00,Delivered,CUST0128,Male,Hyderabad,Telangana,PROD0053,Accessories Product 53,Electronics,Accessories,1,49056.71,0,49056.71,18715.84,186.25,SELL021,SELL021,4.2,10
ORD00917,2025-07-03 21:00:00,Delivered,CUST0128,Male,Hyderabad,Telangana,PROD0014,Technology Product 14,Books,Technology,3,41510.88,5,124532.64,40635.96,479.39,SELL002,SELL002,4.5,4
ORD00918,2025-06-12 20:00:00,Delivered,CUST0220,Male,Surat,Gujarat,PROD0073,Women Product 73,Fashion,Women,1,47651.27,0,47651.27,19606.09,385.13,SELL027,SELL027,3.7,5
ORD00919,2025-09-22 04:00:00,Delivered,CUST0034,Female,Nagpur,Maharashtra,PROD0006,Appliances Product 6,Home & Kitchen,Appliances,1,25796.68,15,25796.68,4996.38,31.34,SELL035,SELL035,4.6,5
ORD00920,2025-02-19 08:00:00,Delivered,CUST0075,Male,Mangaluru,Karnataka,PROD0029,Skincare Product 29,Beauty,Skincare,1,15767.58,15,15767.58,821.31,286.58,SELL026,SELL026,4.3,5
ORD00920,2025-02-19 08:00:00,Delivered,CUST0075,Male,Mangaluru,Karnataka,PROD0042,Education Product 42,Books,Education,2,20311.13,10,40622.26,15733.56,460.11,SELL040,SELL040,4.9,3
ORD00920,2025-02-19 08:00:00,Delivered,CUST0075,Male,Mangaluru,Karnataka,PROD0080,Fiction Product 80,Books,Fiction,1,22569.7,10,22569.7,6156.85,236.96,SELL038,SELL038,4.3,5
ORD00920,2025-02-19 08:00:00,Delivered,CUST0075,Male,Mangaluru,Karnataka,PROD0024,Sportswear Product 24,Sports,Sportswear,1,44213.19,0,44213.19,19445.32,449.49,SELL033,SELL033,5.0,7
ORD00921,2025-02-26 03:00:00,Delivered,CUST0026,Male,New Delhi,Delhi,PROD0088,Laptops Product 88,Electronics,Laptops,4,39655.27,0,158621.08,61240.64,466.51,SELL031,SELL031,3.6,3
ORD00922,2025-08-05 21:00:00,Delivered,CUST0041,Male,Madurai,Tamil Nadu,PROD0072,Fiction Product 72,Books,Fiction,1,3983.3,0,3983.3,1106.85,488.66,SELL014,SELL014,4.3,6
ORD00922,2025-08-05 21:00:00,Delivered,CUST0041,Male,Madurai,Tamil Nadu,PROD0051,Men Product 51,Fashion,Men,1,45297.74,5,45297.74,12068.17,184.0,SELL009,SELL009,4.2,10
ORD00923,2025-06-04 04:00:00,Delivered,CUST0294,Male,New Delhi,Delhi,PROD0049,Skincare Product 49,Beauty,Skincare,2,30836.78,0,61673.56,23747.26,454.42,SELL025,SELL025,3.9,7
ORD00924,2025-06-17 13:00:00,Delivered,CUST0026,Male,New Delhi,Delhi,PROD0055,Technology Product 55,Books,Technology,1,29930.49,5,29930.49,6039.49,282.63,SELL024,SELL024,4.4,7
ORD00925,2025-04-09 16:00:00,Shipped,CUST0114,Male,Mangaluru,Karnataka,PROD0048,Sportswear Product 48,Sports,Sportswear,2,11057.78,10,22115.56,7647.92,431.52,SELL026,SELL026,4.3,
ORD00925,2025-04-09 16:00:00,Shipped,CUST0114,Male,Mangaluru,Karnataka,PROD0034,Fitness Product 34,Sports,Fitness,2,14431.88,0,28863.76,7041.56,165.92,SELL012,SELL012,4.8,
ORD00926,2025-01-28 00:00:00,Delivered,CUST0118,Female,Surat,Gujarat,PROD0023,Audio Product 23,Electronics,Audio,1,33808.25,20,33808.25,9411.03,405.15,SELL010,SELL010,4.2,2
ORD00927,2025-06-09 12:00:00,Delivered,CUST0243,Male,Tirupati,Andhra Pradesh,PROD0011,Haircare Product 11,Beauty,Haircare,1,31023.7,20,31023.7,2586.51,73.38,SELL012,SELL012,4.8,9
ORD00928,2025-10-01 16:00:00,Delivered,CUST0129,Male,Bengaluru,Karnataka,PROD0069,Education Product 69,Books,Education,1,12398.54,20,12398.54,1352.87,256.16,SELL031,SELL031,3.6,2
ORD00928,2025-10-01 16:00:00,Delivered,CUST0129,Male,Bengaluru,Karnataka,PROD0002,Skincare Product 2,Beauty,Skincare,4,3080.28,0,12321.12,2777.68,441.07,SELL032,SELL032,3.9,4
ORD00928,2025-10-01 16:00:00,Delivered,CUST0129,Male,Bengaluru,Karnataka,PROD0014,Technology Product 14,Books,Technology,1,37141.31,15,37141.31,9175.75,198.43,SELL012,SELL012,4.8,8
ORD00929,2025-08-17 04:00:00,Returned,CUST0140,Female,Thrissur,Kerala,PROD0055,Technology Product 55,Books,Technology,1,31505.78,0,31505.78,7614.78,107.37,SELL005,SELL005,3.8,
ORD00930,2025-04-27 13:00:00,Delivered,CUST0176,Male,Tirupati,Andhra Pradesh,PROD0007,Accessories Product 7,Electronics,Accessories,1,4589.34,15,4589.34,309.03,109.34,SELL036,SELL036,4.3,6
ORD00930,2025-04-27 13:00:00,Delivered,CUST0176,Male,Tirupati,Andhra Pradesh,PROD0060,Kitchen Product 60,Home & Kitchen,Kitchen,3,15950.89,0,47852.67,17527.44,90.12,SELL017,SELL017,3.6,2
ORD00931,2025-07-05 08:00:00,Delivered,CUST0130,Female,Coimbatore,Tamil Nadu,PROD0048,Sportswear Product 48,Sports,Sportswear,2,12286.42,0,24572.84,10105.2,98.45,SELL019,SELL019,4.9,8
ORD00932,2025-03-13 06:00:00,Delivered,CUST0058,Female,Madurai,Tamil Nadu,PROD0079,Education Product 79,Books,Education,2,11401.36,10,22802.72,8091.64,413.33,SELL032,SELL032,3.9,4
ORD00932,2025-03-13 06:00:00,Delivered,CUST0058,Female,Madurai,Tamil Nadu,PROD0098,Appliances Product 98,Home & Kitchen,Appliances,1,40279.2,15,40279.2,7577.12,217.13,SELL006,SELL006,4.5,8
ORD00933,2025-03-28 00:00:00,Delivered,CUST0251,Male,Vadodara,Gujarat,PROD0010,Fitness Product 10,Sports,Fitness,2,16518.53,10,33037.06,3749.96,58.57,SELL023,SELL023,4.2,2
ORD00933,2025-03-28 00:00:00,Delivered,CUST0251,Male,Vadodara,Gujarat,PROD0061,Makeup Product 61,Beauty,Makeup,1,22611.56,5,22611.56,9285.32,146.06,SELL005,SELL005,3.8,8
ORD00934,2025-11-08 07:00:00,Delivered,CUST0198,Male,New Delhi,Delhi,PROD0030,Haircare Product 30,Beauty,Haircare,2,32750.13,15,65500.26,6928.1,35.55,SELL022,SELL022,3.5,9
ORD00935,2025-09-21 02:00:00,Delivered,CUST0054,Male,Nizamabad,Telangana,PROD0009,Decor Product 9,Home & Kitchen,Decor,1,49551.55,0,49551.55,15286.73,149.43,SELL028,SELL028,4.0,6
ORD00936,2025-05-15 13:00:00,Delivered,CUST0134,Female,Tirupati,Andhra Pradesh,PROD0089,Skincare Product 89,Beauty,Skincare,1,18204.6,0,18204.6,5379.19,361.15,SELL031,SELL031,3.6,3
ORD00936,2025-05-15 13:00:00,Delivered,CUST0134,Female,Tirupati,Andhra Pradesh,PROD0009,Decor Product 9,Home & Kitchen,Decor,1,44596.4,10,44596.4,10331.58,335.93,SELL036,SELL036,4.3,7
ORD00937,2025-05-04 20:00:00,Delivered,CUST0165,Female,Surat,Gujarat,PROD0085,Audio Product 85,Electronics,Audio,2,30127.53,10,60255.06,10606.5,407.84,SELL017,SELL017,3.6,3
ORD00938,2025-12-20 19:00:00,Delivered,CUST0080,Female,Hyderabad,Telangana,PROD0018,Women Product 18,Fashion,Women,1,28550.05,15,28550.05,2558.8,350.08,SELL031,SELL031,3.6,6
ORD00939,2025-12-30 08:00:00,Delivered,CUST0196,Male,Mumbai,Maharashtra,PROD0029,Skincare Product 29,Beauty,Skincare,1,17622.59,5,17622.59,2676.32,141.99,SELL038,SELL038,4.3,6
ORD00940,2025-01-16 12:00:00,Processing,CUST0256,Female,Kochi,Kerala,PROD0023,Audio Product 23,Electronics,Audio,2,35921.26,15,71842.52,23048.08,364.49,SELL034,SELL034,4.7,
ORD00941,2025-01-08 05:00:00,Delivered,CUST0060,Female,Mumbai,Maharashtra,PROD0050,Skincare Product 50,Beauty,Skincare,1,33302.47,0,33302.47,14216.3,44.01,SELL028,SELL028,4.0,10
ORD00941,2025-01-08 05:00:00,Delivered,CUST0060,Female,Mumbai,Maharashtra,PROD0060,Kitchen Product 60,Home & Kitchen,Kitchen,2,15153.35,5,30306.7,10089.88,406.96,SELL039,SELL039,4.8,9
ORD00942,2025-04-07 11:00:00,Delivered,CUST0152,Male,Mumbai,Maharashtra,PROD0071,Audio Product 71,Electronics,Audio,1,27754.97,10,27754.97,7172.07,69.97,SELL021,SELL021,4.2,8
ORD00942,2025-04-07 11:00:00,Delivered,CUST0152,Male,Mumbai,Maharashtra,PROD0038,Makeup Product 38,Beauty,Makeup,2,16969.12,10,33938.24,9266.46,159.89,SELL033,SELL033,5.0,4
ORD00943,2025-11-25 04:00:00,Delivered,CUST0282,Male,Mumbai,Maharashtra,PROD0087,Furniture Product 87,Home & Kitchen,Furniture,1,39736.4,0,39736.4,12423.03,393.35,SELL007,SELL007,4.3,3
ORD00944,2025-04-04 00:00:00,Delivered,CUST0207,Male,Nizamabad,Telangana,PROD0076,Makeup Product 76,Beauty,Makeup,1,1581.99,15,1581.99,481.24,51.66,SELL005,SELL005,3.8,8
ORD00944,2025-04-04 00:00:00,Delivered,CUST0207,Male,Nizamabad,Telangana,PROD0049,Skincare Product 49,Beauty,Skincare,3,27753.1,10,83259.3,26369.85,228.38,SELL028,SELL028,4.0,6
ORD00944,2025-04-04 00:00:00,Delivered,CUST0207,Male,Nizamabad,Telangana,PROD0057,Women Product 57,Fashion,Women,1,35327.35,15,35327.35,4785.22,214.7,SELL006,SELL006,4.5,10
ORD00945,2025-12-27 07:00:00,Returned,CUST0047,Male,Ahmedabad,Gujarat,PROD0052,Sportswear Product 52,Sports,Sportswear,2,1072.39,15,2144.78,162.0,156.37,SELL040,SELL040,4.9,
ORD00946,2025-04-10 13:00:00,Delivered,CUST0288,Female,Warangal,Telangana,PROD0093,Fitness Product 93,Sports,Fitness,1,6160.76,5,6160.76,2038.9,212.55,SELL037,SELL037,3.6,5
ORD00947,2025-10-12 16:00:00,Processing,CUST0286,Female,Madurai,Tamil Nadu,PROD0085,Audio Product 85,Electronics,Audio,1,31801.28,5,31801.28,6977.0,307.94,SELL005,SELL005,3.8,
ORD00947,2025-10-12 16:00:00,Processing,CUST0286,Female,Madurai,Tamil Nadu,PROD0083,Skincare Product 83,Beauty,Skincare,1,5398.53,15,5398.53,442.92,297.59,SELL012,SELL012,4.8,
ORD00947,2025-10-12 16:00:00,Processing,CUST0286,Female,Madurai,Tamil Nadu,PROD0063,Audio Product 63,Electronics,Audio,1,13150.4,5,13150.4,2549.48,89.46,SELL025,SELL025,3.9,
ORD00947,2025-10-12 16:00:00,Processing,CUST0286,Female,Madurai,Tamil Nadu,PROD0079,Education Product 79,Books,Education,1,10767.95,15,10767.95,3412.41,389.08,SELL006,SELL006,4.5,
ORD00948,2025-10-23 17:00:00,Shipped,CUST0268,Female,Warangal,Telangana,PROD0071,Audio Product 71,Electronics,Audio,1,30838.86,0,30838.86,10255.96,64.23,SELL037,SELL037,3.6,
ORD00948,2025-10-23 17:00:00,Shipped,CUST0268,Female,Warangal,Telangana,PROD0001,Audio Product 1,Electronics,Audio,1,24215.51,5,24215.51,8059.68,486.61,SELL030,SELL030,4.3,
ORD00948,2025-10-23 17:00:00,Shipped,CUST0268,Female,Warangal,Telangana,PROD0098,Appliances Product 98,Home & Kitchen,Appliances,1,45017.93,5,45017.93,12315.85,361.85,SELL008,SELL008,3.9,
ORD00949,2025-02-19 17:00:00,Delivered,CUST0039,Male,Hyderabad,Telangana,PROD0078,Fitness Product 78,Sports,Fitness,1,26590.63,0,26590.63,9108.11,155.15,SELL038,SELL038,4.3,6
ORD00950,2025-08-19 01:00:00,Shipped,CUST0039,Male,Hyderabad,Telangana,PROD0094,Accessories Product 94,Electronics,Accessories,1,23425.2,0,23425.2,7269.14,416.95,SELL024,SELL024,4.4,
ORD00951,2025-08-11 16:00:00,Delivered,CUST0164,Male,Madurai,Tamil Nadu,PROD0047,Accessories Product 47,Electronics,Accessories,2,29937.77,0,59875.54,26678.3,375.13,SELL001,SELL001,4.5,4
ORD00951,2025-08-11 16:00:00,Delivered,CUST0164,Male,Madurai,Tamil Nadu,PROD0064,Haircare Product 64,Beauty,Haircare,1,37229.56,0,37229.56,7760.42,360.94,SELL005,SELL005,3.8,9
ORD00952,2025-03-11 08:00:00,Shipped,CUST0109,Female,Kochi,Kerala,PROD0072,Fiction Product 72,Books,Fiction,1,3584.97,10,3584.97,708.52,400.15,SELL040,SELL040,4.9,
ORD00953,2025-03-24 22:00:00,Delivered,CUST0094,Male,Nagpur,Maharashtra,PROD0010,Fitness Product 10,Sports,Fitness,1,18353.92,0,18353.92,3710.37,399.56,SELL024,SELL024,4.4,9
ORD00953,2025-03-24 22:00:00,Delivered,CUST0094,Male,Nagpur,Maharashtra,PROD0050,Skincare Product 50,Beauty,Skincare,1,29972.22,10,29972.22,10886.05,57.73,SELL036,SELL036,4.3,5
ORD00953,2025-03-24 22:00:00,Delivered,CUST0094,Male,Nagpur,Maharashtra,PROD0070,Skincare Product 70,Beauty,Skincare,1,27652.64,20,27652.64,5360.54,316.9,SELL008,SELL008,3.9,2
ORD00953,2025-03-24 22:00:00,Delivered,CUST0094,Male,Nagpur,Maharashtra,PROD0099,Men Product 99,Fashion,Men,2,12717.61,0,25435.22,7084.58,413.65,SELL030,SELL030,4.3,4
ORD00954,2025-04-27 14:00:00,Delivered,CUST0186,Male,Hyderabad,Telangana,PROD0010,Fitness Product 10,Sports,Fitness,1,16518.53,10,16518.53,1874.98,32.16,SELL028,SELL028,4.0,6
ORD00955,2025-09-16 18:00:00,Shipped,CUST0045,Male,Vijayawada,Andhra Pradesh,PROD0083,Skincare Product 83,Beauty,Skincare,2,6033.65,5,12067.3,2156.08,224.21,SELL010,SELL010,4.2,
ORD00956,2025-11-01 08:00:00,Delivered,CUST0068,Male,Vijayawada,Andhra Pradesh,PROD0012,Audio Product 12,Electronics,Audio,3,2823.29,20,8469.87,2376.69,125.03,SELL033,SELL033,5.0,2
ORD00956,2025-11-01 08:00:00,Delivered,CUST0068,Male,Vijayawada,Andhra Pradesh,PROD0080,Fiction Product 80,Books,Fiction,2,25077.44,0,50154.88,17329.18,453.8,SELL020,SELL020,4.6,8
ORD00957,2025-06-30 17:00:00,Delivered,CUST0079,Female,Bengaluru,Karnataka,PROD0038,Makeup Product 38,Beauty,Makeup,3,16969.12,10,50907.36,13899.69,372.33,SELL014,SELL014,4.3,7
ORD00958,2025-03-19 13:00:00,Delivered,CUST0173,Female,Mysuru,Karnataka,PROD0005,Accessories Product 5,Electronics,Accessories,1,43201.48,5,43201.48,11171.12,132.94,SELL028,SELL028,4.0,9
ORD00959,2025-04-10 17:00:00,Delivered,CUST0258,Other,New Delhi,Delhi,PROD0081,Fitness Product 81,Sports,Fitness,1,13273.39,0,13273.39,5040.2,52.29,SELL020,SELL020,4.6,4
ORD00960,2025-07-21 11:00:00,Delivered,CUST0026,Male,New Delhi,Delhi,PROD0021,Women Product 21,Fashion,Women,2,47570.67,0,95141.34,34035.12,45.99,SELL012,SELL012,4.8,7
ORD00960,2025-07-21 11:00:00,Delivered,CUST0026,Male,New Delhi,Delhi,PROD0027,Women Product 27,Fashion,Women,3,48487.03,0,145461.09,41476.65,49.98,SELL022,SELL022,3.5,4
ORD00960,2025-07-21 11:00:00,Delivered,CUST0026,Male,New Delhi,Delhi,PROD0073,Women Product 73,Fashion,Women,2,42886.14,10,85772.28,29681.92,312.04,SELL020,SELL020,4.6,2
ORD00961,2025-09-17 12:00:00,Delivered,CUST0237,Male,Madurai,Tamil Nadu,PROD0038,Makeup Product 38,Beauty,Makeup,2,18854.58,0,37709.16,13037.38,360.27,SELL029,SELL029,3.6,4
ORD00962,2025-06-11 08:00:00,Delivered,CUST0120,Male,Warangal,Telangana,PROD0011,Haircare Product 11,Beauty,Haircare,1,32962.68,15,32962.68,4525.49,398.92,SELL009,SELL009,4.2,5
ORD00963,2025-08-02 22:00:00,Processing,CUST0081,Male,Coimbatore,Tamil Nadu,PROD0093,Fitness Product 93,Sports,Fitness,3,6485.01,0,19455.03,7089.45,405.04,SELL012,SELL012,4.8,
ORD00964,2025-08-13 09:00:00,Delivered,CUST0017,Male,Warangal,Telangana,PROD0025,Women Product 25,Fashion,Women,1,28464.86,5,28464.86,10737.3,467.45,SELL009,SELL009,4.2,7
ORD00965,2025-12-08 02:00:00,Delivered,CUST0119,Male,Coimbatore,Tamil Nadu,PROD0028,Education Product 28,Books,Education,2,11891.65,0,23783.3,9166.66,354.31,SELL020,SELL020,4.6,10
ORD00966,2025-08-08 01:00:00,Delivered,CUST0110,Female,Mumbai,Maharashtra,PROD0070,Skincare Product 70,Beauty,Skincare,1,29380.93,15,29380.93,7088.83,479.04,SELL020,SELL020,4.6,5
ORD00967,2025-07-03 11:00:00,Delivered,CUST0280,Male,Thrissur,Kerala,PROD0019,Technology Product 19,Books,Technology,1,45644.29,0,45644.29,19388.22,57.88,SELL003,SELL003,4.7,9
ORD00968,2025-10-20 13:00:00,Cancelled,CUST0204,Male,Bengaluru,Karnataka,PROD0050,Skincare Product 50,Beauty,Skincare,1,33302.47,0,33302.47,14216.3,356.86,SELL029,SELL029,3.6,
ORD00969,2025-12-06 06:00:00,Delivered,CUST0112,Male,Mumbai,Maharashtra,PROD0048,Sportswear Product 48,Sports,Sportswear,1,11672.1,5,11672.1,4438.28,386.62,SELL001,SELL001,4.5,9
ORD00969,2025-12-06 06:00:00,Delivered,CUST0112,Male,Mumbai,Maharashtra,PROD0029,Skincare Product 29,Beauty,Skincare,1,18550.09,0,18550.09,3603.82,105.52,SELL011,SELL011,3.8,3
ORD00969,2025-12-06 06:00:00,Delivered,CUST0112,Male,Mumbai,Maharashtra,PROD0003,Smartphones Product 3,Electronics,Smartphones,2,30846.67,0,61693.34,19315.68,129.88,SELL023,SELL023,4.2,4
ORD00970,2025-02-24 14:00:00,Delivered,CUST0147,Female,Surat,Gujarat,PROD0074,Sportswear Product 74,Sports,Sportswear,1,39120.27,0,39120.27,17236.56,185.58,SELL010,SELL010,4.2,7
ORD00971,2025-11-26 13:00:00,Shipped,CUST0021,Other,New Delhi,Delhi,PROD0070,Skincare Product 70,Beauty,Skincare,3,32837.51,5,98512.53,31636.23,144.2,SELL036,SELL036,4.3,
ORD00972,2025-07-16 12:00:00,Delivered,CUST0046,Male,Chennai,Tamil Nadu,PROD0087,Furniture Product 87,Home & Kitchen,Furniture,3,33775.94,15,101327.82,19387.71,244.57,SELL022,SELL022,3.5,10
ORD00973,2025-10-06 14:00:00,Delivered,CUST0285,Male,Ahmedabad,Gujarat,PROD0095,Furniture Product 95,Home & Kitchen,Furniture,2,38447.14,0,76894.28,31923.52,215.76,SELL038,SELL038,4.3,4
ORD00974,2025-12-10 05:00:00,Shipped,CUST0215,Female,Warangal,Telangana,PROD0067,Accessories Product 67,Electronics,Accessories,1,3967.79,5,3967.79,991.27,247.78,SELL012,SELL012,4.8,
ORD00975,2025-02-16 11:00:00,Shipped,CUST0059,Female,Vadodara,Gujarat,PROD0025,Women Product 25,Fashion,Women,2,29963.01,0,59926.02,24470.9,334.11,SELL028,SELL028,4.0,
ORD00976,2025-09-25 18:00:00,Processing,CUST0064,Male,Madurai,Tamil Nadu,PROD0056,Education Product 56,Books,Education,2,6542.77,5,13085.54,4199.48,129.37,SELL007,SELL007,4.3,
ORD00977,2025-10-19 23:00:00,Delivered,CUST0161,Male,Vijayawada,Andhra Pradesh,PROD0049,Skincare Product 49,Beauty,Skincare,1,30836.78,0,30836.78,11873.63,496.44,SELL034,SELL034,4.7,10
ORD00977,2025-10-19 23:00:00,Delivered,CUST0161,Male,Vijayawada,Andhra Pradesh,PROD0072,Fiction Product 72,Books,Fiction,3,3784.14,5,11352.42,2723.07,389.83,SELL022,SELL022,3.5,6
ORD00978,2025-10-08 12:00:00,Delivered,CUST0035,Male,Madurai,Tamil Nadu,PROD0023,Audio Product 23,Electronics,Audio,1,33808.25,20,33808.25,9411.03,176.17,SELL033,SELL033,5.0,10
ORD00979,2025-03-25 00:00:00,Delivered,CUST0245,Female,Chennai,Tamil Nadu,PROD0081,Fitness Product 81,Sports,Fitness,1,11282.38,15,11282.38,3049.19,57.81,SELL015,SELL015,3.9,10
ORD00980,2025-09-26 23:00:00,Delivered,CUST0068,Male,Vijayawada,Andhra Pradesh,PROD0078,Fitness Product 78,Sports,Fitness,2,23931.57,10,47863.14,12898.1,375.79,SELL013,SELL013,5.0,3
ORD00981,2025-12-23 04:00:00,Delivered,CUST0142,Female,Kochi,Kerala,PROD0017,Fiction Product 17,Books,Fiction,1,14086.53,10,14086.53,3886.26,49.47,SELL007,SELL007,4.3,6
ORD00982,2025-07-28 08:00:00,Delivered,CUST0025,Female,Nizamabad,Telangana,PROD0092,Makeup Product 92,Beauty,Makeup,1,17584.0,15,17584.0,3919.22,244.75,SELL039,SELL039,4.8,7
ORD00983,2025-11-09 17:00:00,Delivered,CUST0050,Male,Surat,Gujarat,PROD0077,Haircare Product 77,Beauty,Haircare,1,15944.02,15,15944.02,1762.61,352.32,SELL006,SELL006,4.5,3
ORD00984,2025-10-26 23:00:00,Cancelled,CUST0082,Male,Warangal,Telangana,PROD0032,Furniture Product 32,Home & Kitchen,Furniture,2,43681.85,0,87363.7,38082.84,211.94,SELL035,SELL035,4.6,
ORD00985,2025-08-03 15:00:00,Delivered,CUST0061,Male,Pune,Maharashtra,PROD0054,Audio Product 54,Electronics,Audio,3,33557.04,15,100671.12,24504.93,49.07,SELL030,SELL030,4.3,8
ORD00985,2025-08-03 15:00:00,Delivered,CUST0061,Male,Pune,Maharashtra,PROD0051,Men Product 51,Fashion,Men,2,40529.56,15,81059.12,14599.98,69.53,SELL015,SELL015,3.9,7
ORD00986,2025-05-27 08:00:00,Delivered,CUST0298,Female,Kozhikode,Kerala,PROD0026,Furniture Product 26,Home & Kitchen,Furniture,1,36128.85,0,36128.85,15831.77,135.62,SELL020,SELL020,4.6,3
ORD00987,2025-08-21 06:00:00,Delivered,CUST0086,Female,Hyderabad,Telangana,PROD0016,Technology Product 16,Books,Technology,3,33191.22,0,99573.66,41341.29,399.34,SELL019,SELL019,4.9,6
ORD00987,2025-08-21 06:00:00,Delivered,CUST0086,Female,Hyderabad,Telangana,PROD0012,Audio Product 12,Electronics,Audio,3,3176.2,10,9528.6,3435.42,472.19,SELL009,SELL009,4.2,7
ORD00988,2025-09-20 20:00:00,Processing,CUST0264,Male,Kochi,Kerala,PROD0077,Haircare Product 77,Beauty,Haircare,2,15944.02,15,31888.04,3525.22,99.33,SELL007,SELL007,4.3,
ORD00988,2025-09-20 20:00:00,Processing,CUST0264,Male,Kochi,Kerala,PROD0088,Laptops Product 88,Electronics,Laptops,2,33706.98,15,67413.96,18723.74,364.27,SELL016,SELL016,4.2,
ORD00988,2025-09-20 20:00:00,Processing,CUST0264,Male,Kochi,Kerala,PROD0080,Fiction Product 80,Books,Fiction,1,23823.57,5,23823.57,7410.72,133.68,SELL039,SELL039,4.8,
ORD00989,2025-05-25 14:00:00,Returned,CUST0069,Male,Mysuru,Karnataka,PROD0069,Education Product 69,Books,Education,1,15498.17,0,15498.17,4452.5,125.08,SELL016,SELL016,4.2,
ORD00990,2025-02-09 02:00:00,Delivered,CUST0124,Male,Pune,Maharashtra,PROD0004,Makeup Product 4,Beauty,Makeup,4,27827.24,0,111308.96,26292.2,435.88,SELL024,SELL024,4.4,8
ORD00991,2025-06-19 14:00:00,Delivered,CUST0256,Female,Kochi,Kerala,PROD0093,Fitness Product 93,Sports,Fitness,1,6485.01,0,6485.01,2363.15,204.24,SELL013,SELL013,5.0,6
ORD00991,2025-06-19 14:00:00,Delivered,CUST0256,Female,Kochi,Kerala,PROD0099,Men Product 99,Fashion,Men,4,12717.61,0,50870.44,14169.16,211.73,SELL031,SELL031,3.6,6
ORD00991,2025-06-19 14:00:00,Delivered,CUST0256,Female,Kochi,Kerala,PROD0082,Skincare Product 82,Beauty,Skincare,2,47328.2,5,94656.4,32172.64,409.24,SELL039,SELL039,4.8,8
ORD00991,2025-06-19 14:00:00,Delivered,CUST0256,Female,Kochi,Kerala,PROD0043,Smartphones Product 43,Electronics,Smartphones,1,12982.22,0,12982.22,2915.29,67.17,SELL028,SELL028,4.0,6
ORD00992,2025-06-20 19:00:00,Processing,CUST0294,Male,New Delhi,Delhi,PROD0098,Appliances Product 98,Home & Kitchen,Appliances,1,47387.29,0,47387.29,14685.21,471.78,SELL026,SELL026,4.3,
ORD00993,2025-05-03 00:00:00,Delivered,CUST0058,Female,Madurai,Tamil Nadu,PROD0092,Makeup Product 92,Beauty,Makeup,4,20687.06,0,82748.24,28089.12,210.86,SELL038,SELL038,4.3,7
ORD00994,2025-10-26 06:00:00,Delivered,CUST0279,Male,Visakhapatnam,Andhra Pradesh,PROD0039,Audio Product 39,Electronics,Audio,2,11420.8,0,22841.6,8313.32,410.51,SELL021,SELL021,4.2,4
ORD00994,2025-10-26 06:00:00,Delivered,CUST0279,Male,Visakhapatnam,Andhra Pradesh,PROD0100,Outdoor Product 100,Sports,Outdoor,1,6477.22,0,6477.22,2385.15,392.05,SELL029,SELL029,3.6,5
ORD00995,2025-01-16 17:00:00,Delivered,CUST0010,Female,New Delhi,Delhi,PROD0046,Makeup Product 46,Beauty,Makeup,1,39746.48,0,39746.48,12980.38,203.13,SELL011,SELL011,3.8,2
ORD00996,2025-03-22 06:00:00,Delivered,CUST0163,Male,Vijayawada,Andhra Pradesh,PROD0056,Education Product 56,Books,Education,1,5854.06,15,5854.06,1411.03,335.73,SELL030,SELL030,4.3,2
ORD00996,2025-03-22 06:00:00,Delivered,CUST0163,Male,Vijayawada,Andhra Pradesh,PROD0065,Haircare Product 65,Beauty,Haircare,1,46258.11,5,46258.11,12953.49,332.12,SELL032,SELL032,3.9,6
ORD00997,2025-07-30 10:00:00,Processing,CUST0271,Female,Coimbatore,Tamil Nadu,PROD0058,Education Product 58,Books,Education,1,30094.92,5,30094.92,5730.57,182.24,SELL009,SELL009,4.2,
ORD00998,2025-11-19 22:00:00,Delivered,CUST0024,Other,Vadodara,Gujarat,PROD0004,Makeup Product 4,Beauty,Makeup,1,26435.88,5,26435.88,5181.69,492.52,SELL024,SELL024,4.4,3
ORD00999,2025-12-16 05:00:00,Delivered,CUST0248,Male,Mumbai,Maharashtra,PROD0025,Women Product 25,Fashion,Women,1,26966.71,10,26966.71,9239.15,136.55,SELL008,SELL008,3.9,7
ORD01000,2025-07-23 16:00:00,Shipped,CUST0112,Male,Mumbai,Maharashtra,PROD0005,Accessories Product 5,Electronics,Accessories,1,43201.48,5,43201.48,11171.12,192.56,SELL013,SELL013,5.0,
ORD01001,2025-10-22 23:00:00,Delivered,CUST0096,Female,Pune,Maharashtra,PROD0048,Sportswear Product 48,Sports,Sportswear,1,10443.46,15,10443.46,3209.64,339.86,SELL040,SELL040,4.9,4
ORD01002,2025-12-25 19:00:00,Delivered,CUST0117,Male,Surat,Gujarat,PROD0047,Accessories Product 47,Electronics,Accessories,2,25447.1,15,50894.2,17696.96,397.4,SELL031,SELL031,3.6,6
ORD01003,2025-02-14 16:00:00,Delivered,CUST0219,Other,New Delhi,Delhi,PROD0071,Audio Product 71,Electronics,Audio,1,27754.97,10,27754.97,7172.07,400.32,SELL033,SELL033,5.0,4
ORD01003,2025-02-14 16:00:00,Delivered,CUST0219,Other,New Delhi,Delhi,PROD0059,Accessories Product 59,Electronics,Accessories,2,1776.45,15,3552.9,1026.46,419.99,SELL008,SELL008,3.9,10
ORD01003,2025-02-14 16:00:00,Delivered,CUST0219,Other,New Delhi,Delhi,PROD0006,Appliances Product 6,Home & Kitchen,Appliances,1,30349.04,0,30349.04,9548.74,260.95,SELL013,SELL013,5.0,8
ORD01004,2025-10-13 21:00:00,Delivered,CUST0114,Male,Mangaluru,Karnataka,PROD0064,Haircare Product 64,Beauty,Haircare,3,33506.6,10,100519.8,12112.38,281.04,SELL028,SELL028,4.0,9
ORD01004,2025-10-13 21:00:00,Delivered,CUST0114,Male,Mangaluru,Karnataka,PROD0086,Sportswear Product 86,Sports,Sportswear,2,13960.74,5,27921.48,9376.08,182.43,SELL017,SELL017,3.6,10
ORD01004,2025-10-13 21:00:00,Delivered,CUST0114,Male,Mangaluru,Karnataka,PROD0081,Fitness Product 81,Sports,Fitness,1,13273.39,0,13273.39,5040.2,485.84,SELL017,SELL017,3.6,7
ORD01005,2025-01-09 20:00:00,Delivered,CUST0261,Female,Surat,Gujarat,PROD0072,Fiction Product 72,Books,Fiction,1,3385.81,15,3385.81,509.36,495.68,SELL037,SELL037,3.6,7
ORD01006,2025-01-30 12:00:00,Delivered,CUST0208,Female,Mumbai,Maharashtra,PROD0048,Sportswear Product 48,Sports,Sportswear,3,12286.42,0,36859.26,15157.8,451.63,SELL004,SELL004,3.6,6
ORD01007,2025-09-30 01:00:00,Delivered,CUST0059,Female,Vadodara,Gujarat,PROD0031,Sportswear Product 31,Sports,Sportswear,1,21078.38,0,21078.38,8562.97,432.68,SELL001,SELL001,4.5,9
ORD01008,2025-06-15 04:00:00,Delivered,CUST0288,Female,Warangal,Telangana,PROD0052,Sportswear Product 52,Sports,Sportswear,1,1261.63,0,1261.63,270.24,217.67,SELL004,SELL004,3.6,2
ORD01009,2025-07-17 02:00:00,Delivered,CUST0188,Female,Pune,Maharashtra,PROD0033,Haircare Product 33,Beauty,Haircare,1,27838.4,0,27838.4,11756.18,324.32,SELL037,SELL037,3.6,3
ORD01010,2025-02-09 18:00:00,Shipped,CUST0037,Male,Chennai,Tamil Nadu,PROD0073,Women Product 73,Fashion,Women,1,45268.71,5,45268.71,17223.53,492.84,SELL006,SELL006,4.5,
ORD01011,2025-09-02 00:00:00,Shipped,CUST0031,Male,New Delhi,Delhi,PROD0086,Sportswear Product 86,Sports,Sportswear,2,13960.74,5,27921.48,9376.08,93.9,SELL040,SELL040,4.9,
ORD01011,2025-09-02 00:00:00,Shipped,CUST0031,Male,New Delhi,Delhi,PROD0002,Skincare Product 2,Beauty,Skincare,1,3080.28,0,3080.28,694.42,124.84,SELL006,SELL006,4.5,
ORD01011,2025-09-02 00:00:00,Shipped,CUST0031,Male,New Delhi,Delhi,PROD0010,Fitness Product 10,Sports,Fitness,2,17436.22,5,34872.44,5585.34,474.92,SELL016,SELL016,4.2,
ORD01012,2025-10-17 16:00:00,Delivered,CUST0019,Male,Kochi,Kerala,PROD0030,Haircare Product 30,Beauty,Haircare,4,38529.57,0,154118.28,36973.96,235.79,SELL039,SELL039,4.8,10
ORD01012,2025-10-17 16:00:00,Delivered,CUST0019,Male,Kochi,Kerala,PROD0011,Haircare Product 11,Beauty,Haircare,2,38779.62,0,77559.24,20684.86,480.8,SELL025,SELL025,3.9,9
ORD01013,2025-11-15 15:00:00,Delivered,CUST0274,Male,New Delhi,Delhi,PROD0027,Women Product 27,Fashion,Women,3,43638.33,10,130914.99,26930.55,175.12,SELL037,SELL037,3.6,9
ORD01014,2025-04-07 00:00:00,Cancelled,CUST0159,Male,Nizamabad,Telangana,PROD0024,Sportswear Product 24,Sports,Sportswear,1,44213.19,0,44213.19,19445.32,86.89,SELL015,SELL015,3.9,
ORD01015,2025-09-06 12:00:00,Delivered,CUST0179,Male,Mysuru,Karnataka,PROD0037,Haircare Product 37,Beauty,Haircare,2,46540.98,0,93081.96,31459.64,227.81,SELL001,SELL001,4.5,7
ORD01015,2025-09-06 12:00:00,Delivered,CUST0179,Male,Mysuru,Karnataka,PROD0062,Fiction Product 62,Books,Fiction,1,14484.02,0,14484.02,3146.26,286.04,SELL036,SELL036,4.3,2
ORD01016,2025-06-08 02:00:00,Delivered,CUST0231,Male,Visakhapatnam,Andhra Pradesh,PROD0005,Accessories Product 5,Electronics,Accessories,2,45475.24,0,90950.48,26889.76,221.15,SELL017,SELL017,3.6,3
ORD01017,2025-05-20 18:00:00,Delivered,CUST0198,Male,New Delhi,Delhi,PROD0082,Skincare Product 82,Beauty,Skincare,2,49819.16,0,99638.32,37154.56,357.09,SELL037,SELL037,3.6,6
ORD01018,2025-01-05 05:00:00,Delivered,CUST0239,Female,Visakhapatnam,Andhra Pradesh,PROD0087,Furniture Product 87,Home & Kitchen,Furniture,1,39736.4,0,39736.4,12423.03,66.83,SELL014,SELL014,4.3,8
ORD01019,2025-06-21 19:00:00,Delivered,CUST0292,Male,Vijayawada,Andhra Pradesh,PROD0039,Audio Product 39,Electronics,Audio,2,9707.68,15,19415.36,4887.08,472.78,SELL022,SELL022,3.5,9
ORD01020,2025-11-10 03:00:00,Delivered,CUST0157,Female,Mumbai,Maharashtra,PROD0032,Furniture Product 32,Home & Kitchen,Furniture,1,41497.76,5,41497.76,16857.33,136.42,SELL017,SELL017,3.6,2
ORD01020,2025-11-10 03:00:00,Delivered,CUST0157,Female,Mumbai,Maharashtra,PROD0091,Audio Product 91,Electronics,Audio,2,20058.46,0,40116.92,10287.1,277.14,SELL018,SELL018,4.1,5
ORD01021,2025-01-25 18:00:00,Delivered,CUST0115,Male,New Delhi,Delhi,PROD0028,Education Product 28,Books,Education,2,11297.07,5,22594.14,7977.5,392.15,SELL037,SELL037,3.6,8
ORD01022,2025-02-21 07:00:00,Delivered,CUST0139,Female,Nagpur,Maharashtra,PROD0058,Education Product 58,Books,Education,2,31678.86,0,63357.72,14629.02,255.01,SELL004,SELL004,3.6,9
ORD01022,2025-02-21 07:00:00,Delivered,CUST0139,Female,Nagpur,Maharashtra,PROD0017,Fiction Product 17,Books,Fiction,1,15651.7,0,15651.7,5451.43,430.26,SELL003,SELL003,4.7,4
ORD01023,2025-06-22 15:00:00,Shipped,CUST0190,Female,Mysuru,Karnataka,PROD0002,Skincare Product 2,Beauty,Skincare,1,2926.27,5,2926.27,540.41,428.68,SELL003,SELL003,4.7,
ORD01024,2025-01-28 00:00:00,Delivered,CUST0291,Female,Kozhikode,Kerala,PROD0015,Sportswear Product 15,Sports,Sportswear,2,6921.76,5,13843.52,4452.5,433.48,SELL014,SELL014,4.3,7
ORD01025,2025-10-26 10:00:00,Delivered,CUST0170,Female,Kochi,Kerala,PROD0056,Education Product 56,Books,Education,3,6198.42,10,18595.26,5266.17,473.86,SELL006,SELL006,4.5,2
ORD01026,2025-07-23 12:00:00,Delivered,CUST0168,Male,Bengaluru,Karnataka,PROD0007,Accessories Product 7,Electronics,Accessories,1,5399.22,0,5399.22,1118.91,419.54,SELL014,SELL014,4.3,4
ORD01027,2025-06-08 14:00:00,Delivered,CUST0100,Female,New Delhi,Delhi,PROD0039,Audio Product 39,Electronics,Audio,2,10278.72,10,20557.44,6029.16,225.37,SELL015,SELL015,3.9,10
ORD01028,2025-01-17 17:00:00,Shipped,CUST0015,Male,Mysuru,Karnataka,PROD0019,Technology Product 19,Books,Technology,1,43362.08,5,43362.08,17106.01,53.56,SELL018,SELL018,4.1,
ORD01028,2025-01-17 17:00:00,Shipped,CUST0015,Male,Mysuru,Karnataka,PROD0073,Women Product 73,Fashion,Women,1,38121.02,20,38121.02,10075.84,235.93,SELL006,SELL006,4.5,
ORD01029,2025-04-17 10:00:00,Delivered,CUST0155,Female,Mumbai,Maharashtra,PROD0007,Accessories Product 7,Electronics,Accessories,2,4859.3,10,9718.6,1157.98,161.76,SELL011,SELL011,3.8,2
ORD01029,2025-04-17 10:00:00,Delivered,CUST0155,Female,Mumbai,Maharashtra,PROD0021,Women Product 21,Fashion,Women,1,45192.14,5,45192.14,14639.03,188.28,SELL026,SELL026,4.3,2
ORD01030,2025-04-12 06:00:00,Delivered,CUST0082,Male,Warangal,Telangana,PROD0018,Women Product 18,Fashion,Women,1,31908.88,5,31908.88,5917.63,496.01,SELL002,SELL002,4.5,6
ORD01031,2025-01-12 07:00:00,Delivered,CUST0118,Female,Surat,Gujarat,PROD0016,Technology Product 16,Books,Technology,2,31531.66,5,63063.32,24241.74,413.42,SELL028,SELL028,4.0,3
ORD01031,2025-01-12 07:00:00,Delivered,CUST0118,Female,Surat,Gujarat,PROD0086,Sportswear Product 86,Sports,Sportswear,2,14695.52,0,29391.04,10845.64,254.84,SELL029,SELL029,3.6,9
ORD01032,2025-05-08 23:00:00,Delivered,CUST0162,Male,Hyderabad,Telangana,PROD0023,Audio Product 23,Electronics,Audio,2,40147.29,5,80294.58,31500.14,151.41,SELL015,SELL015,3.9,9
ORD01033,2025-03-07 17:00:00,Delivered,CUST0024,Other,Vadodara,Gujarat,PROD0095,Furniture Product 95,Home & Kitchen,Furniture,1,34602.43,10,34602.43,12117.05,480.08,SELL002,SELL002,4.5,2
ORD01034,2025-08-13 23:00:00,Delivered,CUST0030,Male,Nizamabad,Telangana,PROD0094,Accessories Product 94,Electronics,Accessories,2,22253.94,5,44507.88,12195.76,328.95,SELL007,SELL007,4.3,9
ORD01035,2025-02-24 19:00:00,Shipped,CUST0212,Male,Bengaluru,Karnataka,PROD0007,Accessories Product 7,Electronics,Accessories,1,4589.34,15,4589.34,309.03,237.13,SELL035,SELL035,4.6,
ORD01035,2025-02-24 19:00:00,Shipped,CUST0212,Male,Bengaluru,Karnataka,PROD0050,Skincare Product 50,Beauty,Skincare,1,33302.47,0,33302.47,14216.3,439.94,SELL031,SELL031,3.6,
ORD01035,2025-02-24 19:00:00,Shipped,CUST0212,Male,Bengaluru,Karnataka,PROD0047,Accessories Product 47,Electronics,Accessories,1,29937.77,0,29937.77,13339.15,48.85,SELL005,SELL005,3.8,
ORD01036,2025-07-17 12:00:00,Delivered,CUST0176,Male,Tirupati,Andhra Pradesh,PROD0095,Furniture Product 95,Home & Kitchen,Furniture,3,36524.78,5,109574.34,42118.2,324.78,SELL010,SELL010,4.2,5
ORD01037,2025-04-06 03:00:00,Delivered,CUST0040,Male,Tirupati,Andhra Pradesh,PROD0066,Haircare Product 66,Beauty,Haircare,1,46234.45,0,46234.45,14323.23,353.53,SELL003,SELL003,4.7,6
ORD01038,2025-12-09 02:00:00,Delivered,CUST0026,Male,New Delhi,Delhi,PROD0005,Accessories Product 5,Electronics,Accessories,1,43201.48,5,43201.48,11171.12,306.25,SELL015,SELL015,3.9,8
ORD01039,2025-09-10 03:00:00,Delivered,CUST0057,Female,Tirupati,Andhra Pradesh,PROD0033,Haircare Product 33,Beauty,Haircare,1,26446.48,5,26446.48,10364.26,106.87,SELL016,SELL016,4.2,2
ORD01040,2025-07-12 21:00:00,Delivered,CUST0091,Male,Coimbatore,Tamil Nadu,PROD0025,Women Product 25,Fashion,Women,2,29963.01,0,59926.02,24470.9,283.6,SELL013,SELL013,5.0,5
ORD01041,2025-06-04 14:00:00,Processing,CUST0151,Female,New Delhi,Delhi,PROD0064,Haircare Product 64,Beauty,Haircare,1,37229.56,0,37229.56,7760.42,157.35,SELL039,SELL039,4.8,
ORD01041,2025-06-04 14:00:00,Processing,CUST0151,Female,New Delhi,Delhi,PROD0066,Haircare Product 66,Beauty,Haircare,2,46234.45,0,92468.9,28646.46,205.87,SELL002,SELL002,4.5,
ORD01042,2025-02-06 19:00:00,Shipped,CUST0179,Male,Mysuru,Karnataka,PROD0033,Haircare Product 33,Beauty,Haircare,2,27838.4,0,55676.8,23512.36,230.76,SELL040,SELL040,4.9,
ORD01043,2025-04-30 08:00:00,Delivered,CUST0213,Female,Coimbatore,Tamil Nadu,PROD0021,Women Product 21,Fashion,Women,1,45192.14,5,45192.14,14639.03,446.34,SELL037,SELL037,3.6,3
ORD01043,2025-04-30 08:00:00,Delivered,CUST0213,Female,Coimbatore,Tamil Nadu,PROD0046,Makeup Product 46,Beauty,Makeup,1,39746.48,0,39746.48,12980.38,314.16,SELL023,SELL023,4.2,8
ORD01044,2025-10-31 09:00:00,Delivered,CUST0078,Female,Visakhapatnam,Andhra Pradesh,PROD0053,Accessories Product 53,Electronics,Accessories,1,49056.71,0,49056.71,18715.84,342.48,SELL010,SELL010,4.2,3
ORD01044,2025-10-31 09:00:00,Delivered,CUST0078,Female,Visakhapatnam,Andhra Pradesh,PROD0028,Education Product 28,Books,Education,1,11297.07,5,11297.07,3988.75,247.74,SELL038,SELL038,4.3,5
ORD01044,2025-10-31 09:00:00,Delivered,CUST0078,Female,Visakhapatnam,Andhra Pradesh,PROD0006,Appliances Product 6,Home & Kitchen,Appliances,1,30349.04,0,30349.04,9548.74,322.54,SELL010,SELL010,4.2,6
ORD01045,2025-01-22 13:00:00,Delivered,CUST0093,Male,Nagpur,Maharashtra,PROD0083,Skincare Product 83,Beauty,Skincare,1,6351.21,0,6351.21,1395.6,370.21,SELL036,SELL036,4.3,2
ORD01046,2025-10-21 17:00:00,Shipped,CUST0140,Female,Thrissur,Kerala,PROD0083,Skincare Product 83,Beauty,Skincare,1,6351.21,0,6351.21,1395.6,476.39,SELL006,SELL006,4.5,
ORD01047,2025-12-31 11:00:00,Delivered,CUST0058,Female,Madurai,Tamil Nadu,PROD0052,Sportswear Product 52,Sports,Sportswear,2,1261.63,0,2523.26,540.48,303.94,SELL020,SELL020,4.6,9
ORD01048,2025-06-06 04:00:00,Shipped,CUST0159,Male,Nizamabad,Telangana,PROD0073,Women Product 73,Fashion,Women,3,45268.71,5,135806.13,51670.59,329.99,SELL033,SELL033,5.0,
ORD01049,2025-06-17 23:00:00,Cancelled,CUST0267,Male,Visakhapatnam,Andhra Pradesh,PROD0096,Fitness Product 96,Sports,Fitness,1,37450.52,10,37450.52,8743.13,132.32,SELL008,SELL008,3.9,
ORD01049,2025-06-17 23:00:00,Cancelled,CUST0267,Male,Visakhapatnam,Andhra Pradesh,PROD0040,Audio Product 40,Electronics,Audio,1,39621.19,0,39621.19,16357.53,467.18,SELL012,SELL012,4.8,
ORD01050,2025-12-20 02:00:00,Delivered,CUST0157,Female,Mumbai,Maharashtra,PROD0015,Sportswear Product 15,Sports,Sportswear,2,6193.15,15,12386.3,2995.28,461.01,SELL019,SELL019,4.9,4
ORD01051,2025-02-16 15:00:00,Processing,CUST0058,Female,Madurai,Tamil Nadu,PROD0079,Education Product 79,Books,Education,3,12668.18,0,38004.54,15937.92,354.61,SELL039,SELL039,4.8,
ORD01052,2025-01-11 01:00:00,Delivered,CUST0282,Male,Mumbai,Maharashtra,PROD0096,Fitness Product 96,Sports,Fitness,1,41611.69,0,41611.69,12904.3,122.45,SELL001,SELL001,4.5,3
ORD01052,2025-01-11 01:00:00,Delivered,CUST0282,Male,Mumbai,Maharashtra,PROD0022,Skincare Product 22,Beauty,Skincare,1,11520.52,0,11520.52,4756.33,216.13,SELL011,SELL011,3.8,8
ORD01053,2025-05-19 07:00:00,Processing,CUST0092,Female,New Delhi,Delhi,PROD0046,Makeup Product 46,Beauty,Makeup,2,33784.51,15,67569.02,14036.82,425.95,SELL036,SELL036,4.3,
ORD01054,2025-08-19 12:00:00,Delivered,CUST0031,Male,New Delhi,Delhi,PROD0032,Furniture Product 32,Home & Kitchen,Furniture,2,34945.48,20,69890.96,20610.1,127.2,SELL012,SELL012,4.8,6
ORD01054,2025-08-19 12:00:00,Delivered,CUST0031,Male,New Delhi,Delhi,PROD0030,Haircare Product 30,Beauty,Haircare,1,36603.09,5,36603.09,7317.01,401.11,SELL033,SELL033,5.0,7
ORD01055,2025-06-22 20:00:00,Delivered,CUST0259,Female,Kozhikode,Kerala,PROD0099,Men Product 99,Fashion,Men,1,12717.61,0,12717.61,3542.29,234.01,SELL012,SELL012,4.8,9
ORD01055,2025-06-22 20:00:00,Delivered,CUST0259,Female,Kozhikode,Kerala,PROD0052,Sportswear Product 52,Sports,Sportswear,3,1261.63,0,3784.89,810.72,487.38,SELL020,SELL020,4.6,7
ORD01056,2025-11-08 04:00:00,Delivered,CUST0116,Female,Vadodara,Gujarat,PROD0045,Women Product 45,Fashion,Women,2,15232.27,0,30464.54,13316.28,254.13,SELL039,SELL039,4.8,4
ORD01056,2025-11-08 04:00:00,Delivered,CUST0116,Female,Vadodara,Gujarat,PROD0024,Sportswear Product 24,Sports,Sportswear,1,37581.21,15,37581.21,12813.34,261.71,SELL002,SELL002,4.5,9
ORD01056,2025-11-08 04:00:00,Delivered,CUST0116,Female,Vadodara,Gujarat,PROD0060,Kitchen Product 60,Home & Kitchen,Kitchen,2,15153.35,5,30306.7,10089.88,325.7,SELL007,SELL007,4.3,7
ORD01057,2025-02-21 20:00:00,Shipped,CUST0268,Female,Warangal,Telangana,PROD0078,Fitness Product 78,Sports,Fitness,3,26590.63,0,79771.89,27324.33,461.56,SELL029,SELL029,3.6,
ORD01058,2025-11-26 07:00:00,Delivered,CUST0274,Male,New Delhi,Delhi,PROD0087,Furniture Product 87,Home & Kitchen,Furniture,4,33775.94,15,135103.76,25850.28,100.82,SELL002,SELL002,4.5,6
ORD01059,2025-07-16 05:00:00,Delivered,CUST0274,Male,New Delhi,Delhi,PROD0058,Education Product 58,Books,Education,1,30094.92,5,30094.92,5730.57,295.79,SELL014,SELL014,4.3,4
ORD01060,2025-11-18 20:00:00,Delivered,CUST0223,Male,Mangaluru,Karnataka,PROD0078,Fitness Product 78,Sports,Fitness,1,23931.57,10,23931.57,6449.05,97.08,SELL002,SELL002,4.5,10
ORD01061,2025-08-13 18:00:00,Delivered,CUST0033,Female,Bengaluru,Karnataka,PROD0077,Haircare Product 77,Beauty,Haircare,1,16881.9,10,16881.9,2700.49,149.81,SELL030,SELL030,4.3,5
ORD01062,2025-02-08 16:00:00,Delivered,CUST0142,Female,Kochi,Kerala,PROD0053,Accessories Product 53,Electronics,Accessories,1,41698.2,15,41698.2,11357.33,273.92,SELL030,SELL030,4.3,4
ORD01063,2025-02-24 12:00:00,Delivered,CUST0274,Male,New Delhi,Delhi,PROD0002,Skincare Product 2,Beauty,Skincare,1,2772.25,10,2772.25,386.39,408.92,SELL039,SELL039,4.8,10
ORD01064,2025-07-24 04:00:00,Cancelled,CUST0084,Male,Surat,Gujarat,PROD0008,Men Product 8,Fashion,Men,2,25351.31,0,50702.62,20453.9,281.28,SELL002,SELL002,4.5,
ORD01065,2025-10-04 18:00:00,Delivered,CUST0285,Male,Ahmedabad,Gujarat,PROD0040,Audio Product 40,Electronics,Audio,1,35659.07,10,35659.07,12395.41,376.34,SELL035,SELL035,4.6,8
ORD01066,2025-10-11 11:00:00,Delivered,CUST0055,Female,Kozhikode,Kerala,PROD0058,Education Product 58,Books,Education,1,31678.86,0,31678.86,7314.51,192.11,SELL004,SELL004,3.6,9
ORD01066,2025-10-11 11:00:00,Delivered,CUST0055,Female,Kozhikode,Kerala,PROD0048,Sportswear Product 48,Sports,Sportswear,2,11672.1,5,23344.2,8876.56,308.32,SELL025,SELL025,3.9,10
ORD01066,2025-10-11 11:00:00,Delivered,CUST0055,Female,Kozhikode,Kerala,PROD0002,Skincare Product 2,Beauty,Skincare,1,3080.28,0,3080.28,694.42,458.25,SELL039,SELL039,4.8,7
ORD01067,2025-04-09 14:00:00,Returned,CUST0290,Male,Mumbai,Maharashtra,PROD0058,Education Product 58,Books,Education,1,28510.97,10,28510.97,4146.62,459.57,SELL037,SELL037,3.6,
ORD01068,2025-11-26 01:00:00,Delivered,CUST0213,Female,Coimbatore,Tamil Nadu,PROD0089,Skincare Product 89,Beauty,Skincare,1,18204.6,0,18204.6,5379.19,168.94,SELL008,SELL008,3.9,3
ORD01069,2025-09-05 08:00:00,Delivered,CUST0202,Female,New Delhi,Delhi,PROD0048,Sportswear Product 48,Sports,Sportswear,1,11057.78,10,11057.78,3823.96,89.24,SELL003,SELL003,4.7,7
ORD01069,2025-09-05 08:00:00,Delivered,CUST0202,Female,New Delhi,Delhi,PROD0022,Skincare Product 22,Beauty,Skincare,3,10368.47,10,31105.41,10812.84,235.01,SELL021,SELL021,4.2,2
ORD01069,2025-09-05 08:00:00,Delivered,CUST0202,Female,New Delhi,Delhi,PROD0039,Audio Product 39,Electronics,Audio,1,9707.68,15,9707.68,2443.54,391.02,SELL031,SELL031,3.6,8
ORD01070,2025-11-08 00:00:00,Delivered,CUST0064,Male,Madurai,Tamil Nadu,PROD0057,Women Product 57,Fashion,Women,1,41561.59,0,41561.59,11019.46,453.36,SELL002,SELL002,4.5,8
ORD01071,2025-11-04 13:00:00,Delivered,CUST0115,Male,New Delhi,Delhi,PROD0029,Skincare Product 29,Beauty,Skincare,1,15767.58,15,15767.58,821.31,485.64,SELL021,SELL021,4.2,10
ORD01072,2025-02-22 05:00:00,Delivered,CUST0112,Male,Mumbai,Maharashtra,PROD0032,Furniture Product 32,Home & Kitchen,Furniture,1,43681.85,0,43681.85,19041.42,72.96,SELL026,SELL026,4.3,10
ORD01073,2025-05-02 20:00:00,Delivered,CUST0242,Male,Warangal,Telangana,PROD0035,Accessories Product 35,Fashion,Accessories,1,40760.08,10,40760.08,14049.36,320.22,SELL035,SELL035,4.6,3
ORD01074,2025-04-03 18:00:00,Delivered,CUST0088,Female,New Delhi,Delhi,PROD0041,Accessories Product 41,Fashion,Accessories,1,27903.66,20,27903.66,7412.81,184.02,SELL007,SELL007,4.3,7
ORD01075,2025-09-28 20:00:00,Delivered,CUST0027,Female,Nizamabad,Telangana,PROD0040,Audio Product 40,Electronics,Audio,1,35659.07,10,35659.07,12395.41,330.16,SELL018,SELL018,4.1,7
ORD01076,2025-02-27 14:00:00,Delivered,CUST0152,Male,Mumbai,Maharashtra,PROD0059,Accessories Product 59,Electronics,Accessories,2,1880.95,10,3761.9,1235.46,47.22,SELL019,SELL019,4.9,9
ORD01076,2025-02-27 14:00:00,Delivered,CUST0152,Male,Mumbai,Maharashtra,PROD0026,Furniture Product 26,Home & Kitchen,Furniture,1,34322.41,5,34322.41,14025.33,134.46,SELL015,SELL015,3.9,3
ORD01076,2025-02-27 14:00:00,Delivered,CUST0152,Male,Mumbai,Maharashtra,PROD0034,Fitness Product 34,Sports,Fitness,1,13710.29,5,13710.29,2799.19,440.71,SELL008,SELL008,3.9,7
ORD01077,2025-08-07 01:00:00,Delivered,CUST0094,Male,Nagpur,Maharashtra,PROD0072,Fiction Product 72,Books,Fiction,2,3784.14,5,7568.28,1815.38,253.35,SELL023,SELL023,4.2,7
ORD01077,2025-08-07 01:00:00,Delivered,CUST0094,Male,Nagpur,Maharashtra,PROD0009,Decor Product 9,Home & Kitchen,Decor,1,47073.97,5,47073.97,12809.15,116.46,SELL001,SELL001,4.5,8
ORD01078,2025-06-17 21:00:00,Delivered,CUST0210,Female,Warangal,Telangana,PROD0066,Haircare Product 66,Beauty,Haircare,1,39299.28,15,39299.28,7388.06,197.43,SELL007,SELL007,4.3,8
ORD01078,2025-06-17 21:00:00,Delivered,CUST0210,Female,Warangal,Telangana,PROD0007,Accessories Product 7,Electronics,Accessories,1,5399.22,0,5399.22,1118.91,209.31,SELL031,SELL031,3.6,3
ORD01079,2025-10-29 02:00:00,Returned,CUST0204,Male,Bengaluru,Karnataka,PROD0078,Fitness Product 78,Sports,Fitness,1,25261.1,5,25261.1,7778.58,403.12,SELL037,SELL037,3.6,
ORD01080,2025-11-09 18:00:00,Delivered,CUST0027,Female,Nizamabad,Telangana,PROD0069,Education Product 69,Books,Education,1,14723.26,5,14723.26,3677.59,301.4,SELL039,SELL039,4.8,8
ORD01081,2025-02-18 22:00:00,Delivered,CUST0084,Male,Surat,Gujarat,PROD0037,Haircare Product 37,Beauty,Haircare,2,44213.93,5,88427.86,26805.54,375.98,SELL011,SELL011,3.8,8
ORD01082,2025-07-09 14:00:00,Delivered,CUST0299,Male,New Delhi,Delhi,PROD0063,Audio Product 63,Electronics,Audio,1,13150.4,5,13150.4,2549.48,474.36,SELL037,SELL037,3.6,10
ORD01082,2025-07-09 14:00:00,Delivered,CUST0299,Male,New Delhi,Delhi,PROD0043,Smartphones Product 43,Electronics,Smartphones,2,12982.22,0,25964.44,5830.58,97.43,SELL008,SELL008,3.9,6
ORD01083,2025-06-03 16:00:00,Delivered,CUST0071,Female,Thrissur,Kerala,PROD0011,Haircare Product 11,Beauty,Haircare,1,38779.62,0,38779.62,10342.43,302.88,SELL030,SELL030,4.3,2
ORD01084,2025-02-20 08:00:00,Shipped,CUST0169,Male,Mumbai,Maharashtra,PROD0067,Accessories Product 67,Electronics,Accessories,1,4176.62,0,4176.62,1200.1,132.29,SELL034,SELL034,4.7,
ORD01084,2025-02-20 08:00:00,Shipped,CUST0169,Male,Mumbai,Maharashtra,PROD0051,Men Product 51,Fashion,Men,1,45297.74,5,45297.74,12068.17,383.43,SELL002,SELL002,4.5,
ORD01085,2025-10-03 02:00:00,Delivered,CUST0252,Male,Thrissur,Kerala,PROD0003,Smartphones Product 3,Electronics,Smartphones,2,26219.67,15,52439.34,10061.68,426.54,SELL040,SELL040,4.9,5
ORD01085,2025-10-03 02:00:00,Delivered,CUST0252,Male,Thrissur,Kerala,PROD0095,Furniture Product 95,Home & Kitchen,Furniture,1,38447.14,0,38447.14,15961.76,79.52,SELL037,SELL037,3.6,8
ORD01086,2025-08-05 18:00:00,Delivered,CUST0218,Male,Surat,Gujarat,PROD0085,Audio Product 85,Electronics,Audio,2,31801.28,5,63602.56,13954.0,39.71,SELL021,SELL021,4.2,5
ORD01087,2025-12-09 10:00:00,Delivered,CUST0007,Male,Coimbatore,Tamil Nadu,PROD0016,Technology Product 16,Books,Technology,2,33191.22,0,66382.44,27560.86,146.85,SELL016,SELL016,4.2,8
ORD01087,2025-12-09 10:00:00,Delivered,CUST0007,Male,Coimbatore,Tamil Nadu,PROD0074,Sportswear Product 74,Sports,Sportswear,1,37164.26,5,37164.26,15280.55,252.93,SELL035,SELL035,4.6,6
ORD01088,2025-03-04 07:00:00,Delivered,CUST0179,Male,Mysuru,Karnataka,PROD0069,Education Product 69,Books,Education,2,13948.35,10,27896.7,5805.36,50.08,SELL007,SELL007,4.3,8
ORD01089,2025-04-19 22:00:00,Delivered,CUST0154,Male,Madurai,Tamil Nadu,PROD0068,Appliances Product 68,Home & Kitchen,Appliances,2,16230.27,0,32460.54,13905.5,236.74,SELL025,SELL025,3.9,2
ORD01089,2025-04-19 22:00:00,Delivered,CUST0154,Male,Madurai,Tamil Nadu,PROD0064,Haircare Product 64,Beauty,Haircare,2,35368.08,5,70736.16,11797.88,311.8,SELL014,SELL014,4.3,7
ORD01089,2025-04-19 22:00:00,Delivered,CUST0154,Male,Madurai,Tamil Nadu,PROD0027,Women Product 27,Fashion,Women,1,46062.68,5,46062.68,11401.2,405.29,SELL037,SELL037,3.6,7
ORD01090,2025-02-16 11:00:00,Delivered,CUST0221,Female,Thrissur,Kerala,PROD0043,Smartphones Product 43,Electronics,Smartphones,2,12982.22,0,25964.44,5830.58,259.05,SELL025,SELL025,3.9,7
ORD01091,2025-05-29 07:00:00,Delivered,CUST0195,Male,Bengaluru,Karnataka,PROD0066,Haircare Product 66,Beauty,Haircare,1,46234.45,0,46234.45,14323.23,43.24,SELL016,SELL016,4.2,3
ORD01092,2025-01-03 10:00:00,Processing,CUST0210,Female,Warangal,Telangana,PROD0033,Haircare Product 33,Beauty,Haircare,1,25054.56,10,25054.56,8972.34,223.74,SELL017,SELL017,3.6,
ORD01093,2025-11-21 06:00:00,Delivered,CUST0166,Female,Vijayawada,Andhra Pradesh,PROD0034,Fitness Product 34,Sports,Fitness,3,11545.5,20,34636.5,1903.2,47.61,SELL003,SELL003,4.7,8
ORD01094,2025-05-16 04:00:00,Delivered,CUST0005,Male,Ahmedabad,Gujarat,PROD0014,Technology Product 14,Books,Technology,2,41510.88,5,83021.76,27090.64,278.57,SELL017,SELL017,3.6,3
ORD01094,2025-05-16 04:00:00,Delivered,CUST0005,Male,Ahmedabad,Gujarat,PROD0034,Fitness Product 34,Sports,Fitness,1,14431.88,0,14431.88,3520.78,129.36,SELL038,SELL038,4.3,3
ORD01095,2025-07-25 08:00:00,Delivered,CUST0254,Female,Pune,Maharashtra,PROD0089,Skincare Product 89,Beauty,Skincare,1,18204.6,0,18204.6,5379.19,282.19,SELL001,SELL001,4.5,5
ORD01096,2025-08-21 08:00:00,Processing,CUST0261,Female,Surat,Gujarat,PROD0031,Sportswear Product 31,Sports,Sportswear,1,17916.62,15,17916.62,5401.21,93.82,SELL022,SELL022,3.5,
ORD01096,2025-08-21 08:00:00,Processing,CUST0261,Female,Surat,Gujarat,PROD0099,Men Product 99,Fashion,Men,1,12717.61,0,12717.61,3542.29,122.38,SELL032,SELL032,3.9,
ORD01097,2025-02-24 12:00:00,Shipped,CUST0062,Female,Thrissur,Kerala,PROD0005,Accessories Product 5,Electronics,Accessories,3,43201.48,5,129604.44,33513.36,387.2,SELL020,SELL020,4.6,
ORD01097,2025-02-24 12:00:00,Shipped,CUST0062,Female,Thrissur,Kerala,PROD0026,Furniture Product 26,Home & Kitchen,Furniture,1,36128.85,0,36128.85,15831.77,250.85,SELL005,SELL005,3.8,
ORD01098,2025-07-27 09:00:00,Shipped,CUST0110,Female,Mumbai,Maharashtra,PROD0092,Makeup Product 92,Beauty,Makeup,1,18618.35,10,18618.35,4953.57,82.98,SELL001,SELL001,4.5,
ORD01099,2025-04-06 17:00:00,Delivered,CUST0012,Male,Surat,Gujarat,PROD0006,Appliances Product 6,Home & Kitchen,Appliances,1,25796.68,15,25796.68,4996.38,435.31,SELL017,SELL017,3.6,5
ORD01100,2025-08-25 04:00:00,Delivered,CUST0231,Male,Visakhapatnam,Andhra Pradesh,PROD0089,Skincare Product 89,Beauty,Skincare,2,15473.91,15,30947.82,5297.0,157.89,SELL032,SELL032,3.9,7
ORD01101,2025-11-26 02:00:00,Delivered,CUST0283,Male,Hyderabad,Telangana,PROD0082,Skincare Product 82,Beauty,Skincare,1,49819.16,0,49819.16,18577.28,477.5,SELL010,SELL010,4.2,8
ORD01102,2025-09-01 04:00:00,Delivered,CUST0286,Female,Madurai,Tamil Nadu,PROD0027,Women Product 27,Fashion,Women,1,48487.03,0,48487.03,13825.55,263.12,SELL012,SELL012,4.8,5
ORD01103,2025-03-30 13:00:00,Delivered,CUST0110,Female,Mumbai,Maharashtra,PROD0040,Audio Product 40,Electronics,Audio,1,39621.19,0,39621.19,16357.53,209.3,SELL025,SELL025,3.9,4
ORD01104,2025-01-29 04:00:00,Shipped,CUST0087,Male,Mumbai,Maharashtra,PROD0051,Men Product 51,Fashion,Men,1,45297.74,5,45297.74,12068.17,222.36,SELL009,SELL009,4.2,
ORD01104,2025-01-29 04:00:00,Shipped,CUST0087,Male,Mumbai,Maharashtra,PROD0054,Audio Product 54,Electronics,Audio,1,39478.87,0,39478.87,14090.14,248.48,SELL035,SELL035,4.6,
ORD01105,2025-06-20 18:00:00,Cancelled,CUST0070,Female,Madurai,Tamil Nadu,PROD0012,Audio Product 12,Electronics,Audio,2,3529.11,0,7058.22,2996.1,242.19,SELL013,SELL013,5.0,
ORD01106,2025-01-22 23:00:00,Delivered,CUST0290,Male,Mumbai,Maharashtra,PROD0024,Sportswear Product 24,Sports,Sportswear,1,37581.21,15,37581.21,12813.34,178.62,SELL008,SELL008,3.9,4
ORD01107,2025-02-27 15:00:00,Delivered,CUST0209,Male,Visakhapatnam,Andhra Pradesh,PROD0061,Makeup Product 61,Beauty,Makeup,1,22611.56,5,22611.56,9285.32,492.13,SELL017,SELL017,3.6,6
ORD01107,2025-02-27 15:00:00,Delivered,CUST0209,Male,Visakhapatnam,Andhra Pradesh,PROD0001,Audio Product 1,Electronics,Audio,2,22941.01,10,45882.02,13570.36,167.77,SELL010,SELL010,4.2,7
ORD01107,2025-02-27 15:00:00,Delivered,CUST0209,Male,Visakhapatnam,Andhra Pradesh,PROD0059,Accessories Product 59,Electronics,Accessories,1,2089.94,0,2089.94,826.72,334.53,SELL009,SELL009,4.2,3
ORD01108,2025-02-12 04:00:00,Cancelled,CUST0139,Female,Nagpur,Maharashtra,PROD0035,Accessories Product 35,Fashion,Accessories,2,43024.53,5,86049.06,32627.62,426.01,SELL020,SELL020,4.6,
ORD01109,2025-11-25 20:00:00,Delivered,CUST0216,Female,Visakhapatnam,Andhra Pradesh,PROD0011,Haircare Product 11,Beauty,Haircare,1,38779.62,0,38779.62,10342.43,291.88,SELL030,SELL030,4.3,10
ORD01110,2025-10-27 17:00:00,Delivered,CUST0184,Male,Pune,Maharashtra,PROD0086,Sportswear Product 86,Sports,Sportswear,1,12491.19,15,12491.19,3218.49,303.28,SELL008,SELL008,3.9,4
ORD01111,2025-11-07 17:00:00,Processing,CUST0147,Female,Surat,Gujarat,PROD0066,Haircare Product 66,Beauty,Haircare,1,43922.73,5,43922.73,12011.51,499.59,SELL027,SELL027,3.7,
ORD01111,2025-11-07 17:00:00,Processing,CUST0147,Female,Surat,Gujarat,PROD0087,Furniture Product 87,Home & Kitchen,Furniture,1,39736.4,0,39736.4,12423.03,244.41,SELL001,SELL001,4.5,
ORD01112,2025-12-03 17:00:00,Returned,CUST0225,Male,New Delhi,Delhi,PROD0038,Makeup Product 38,Beauty,Makeup,2,18854.58,0,37709.16,13037.38,235.48,SELL040,SELL040,4.9,
ORD01113,2025-07-21 19:00:00,Cancelled,CUST0104,Male,Surat,Gujarat,PROD0030,Haircare Product 30,Beauty,Haircare,1,36603.09,5,36603.09,7317.01,241.05,SELL035,SELL035,4.6,
ORD01113,2025-07-21 19:00:00,Cancelled,CUST0104,Male,Surat,Gujarat,PROD0036,Skincare Product 36,Beauty,Skincare,1,47334.06,0,47334.06,18462.64,299.82,SELL003,SELL003,4.7,
ORD01114,2025-03-28 02:00:00,Returned,CUST0005,Male,Ahmedabad,Gujarat,PROD0096,Fitness Product 96,Sports,Fitness,1,41611.69,0,41611.69,12904.3,442.97,SELL001,SELL001,4.5,
ORD01114,2025-03-28 02:00:00,Returned,CUST0005,Male,Ahmedabad,Gujarat,PROD0019,Technology Product 19,Books,Technology,1,45644.29,0,45644.29,19388.22,287.82,SELL014,SELL014,4.3,
ORD01115,2025-08-21 07:00:00,Delivered,CUST0207,Male,Nizamabad,Telangana,PROD0099,Men Product 99,Fashion,Men,4,12717.61,0,50870.44,14169.16,85.98,SELL037,SELL037,3.6,7
ORD01116,2025-10-18 23:00:00,Delivered,CUST0197,Male,Kochi,Kerala,PROD0059,Accessories Product 59,Electronics,Accessories,2,1776.45,15,3552.9,1026.46,301.27,SELL038,SELL038,4.3,8
ORD01117,2025-06-22 09:00:00,Delivered,CUST0278,Male,Vijayawada,Andhra Pradesh,PROD0071,Audio Product 71,Electronics,Audio,4,29296.92,5,117187.68,34856.08,49.1,SELL031,SELL031,3.6,8
ORD01117,2025-06-22 09:00:00,Delivered,CUST0278,Male,Vijayawada,Andhra Pradesh,PROD0055,Technology Product 55,Books,Technology,3,26779.91,15,80339.73,8666.73,487.05,SELL002,SELL002,4.5,3
ORD01118,2025-05-06 14:00:00,Delivered,CUST0050,Male,Surat,Gujarat,PROD0085,Audio Product 85,Electronics,Audio,1,31801.28,5,31801.28,6977.0,151.79,SELL039,SELL039,4.8,4
ORD01119,2025-03-18 00:00:00,Delivered,CUST0159,Male,Nizamabad,Telangana,PROD0047,Accessories Product 47,Electronics,Accessories,1,29937.77,0,29937.77,13339.15,224.05,SELL014,SELL014,4.3,3
ORD01120,2025-10-25 22:00:00,Delivered,CUST0146,Female,Nizamabad,Telangana,PROD0013,Education Product 13,Books,Education,1,12228.36,15,12228.36,1504.69,368.88,SELL036,SELL036,4.3,4
ORD01120,2025-10-25 22:00:00,Delivered,CUST0146,Female,Nizamabad,Telangana,PROD0008,Men Product 8,Fashion,Men,2,24083.74,5,48167.48,17918.76,73.05,SELL009,SELL009,4.2,8
ORD01121,2025-09-20 14:00:00,Delivered,CUST0114,Male,Mangaluru,Karnataka,PROD0051,Men Product 51,Fashion,Men,1,47681.83,0,47681.83,14452.26,447.0,SELL010,SELL010,4.2,9
ORD01122,2025-07-03 20:00:00,Returned,CUST0117,Male,Surat,Gujarat,PROD0045,Women Product 45,Fashion,Women,1,15232.27,0,15232.27,6658.14,74.51,SELL001,SELL001,4.5,
ORD01122,2025-07-03 20:00:00,Returned,CUST0117,Male,Surat,Gujarat,PROD0059,Accessories Product 59,Electronics,Accessories,3,1985.44,5,5956.32,2166.66,186.05,SELL036,SELL036,4.3,
ORD01122,2025-07-03 20:00:00,Returned,CUST0117,Male,Surat,Gujarat,PROD0003,Smartphones Product 3,Electronics,Smartphones,1,29304.34,5,29304.34,8115.51,62.64,SELL036,SELL036,4.3,
ORD01123,2025-05-27 21:00:00,Processing,CUST0010,Female,New Delhi,Delhi,PROD0078,Fitness Product 78,Sports,Fitness,1,26590.63,0,26590.63,9108.11,221.95,SELL012,SELL012,4.8,
ORD01124,2025-02-14 00:00:00,Delivered,CUST0235,Male,Nagpur,Maharashtra,PROD0017,Fiction Product 17,Books,Fiction,2,13303.94,15,26607.88,6207.34,230.79,SELL037,SELL037,3.6,6
ORD01125,2025-07-11 00:00:00,Delivered,CUST0273,Female,Mysuru,Karnataka,PROD0099,Men Product 99,Fashion,Men,1,11445.85,10,11445.85,2270.53,486.2,SELL017,SELL017,3.6,10
ORD01126,2025-04-23 20:00:00,Delivered,CUST0215,Female,Warangal,Telangana,PROD0043,Smartphones Product 43,Electronics,Smartphones,1,12333.11,5,12333.11,2266.18,379.46,SELL016,SELL016,4.2,8
ORD01127,2025-05-13 07:00:00,Delivered,CUST0077,Male,Warangal,Telangana,PROD0069,Education Product 69,Books,Education,2,15498.17,0,30996.34,8905.0,245.66,SELL007,SELL007,4.3,9
ORD01127,2025-05-13 07:00:00,Delivered,CUST0077,Male,Warangal,Telangana,PROD0022,Skincare Product 22,Beauty,Skincare,1,9216.42,20,9216.42,2452.23,269.41,SELL012,SELL012,4.8,10
ORD01127,2025-05-13 07:00:00,Delivered,CUST0077,Male,Warangal,Telangana,PROD0021,Women Product 21,Fashion,Women,2,45192.14,5,90384.28,29278.06,195.01,SELL027,SELL027,3.7,6
ORD01127,2025-05-13 07:00:00,Delivered,CUST0077,Male,Warangal,Telangana,PROD0041,Accessories Product 41,Fashion,Accessories,3,29647.64,15,88942.92,27470.37,159.75,SELL026,SELL026,4.3,10
ORD01128,2025-07-29 17:00:00,Delivered,CUST0227,Male,Mumbai,Maharashtra,PROD0061,Makeup Product 61,Beauty,Makeup,2,21421.48,10,42842.96,16190.48,301.75,SELL030,SELL030,4.3,9
ORD01129,2025-06-05 16:00:00,Delivered,CUST0262,Male,Thrissur,Kerala,PROD0041,Accessories Product 41,Fashion,Accessories,2,34879.58,0,69759.16,28777.46,174.4,SELL018,SELL018,4.1,10
ORD01130,2025-10-08 04:00:00,Cancelled,CUST0194,Male,Kozhikode,Kerala,PROD0033,Haircare Product 33,Beauty,Haircare,2,26446.48,5,52892.96,20728.52,197.75,SELL039,SELL039,4.8,
ORD01131,2025-11-26 02:00:00,Shipped,CUST0145,Female,Nagpur,Maharashtra,PROD0026,Furniture Product 26,Home & Kitchen,Furniture,1,34322.41,5,34322.41,14025.33,247.89,SELL035,SELL035,4.6,
ORD01132,2025-12-13 18:00:00,Shipped,CUST0173,Female,Mysuru,Karnataka,PROD0093,Fitness Product 93,Sports,Fitness,1,6160.76,5,6160.76,2038.9,227.29,SELL034,SELL034,4.7,
ORD01132,2025-12-13 18:00:00,Shipped,CUST0173,Female,Mysuru,Karnataka,PROD0009,Decor Product 9,Home & Kitchen,Decor,4,47073.97,5,188295.88,51236.6,437.1,SELL002,SELL002,4.5,
ORD01133,2025-01-23 05:00:00,Delivered,CUST0052,Male,Thrissur,Kerala,PROD0096,Fitness Product 96,Sports,Fitness,1,37450.52,10,37450.52,8743.13,146.15,SELL018,SELL018,4.1,8
ORD01134,2025-01-03 07:00:00,Delivered,CUST0218,Male,Surat,Gujarat,PROD0050,Skincare Product 50,Beauty,Skincare,1,33302.47,0,33302.47,14216.3,358.47,SELL004,SELL004,3.6,5
ORD01134,2025-01-03 07:00:00,Delivered,CUST0218,Male,Surat,Gujarat,PROD0007,Accessories Product 7,Electronics,Accessories,1,5129.26,5,5129.26,848.95,308.35,SELL007,SELL007,4.3,3
ORD01135,2025-02-15 08:00:00,Delivered,CUST0042,Female,Kochi,Kerala,PROD0015,Sportswear Product 15,Sports,Sportswear,2,6921.76,5,13843.52,4452.5,249.32,SELL032,SELL032,3.9,8
ORD01135,2025-02-15 08:00:00,Delivered,CUST0042,Female,Kochi,Kerala,PROD0031,Sportswear Product 31,Sports,Sportswear,1,18970.54,10,18970.54,6455.13,79.33,SELL036,SELL036,4.3,5
ORD01135,2025-02-15 08:00:00,Delivered,CUST0042,Female,Kochi,Kerala,PROD0014,Technology Product 14,Books,Technology,2,43695.66,0,87391.32,31460.2,494.22,SELL025,SELL025,3.9,2
ORD01136,2025-05-13 03:00:00,Delivered,CUST0260,Female,Tirupati,Andhra Pradesh,PROD0068,Appliances Product 68,Home & Kitchen,Appliances,2,13795.73,15,27591.46,9036.42,325.48,SELL022,SELL022,3.5,7
ORD01137,2025-04-25 10:00:00,Delivered,CUST0175,Male,Surat,Gujarat,PROD0072,Fiction Product 72,Books,Fiction,1,3983.3,0,3983.3,1106.85,94.67,SELL029,SELL029,3.6,4
ORD01137,2025-04-25 10:00:00,Delivered,CUST0175,Male,Surat,Gujarat,PROD0068,Appliances Product 68,Home & Kitchen,Appliances,1,16230.27,0,16230.27,6952.75,136.55,SELL030,SELL030,4.3,9
ORD01137,2025-04-25 10:00:00,Delivered,CUST0175,Male,Surat,Gujarat,PROD0087,Furniture Product 87,Home & Kitchen,Furniture,3,39736.4,0,119209.2,37269.09,42.92,SELL008,SELL008,3.9,2
ORD01138,2025-04-14 21:00:00,Delivered,CUST0067,Female,Nizamabad,Telangana,PROD0062,Fiction Product 62,Books,Fiction,2,13759.82,5,27519.64,4844.12,258.03,SELL032,SELL032,3.9,6
ORD01139,2025-01-04 05:00:00,Shipped,CUST0055,Female,Kozhikode,Kerala,PROD0047,Accessories Product 47,Electronics,Accessories,2,28440.88,5,56881.76,23684.52,36.92,SELL030,SELL030,4.3,
ORD01139,2025-01-04 05:00:00,Shipped,CUST0055,Female,Kozhikode,Kerala,PROD0046,Makeup Product 46,Beauty,Makeup,2,39746.48,0,79492.96,25960.76,405.25,SELL017,SELL017,3.6,
ORD01140,2025-03-25 03:00:00,Delivered,CUST0096,Female,Pune,Maharashtra,PROD0098,Appliances Product 98,Home & Kitchen,Appliances,1,40279.2,15,40279.2,7577.12,152.0,SELL025,SELL025,3.9,5
ORD01141,2025-08-12 19:00:00,Delivered,CUST0034,Female,Nagpur,Maharashtra,PROD0047,Accessories Product 47,Electronics,Accessories,1,29937.77,0,29937.77,13339.15,84.26,SELL010,SELL010,4.2,8
ORD01141,2025-08-12 19:00:00,Delivered,CUST0034,Female,Nagpur,Maharashtra,PROD0090,Makeup Product 90,Beauty,Makeup,2,5700.2,15,11400.4,821.54,212.55,SELL027,SELL027,3.7,4
ORD01141,2025-08-12 19:00:00,Delivered,CUST0034,Female,Nagpur,Maharashtra,PROD0096,Fitness Product 96,Sports,Fitness,1,41611.69,0,41611.69,12904.3,122.88,SELL001,SELL001,4.5,4
ORD01142,2025-05-13 05:00:00,Delivered,CUST0268,Female,Warangal,Telangana,PROD0069,Education Product 69,Books,Education,1,15498.17,0,15498.17,4452.5,431.98,SELL015,SELL015,3.9,7
ORD01143,2025-11-04 02:00:00,Shipped,CUST0218,Male,Surat,Gujarat,PROD0048,Sportswear Product 48,Sports,Sportswear,1,11057.78,10,11057.78,3823.96,388.92,SELL005,SELL005,3.8,
ORD01144,2025-07-26 22:00:00,Shipped,CUST0149,Male,Visakhapatnam,Andhra Pradesh,PROD0043,Smartphones Product 43,Electronics,Smartphones,1,12982.22,0,12982.22,2915.29,31.48,SELL015,SELL015,3.9,
ORD01145,2025-05-13 04:00:00,Delivered,CUST0216,Female,Visakhapatnam,Andhra Pradesh,PROD0016,Technology Product 16,Books,Technology,1,31531.66,5,31531.66,12120.87,180.85,SELL021,SELL021,4.2,3
ORD01146,2025-10-07 02:00:00,Processing,CUST0071,Female,Thrissur,Kerala,PROD0030,Haircare Product 30,Beauty,Haircare,1,36603.09,5,36603.09,7317.01,268.14,SELL038,SELL038,4.3,
ORD01147,2025-03-24 07:00:00,Delivered,CUST0237,Male,Madurai,Tamil Nadu,PROD0098,Appliances Product 98,Home & Kitchen,Appliances,2,45017.93,5,90035.86,24631.7,247.41,SELL024,SELL024,4.4,8
ORD01148,2025-04-15 01:00:00,Shipped,CUST0236,Other,Warangal,Telangana,PROD0097,Women Product 97,Fashion,Women,1,7477.07,10,7477.07,811.02,138.04,SELL031,SELL031,3.6,
ORD01148,2025-04-15 01:00:00,Shipped,CUST0236,Other,Warangal,Telangana,PROD0084,Skincare Product 84,Beauty,Skincare,1,42711.32,5,42711.32,12580.51,174.24,SELL004,SELL004,3.6,
ORD01149,2025-02-07 09:00:00,Delivered,CUST0152,Male,Mumbai,Maharashtra,PROD0007,Accessories Product 7,Electronics,Accessories,1,5399.22,0,5399.22,1118.91,392.17,SELL011,SELL011,3.8,6
ORD01150,2025-10-12 16:00:00,Shipped,CUST0096,Female,Pune,Maharashtra,PROD0018,Women Product 18,Fashion,Women,1,28550.05,15,28550.05,2558.8,351.1,SELL001,SELL001,4.5,
ORD01151,2025-06-23 06:00:00,Delivered,CUST0106,Female,Kochi,Kerala,PROD0018,Women Product 18,Fashion,Women,1,33588.29,0,33588.29,7597.04,278.64,SELL023,SELL023,4.2,4
ORD01152,2025-07-28 21:00:00,Delivered,CUST0027,Female,Nizamabad,Telangana,PROD0051,Men Product 51,Fashion,Men,1,42913.65,10,42913.65,9684.08,396.68,SELL015,SELL015,3.9,5
ORD01152,2025-07-28 21:00:00,Delivered,CUST0027,Female,Nizamabad,Telangana,PROD0076,Makeup Product 76,Beauty,Makeup,1,1861.17,0,1861.17,760.42,41.94,SELL016,SELL016,4.2,2
ORD01152,2025-07-28 21:00:00,Delivered,CUST0027,Female,Nizamabad,Telangana,PROD0087,Furniture Product 87,Home & Kitchen,Furniture,3,35762.76,10,107288.28,25348.17,98.05,SELL034,SELL034,4.7,3
ORD01153,2025-08-08 08:00:00,Shipped,CUST0231,Male,Visakhapatnam,Andhra Pradesh,PROD0053,Accessories Product 53,Electronics,Accessories,2,46603.87,5,93207.74,32526.0,444.46,SELL004,SELL004,3.6,
ORD01153,2025-08-08 08:00:00,Shipped,CUST0231,Male,Visakhapatnam,Andhra Pradesh,PROD0058,Education Product 58,Books,Education,2,31678.86,0,63357.72,14629.02,104.63,SELL032,SELL032,3.9,
ORD01154,2025-05-13 04:00:00,Shipped,CUST0270,Male,New Delhi,Delhi,PROD0017,Fiction Product 17,Books,Fiction,1,14086.53,10,14086.53,3886.26,112.46,SELL014,SELL014,4.3,
ORD01154,2025-05-13 04:00:00,Shipped,CUST0270,Male,New Delhi,Delhi,PROD0059,Accessories Product 59,Electronics,Accessories,1,2089.94,0,2089.94,826.72,65.26,SELL010,SELL010,4.2,
ORD01155,2025-09-09 03:00:00,Delivered,CUST0062,Female,Thrissur,Kerala,PROD0070,Skincare Product 70,Beauty,Skincare,1,34565.8,0,34565.8,12273.7,289.67,SELL024,SELL024,4.4,4
ORD01156,2025-10-24 00:00:00,Delivered,CUST0218,Male,Surat,Gujarat,PROD0024,Sportswear Product 24,Sports,Sportswear,4,35370.55,20,141482.2,42410.72,403.52,SELL027,SELL027,3.7,9
ORD01157,2025-04-05 21:00:00,Delivered,CUST0137,Male,Kochi,Kerala,PROD0004,Makeup Product 4,Beauty,Makeup,1,23653.15,15,23653.15,2398.96,386.95,SELL005,SELL005,3.8,6
ORD01158,2025-07-24 06:00:00,Delivered,CUST0042,Female,Kochi,Kerala,PROD0005,Accessories Product 5,Electronics,Accessories,1,45475.24,0,45475.24,13444.88,422.51,SELL038,SELL038,4.3,8
ORD01158,2025-07-24 06:00:00,Delivered,CUST0042,Female,Kochi,Kerala,PROD0038,Makeup Product 38,Beauty,Makeup,1,18854.58,0,18854.58,6518.69,301.46,SELL012,SELL012,4.8,2
ORD01159,2025-03-23 18:00:00,Delivered,CUST0226,Male,Ahmedabad,Gujarat,PROD0001,Audio Product 1,Electronics,Audio,1,24215.51,5,24215.51,8059.68,466.93,SELL037,SELL037,3.6,3
ORD01159,2025-03-23 18:00:00,Delivered,CUST0226,Male,Ahmedabad,Gujarat,PROD0070,Skincare Product 70,Beauty,Skincare,1,29380.93,15,29380.93,7088.83,319.42,SELL017,SELL017,3.6,9
ORD01159,2025-03-23 18:00:00,Delivered,CUST0226,Male,Ahmedabad,Gujarat,PROD0029,Skincare Product 29,Beauty,Skincare,2,17622.59,5,35245.18,5352.64,81.1,SELL040,SELL040,4.9,8
ORD01160,2025-03-07 14:00:00,Delivered,CUST0116,Female,Vadodara,Gujarat,PROD0012,Audio Product 12,Electronics,Audio,2,3529.11,0,7058.22,2996.1,212.18,SELL011,SELL011,3.8,5
ORD01161,2025-01-31 04:00:00,Shipped,CUST0220,Male,Surat,Gujarat,PROD0022,Skincare Product 22,Beauty,Skincare,2,10944.49,5,21888.98,8360.6,172.75,SELL030,SELL030,4.3,
ORD01162,2025-01-12 14:00:00,Delivered,CUST0192,Female,Tirupati,Andhra Pradesh,PROD0001,Audio Product 1,Electronics,Audio,2,20392.01,20,40784.02,8472.36,384.16,SELL027,SELL027,3.7,3
ORD01163,2025-10-17 05:00:00,Delivered,CUST0053,Male,Kochi,Kerala,PROD0100,Outdoor Product 100,Sports,Outdoor,1,6477.22,0,6477.22,2385.15,299.04,SELL040,SELL040,4.9,3
ORD01163,2025-10-17 05:00:00,Delivered,CUST0053,Male,Kochi,Kerala,PROD0039,Audio Product 39,Electronics,Audio,1,11420.8,0,11420.8,4156.66,103.73,SELL003,SELL003,4.7,10
ORD01163,2025-10-17 05:00:00,Delivered,CUST0053,Male,Kochi,Kerala,PROD0031,Sportswear Product 31,Sports,Sportswear,1,21078.38,0,21078.38,8562.97,479.98,SELL013,SELL013,5.0,8
ORD01164,2025-06-26 01:00:00,Delivered,CUST0170,Female,Kochi,Kerala,PROD0043,Smartphones Product 43,Electronics,Smartphones,1,12333.11,5,12333.11,2266.18,267.02,SELL003,SELL003,4.7,5
ORD01165,2025-05-06 06:00:00,Processing,CUST0100,Female,New Delhi,Delhi,PROD0076,Makeup Product 76,Beauty,Makeup,2,1861.17,0,3722.34,1520.84,295.24,SELL001,SELL001,4.5,
ORD01165,2025-05-06 06:00:00,Processing,CUST0100,Female,New Delhi,Delhi,PROD0055,Technology Product 55,Books,Technology,4,31505.78,0,126023.12,30459.12,89.37,SELL035,SELL035,4.6,
ORD01165,2025-05-06 06:00:00,Processing,CUST0100,Female,New Delhi,Delhi,PROD0017,Fiction Product 17,Books,Fiction,2,15651.7,0,31303.4,10902.86,443.46,SELL018,SELL018,4.1,
ORD01166,2025-06-10 19:00:00,Delivered,CUST0202,Female,New Delhi,Delhi,PROD0064,Haircare Product 64,Beauty,Haircare,1,35368.08,5,35368.08,5898.94,175.23,SELL026,SELL026,4.3,9
ORD01167,2025-11-01 08:00:00,Delivered,CUST0094,Male,Nagpur,Maharashtra,PROD0013,Education Product 13,Books,Education,1,13666.99,5,13666.99,2943.32,65.73,SELL038,SELL038,4.3,2
ORD01168,2025-08-05 08:00:00,Delivered,CUST0066,Other,Nagpur,Maharashtra,PROD0052,Sportswear Product 52,Sports,Sportswear,1,1072.39,15,1072.39,81.0,96.68,SELL017,SELL017,3.6,10
ORD01169,2025-01-03 18:00:00,Delivered,CUST0014,Female,Tirupati,Andhra Pradesh,PROD0041,Accessories Product 41,Fashion,Accessories,1,31391.62,10,31391.62,10900.77,59.51,SELL004,SELL004,3.6,7
ORD01169,2025-01-03 18:00:00,Delivered,CUST0014,Female,Tirupati,Andhra Pradesh,PROD0018,Women Product 18,Fashion,Women,2,31908.88,5,63817.76,11835.26,179.36,SELL015,SELL015,3.9,7
ORD01169,2025-01-03 18:00:00,Delivered,CUST0014,Female,Tirupati,Andhra Pradesh,PROD0035,Accessories Product 35,Fashion,Accessories,1,40760.08,10,40760.08,14049.36,77.17,SELL018,SELL018,4.1,5
ORD01170,2025-08-15 15:00:00,Processing,CUST0265,Female,Ahmedabad,Gujarat,PROD0017,Fiction Product 17,Books,Fiction,2,15651.7,0,31303.4,10902.86,91.71,SELL024,SELL024,4.4,
ORD01171,2025-12-25 17:00:00,Shipped,CUST0165,Female,Surat,Gujarat,PROD0039,Audio Product 39,Electronics,Audio,1,10849.76,5,10849.76,3585.62,328.0,SELL031,SELL031,3.6,
ORD01171,2025-12-25 17:00:00,Shipped,CUST0165,Female,Surat,Gujarat,PROD0099,Men Product 99,Fashion,Men,1,12717.61,0,12717.61,3542.29,140.2,SELL037,SELL037,3.6,
ORD01171,2025-12-25 17:00:00,Shipped,CUST0165,Female,Surat,Gujarat,PROD0070,Skincare Product 70,Beauty,Skincare,1,27652.64,20,27652.64,5360.54,232.1,SELL011,SELL011,3.8,
ORD01172,2025-03-26 10:00:00,Delivered,CUST0030,Male,Nizamabad,Telangana,PROD0008,Men Product 8,Fashion,Men,1,24083.74,5,24083.74,8959.38,398.66,SELL034,SELL034,4.7,8
ORD01173,2025-06-14 22:00:00,Delivered,CUST0088,Female,New Delhi,Delhi,PROD0003,Smartphones Product 3,Electronics,Smartphones,1,29304.34,5,29304.34,8115.51,339.48,SELL033,SELL033,5.0,2
ORD01173,2025-06-14 22:00:00,Delivered,CUST0088,Female,New Delhi,Delhi,PROD0095,Furniture Product 95,Home & Kitchen,Furniture,1,32680.07,15,32680.07,10194.69,435.26,SELL011,SELL011,3.8,8
ORD01174,2025-03-28 17:00:00,Delivered,CUST0201,Female,Mysuru,Karnataka,PROD0069,Education Product 69,Books,Education,2,13948.35,10,27896.7,5805.36,328.75,SELL023,SELL023,4.2,4
ORD01174,2025-03-28 17:00:00,Delivered,CUST0201,Female,Mysuru,Karnataka,PROD0024,Sportswear Product 24,Sports,Sportswear,2,35370.55,20,70741.1,21205.36,240.19,SELL011,SELL011,3.8,4
ORD01175,2025-02-16 05:00:00,Shipped,CUST0007,Male,Coimbatore,Tamil Nadu,PROD0074,Sportswear Product 74,Sports,Sportswear,1,35208.24,10,35208.24,13324.53,314.58,SELL012,SELL012,4.8,
ORD01176,2025-03-10 13:00:00,Delivered,CUST0021,Other,New Delhi,Delhi,PROD0007,Accessories Product 7,Electronics,Accessories,1,5399.22,0,5399.22,1118.91,61.37,SELL038,SELL038,4.3,5
ORD01177,2025-01-26 23:00:00,Shipped,CUST0039,Male,Hyderabad,Telangana,PROD0069,Education Product 69,Books,Education,1,15498.17,0,15498.17,4452.5,247.93,SELL012,SELL012,4.8,
ORD01177,2025-01-26 23:00:00,Shipped,CUST0039,Male,Hyderabad,Telangana,PROD0080,Fiction Product 80,Books,Fiction,3,25077.44,0,75232.32,25993.77,430.52,SELL006,SELL006,4.5,
ORD01178,2025-08-25 15:00:00,Delivered,CUST0074,Male,Vadodara,Gujarat,PROD0088,Laptops Product 88,Electronics,Laptops,2,39655.27,0,79310.54,30620.32,488.54,SELL027,SELL027,3.7,2
ORD01179,2025-01-06 00:00:00,Delivered,CUST0182,Male,Vijayawada,Andhra Pradesh,PROD0012,Audio Product 12,Electronics,Audio,2,3176.2,10,6352.4,2290.28,432.97,SELL029,SELL029,3.6,8
ORD01180,2025-02-28 00:00:00,Delivered,CUST0211,Male,New Delhi,Delhi,PROD0056,Education Product 56,Books,Education,3,6198.42,10,18595.26,5266.17,212.87,SELL009,SELL009,4.2,5
ORD01180,2025-02-28 00:00:00,Delivered,CUST0211,Male,New Delhi,Delhi,PROD0039,Audio Product 39,Electronics,Audio,2,11420.8,0,22841.6,8313.32,460.23,SELL018,SELL018,4.1,7
ORD01181,2025-07-05 15:00:00,Cancelled,CUST0268,Female,Warangal,Telangana,PROD0089,Skincare Product 89,Beauty,Skincare,2,16384.14,10,32768.28,7117.46,114.63,SELL014,SELL014,4.3,
ORD01182,2025-02-05 15:00:00,Delivered,CUST0220,Male,Surat,Gujarat,PROD0012,Audio Product 12,Electronics,Audio,1,3352.65,5,3352.65,1321.59,111.04,SELL032,SELL032,3.9,8
ORD01183,2025-08-16 09:00:00,Delivered,CUST0113,Male,Vijayawada,Andhra Pradesh,PROD0035,Accessories Product 35,Fashion,Accessories,1,45288.98,0,45288.98,18578.26,122.29,SELL023,SELL023,4.2,9
ORD01184,2025-07-03 09:00:00,Shipped,CUST0085,Female,New Delhi,Delhi,PROD0018,Women Product 18,Fashion,Women,1,33588.29,0,33588.29,7597.04,249.78,SELL036,SELL036,4.3,
ORD01184,2025-07-03 09:00:00,Shipped,CUST0085,Female,New Delhi,Delhi,PROD0054,Audio Product 54,Electronics,Audio,1,35530.98,10,35530.98,10142.25,155.12,SELL013,SELL013,5.0,
ORD01185,2025-11-01 10:00:00,Delivered,CUST0002,Male,Mangaluru,Karnataka,PROD0095,Furniture Product 95,Home & Kitchen,Furniture,1,36524.78,5,36524.78,14039.4,160.91,SELL018,SELL018,4.1,5
ORD01186,2025-04-23 15:00:00,Delivered,CUST0298,Female,Kozhikode,Kerala,PROD0083,Skincare Product 83,Beauty,Skincare,2,6351.21,0,12702.42,2791.2,244.14,SELL027,SELL027,3.7,7
ORD01187,2025-07-22 23:00:00,Delivered,CUST0027,Female,Nizamabad,Telangana,PROD0045,Women Product 45,Fashion,Women,1,14470.66,5,14470.66,5896.53,249.66,SELL027,SELL027,3.7,9
ORD01188,2025-07-08 21:00:00,Delivered,CUST0035,Male,Madurai,Tamil Nadu,PROD0096,Fitness Product 96,Sports,Fitness,1,41611.69,0,41611.69,12904.3,242.82,SELL037,SELL037,3.6,9
ORD01188,2025-07-08 21:00:00,Delivered,CUST0035,Male,Madurai,Tamil Nadu,PROD0078,Fitness Product 78,Sports,Fitness,1,26590.63,0,26590.63,9108.11,395.22,SELL011,SELL011,3.8,7
ORD01189,2025-01-11 09:00:00,Returned,CUST0198,Male,New Delhi,Delhi,PROD0044,Sportswear Product 44,Sports,Sportswear,1,30541.78,0,30541.78,10253.52,155.49,SELL003,SELL003,4.7,
ORD01190,2025-11-27 14:00:00,Delivered,CUST0248,Male,Mumbai,Maharashtra,PROD0016,Technology Product 16,Books,Technology,1,33191.22,0,33191.22,13780.43,222.85,SELL009,SELL009,4.2,8
ORD01190,2025-11-27 14:00:00,Delivered,CUST0248,Male,Mumbai,Maharashtra,PROD0071,Audio Product 71,Electronics,Audio,3,27754.97,10,83264.91,21516.21,394.77,SELL031,SELL031,3.6,6
ORD01191,2025-09-18 20:00:00,Delivered,CUST0232,Female,Vadodara,Gujarat,PROD0077,Haircare Product 77,Beauty,Haircare,1,16881.9,10,16881.9,2700.49,299.14,SELL003,SELL003,4.7,4
ORD01192,2025-09-04 12:00:00,Delivered,CUST0258,Other,New Delhi,Delhi,PROD0003,Smartphones Product 3,Electronics,Smartphones,1,30846.67,0,30846.67,9657.84,85.44,SELL020,SELL020,4.6,10
ORD01193,2025-10-07 12:00:00,Delivered,CUST0040,Male,Tirupati,Andhra Pradesh,PROD0008,Men Product 8,Fashion,Men,1,25351.31,0,25351.31,10226.95,467.54,SELL005,SELL005,3.8,6
ORD01194,2025-04-09 18:00:00,Delivered,CUST0243,Male,Tirupati,Andhra Pradesh,PROD0087,Furniture Product 87,Home & Kitchen,Furniture,2,33775.94,15,67551.88,12925.14,260.55,SELL037,SELL037,3.6,3
ORD01195,2025-08-26 02:00:00,Delivered,CUST0120,Male,Warangal,Telangana,PROD0040,Audio Product 40,Electronics,Audio,1,37640.13,5,37640.13,14376.47,167.21,SELL040,SELL040,4.9,2
ORD01196,2025-12-12 07:00:00,Cancelled,CUST0045,Male,Vijayawada,Andhra Pradesh,PROD0003,Smartphones Product 3,Electronics,Smartphones,1,27762.0,10,27762.0,6573.17,316.93,SELL008,SELL008,3.9,
ORD01197,2025-11-12 10:00:00,Shipped,CUST0033,Female,Bengaluru,Karnataka,PROD0078,Fitness Product 78,Sports,Fitness,1,21272.5,20,21272.5,3789.98,139.04,SELL034,SELL034,4.7,
ORD01198,2025-12-04 07:00:00,Shipped,CUST0143,Male,Surat,Gujarat,PROD0095,Furniture Product 95,Home & Kitchen,Furniture,2,38447.14,0,76894.28,31923.52,251.59,SELL030,SELL030,4.3,
ORD01198,2025-12-04 07:00:00,Shipped,CUST0143,Male,Surat,Gujarat,PROD0010,Fitness Product 10,Sports,Fitness,1,17436.22,5,17436.22,2792.67,331.22,SELL001,SELL001,4.5,
ORD01199,2025-01-27 03:00:00,Delivered,CUST0297,Male,Mangaluru,Karnataka,PROD0093,Fitness Product 93,Sports,Fitness,3,5836.51,10,17509.53,5143.95,73.78,SELL010,SELL010,4.2,6
ORD01200,2025-02-28 15:00:00,Delivered,CUST0024,Other,Vadodara,Gujarat,PROD0006,Appliances Product 6,Home & Kitchen,Appliances,2,30349.04,0,60698.08,19097.48,271.19,SELL029,SELL029,3.6,2
ORD01201,2025-03-23 12:00:00,Delivered,CUST0233,Male,Coimbatore,Tamil Nadu,PROD0084,Skincare Product 84,Beauty,Skincare,2,38215.39,15,76430.78,16169.16,183.34,SELL019,SELL019,4.9,2
ORD01202,2025-09-17 21:00:00,Delivered,CUST0265,Female,Ahmedabad,Gujarat,PROD0060,Kitchen Product 60,Home & Kitchen,Kitchen,1,15153.35,5,15153.35,5044.94,31.03,SELL018,SELL018,4.1,5
ORD01203,2025-03-29 15:00:00,Delivered,CUST0057,Female,Tirupati,Andhra Pradesh,PROD0003,Smartphones Product 3,Electronics,Smartphones,1,29304.34,5,29304.34,8115.51,328.73,SELL016,SELL016,4.2,4
ORD01204,2025-04-10 21:00:00,Processing,CUST0216,Female,Visakhapatnam,Andhra Pradesh,PROD0077,Haircare Product 77,Beauty,Haircare,1,18757.67,0,18757.67,4576.26,148.95,SELL025,SELL025,3.9,
ORD01205,2025-04-02 00:00:00,Delivered,CUST0042,Female,Kochi,Kerala,PROD0039,Audio Product 39,Electronics,Audio,2,10849.76,5,21699.52,7171.24,221.68,SELL011,SELL011,3.8,9
ORD01206,2025-07-06 07:00:00,Delivered,CUST0235,Male,Nagpur,Maharashtra,PROD0091,Audio Product 91,Electronics,Audio,1,19055.54,5,19055.54,4140.63,387.69,SELL004,SELL004,3.6,5
ORD01207,2025-05-05 12:00:00,Delivered,CUST0151,Female,New Delhi,Delhi,PROD0046,Makeup Product 46,Beauty,Makeup,1,35771.83,10,35771.83,9005.73,150.25,SELL023,SELL023,4.2,2
ORD01208,2025-12-14 00:00:00,Returned,CUST0143,Male,Surat,Gujarat,PROD0066,Haircare Product 66,Beauty,Haircare,1,43922.73,5,43922.73,12011.51,366.92,SELL035,SELL035,4.6,
ORD01209,2025-07-30 04:00:00,Returned,CUST0205,Male,Vadodara,Gujarat,PROD0052,Sportswear Product 52,Sports,Sportswear,1,1135.47,10,1135.47,144.08,278.6,SELL030,SELL030,4.3,
ORD01210,2025-09-06 21:00:00,Processing,CUST0291,Female,Kozhikode,Kerala,PROD0078,Fitness Product 78,Sports,Fitness,1,26590.63,0,26590.63,9108.11,223.04,SELL034,SELL034,4.7,
ORD01211,2025-10-19 18:00:00,Delivered,CUST0233,Male,Coimbatore,Tamil Nadu,PROD0076,Makeup Product 76,Beauty,Makeup,2,1861.17,0,3722.34,1520.84,459.96,SELL039,SELL039,4.8,5
ORD01212,2025-05-07 06:00:00,Delivered,CUST0281,Male,New Delhi,Delhi,PROD0072,Fiction Product 72,Books,Fiction,1,3983.3,0,3983.3,1106.85,460.69,SELL032,SELL032,3.9,4
ORD01212,2025-05-07 06:00:00,Delivered,CUST0281,Male,New Delhi,Delhi,PROD0066,Haircare Product 66,Beauty,Haircare,1,46234.45,0,46234.45,14323.23,149.76,SELL028,SELL028,4.0,6
ORD01212,2025-05-07 06:00:00,Delivered,CUST0281,Male,New Delhi,Delhi,PROD0060,Kitchen Product 60,Home & Kitchen,Kitchen,1,13558.26,15,13558.26,3449.85,409.52,SELL012,SELL012,4.8,10
ORD01213,2025-06-17 06:00:00,Delivered,CUST0049,Female,Hyderabad,Telangana,PROD0020,Education Product 20,Books,Education,1,25547.3,0,25547.3,11370.53,451.5,SELL009,SELL009,4.2,4
ORD01214,2025-03-17 19:00:00,Delivered,CUST0205,Male,Vadodara,Gujarat,PROD0084,Skincare Product 84,Beauty,Skincare,2,38215.39,15,76430.78,16169.16,373.61,SELL015,SELL015,3.9,9
ORD01215,2025-10-22 15:00:00,Delivered,CUST0265,Female,Ahmedabad,Gujarat,PROD0005,Accessories Product 5,Electronics,Accessories,1,43201.48,5,43201.48,11171.12,183.8,SELL038,SELL038,4.3,6
ORD01216,2025-01-06 10:00:00,Delivered,CUST0152,Male,Mumbai,Maharashtra,PROD0030,Haircare Product 30,Beauty,Haircare,2,38529.57,0,77059.14,18486.98,468.27,SELL022,SELL022,3.5,8
ORD01217,2025-10-14 19:00:00,Delivered,CUST0134,Female,Tirupati,Andhra Pradesh,PROD0100,Outdoor Product 100,Sports,Outdoor,1,6477.22,0,6477.22,2385.15,32.03,SELL024,SELL024,4.4,5
ORD01217,2025-10-14 19:00:00,Delivered,CUST0134,Female,Tirupati,Andhra Pradesh,PROD0070,Skincare Product 70,Beauty,Skincare,2,34565.8,0,69131.6,24547.4,469.56,SELL031,SELL031,3.6,7
ORD01217,2025-10-14 19:00:00,Delivered,CUST0134,Female,Tirupati,Andhra Pradesh,PROD0005,Accessories Product 5,Electronics,Accessories,1,43201.48,5,43201.48,11171.12,470.13,SELL029,SELL029,3.6,4
ORD01218,2025-06-08 07:00:00,Shipped,CUST0004,Male,Nizamabad,Telangana,PROD0041,Accessories Product 41,Fashion,Accessories,2,33135.6,5,66271.2,25289.5,320.78,SELL005,SELL005,3.8,
ORD01218,2025-06-08 07:00:00,Shipped,CUST0004,Male,Nizamabad,Telangana,PROD0029,Skincare Product 29,Beauty,Skincare,1,18550.09,0,18550.09,3603.82,260.39,SELL026,SELL026,4.3,
ORD01219,2025-04-26 13:00:00,Delivered,CUST0032,Female,Vijayawada,Andhra Pradesh,PROD0019,Technology Product 19,Books,Technology,2,43362.08,5,86724.16,34212.02,369.45,SELL040,SELL040,4.9,5
ORD01219,2025-04-26 13:00:00,Delivered,CUST0032,Female,Vijayawada,Andhra Pradesh,PROD0089,Skincare Product 89,Beauty,Skincare,1,17294.37,5,17294.37,4468.96,128.68,SELL038,SELL038,4.3,7
ORD01219,2025-04-26 13:00:00,Delivered,CUST0032,Female,Vijayawada,Andhra Pradesh,PROD0043,Smartphones Product 43,Electronics,Smartphones,1,11684.0,10,11684.0,1617.07,410.87,SELL003,SELL003,4.7,8
ORD01220,2025-11-08 00:00:00,Shipped,CUST0282,Male,Mumbai,Maharashtra,PROD0069,Education Product 69,Books,Education,2,15498.17,0,30996.34,8905.0,60.87,SELL009,SELL009,4.2,
ORD01220,2025-11-08 00:00:00,Shipped,CUST0282,Male,Mumbai,Maharashtra,PROD0054,Audio Product 54,Electronics,Audio,2,37504.93,5,75009.86,24232.4,181.04,SELL001,SELL001,4.5,
ORD01221,2025-07-02 02:00:00,Delivered,CUST0286,Female,Madurai,Tamil Nadu,PROD0076,Makeup Product 76,Beauty,Makeup,1,1768.11,5,1768.11,667.36,486.65,SELL006,SELL006,4.5,3
ORD01221,2025-07-02 02:00:00,Delivered,CUST0286,Female,Madurai,Tamil Nadu,PROD0045,Women Product 45,Fashion,Women,1,15232.27,0,15232.27,6658.14,403.55,SELL003,SELL003,4.7,3
ORD01222,2025-06-14 14:00:00,Delivered,CUST0049,Female,Hyderabad,Telangana,PROD0032,Furniture Product 32,Home & Kitchen,Furniture,2,37129.57,15,74259.14,24978.28,52.04,SELL039,SELL039,4.8,10
ORD01223,2025-01-07 22:00:00,Delivered,CUST0126,Male,Visakhapatnam,Andhra Pradesh,PROD0003,Smartphones Product 3,Electronics,Smartphones,1,27762.0,10,27762.0,6573.17,286.59,SELL016,SELL016,4.2,10
ORD01224,2025-12-15 06:00:00,Delivered,CUST0013,Male,New Delhi,Delhi,PROD0094,Accessories Product 94,Electronics,Accessories,1,19911.42,15,19911.42,3755.36,290.7,SELL033,SELL033,5.0,4
ORD01224,2025-12-15 06:00:00,Delivered,CUST0013,Male,New Delhi,Delhi,PROD0006,Appliances Product 6,Home & Kitchen,Appliances,1,27314.14,10,27314.14,6513.84,39.89,SELL018,SELL018,4.1,2
ORD01224,2025-12-15 06:00:00,Delivered,CUST0013,Male,New Delhi,Delhi,PROD0031,Sportswear Product 31,Sports,Sportswear,1,21078.38,0,21078.38,8562.97,214.12,SELL029,SELL029,3.6,5
ORD01225,2025-12-21 13:00:00,Delivered,CUST0145,Female,Nagpur,Maharashtra,PROD0093,Fitness Product 93,Sports,Fitness,1,6485.01,0,6485.01,2363.15,119.24,SELL027,SELL027,3.7,10
ORD01226,2025-01-28 13:00:00,Delivered,CUST0260,Female,Tirupati,Andhra Pradesh,PROD0006,Appliances Product 6,Home & Kitchen,Appliances,1,24279.23,20,24279.23,3478.93,366.35,SELL039,SELL039,4.8,2
ORD01227,2025-02-10 02:00:00,Delivered,CUST0114,Male,Mangaluru,Karnataka,PROD0013,Education Product 13,Books,Education,1,14386.31,0,14386.31,3662.64,189.1,SELL007,SELL007,4.3,8
ORD01228,2025-02-27 19:00:00,Delivered,CUST0062,Female,Thrissur,Kerala,PROD0087,Furniture Product 87,Home & Kitchen,Furniture,1,39736.4,0,39736.4,12423.03,455.34,SELL010,SELL010,4.2,7
ORD01228,2025-02-27 19:00:00,Delivered,CUST0062,Female,Thrissur,Kerala,PROD0021,Women Product 21,Fashion,Women,1,38056.54,20,38056.54,7503.43,200.78,SELL001,SELL001,4.5,10
ORD01229,2025-12-14 21:00:00,Shipped,CUST0273,Female,Mysuru,Karnataka,PROD0097,Women Product 97,Fashion,Women,1,7477.07,10,7477.07,811.02,416.75,SELL005,SELL005,3.8,
ORD01230,2025-05-20 13:00:00,Processing,CUST0296,Male,Chennai,Tamil Nadu,PROD0053,Accessories Product 53,Electronics,Accessories,1,44151.04,10,44151.04,13810.17,300.82,SELL012,SELL012,4.8,
ORD01231,2025-02-07 23:00:00,Delivered,CUST0197,Male,Kochi,Kerala,PROD0058,Education Product 58,Books,Education,3,30094.92,5,90284.76,17191.71,52.76,SELL014,SELL014,4.3,8
ORD01231,2025-02-07 23:00:00,Delivered,CUST0197,Male,Kochi,Kerala,PROD0001,Audio Product 1,Electronics,Audio,1,25490.01,0,25490.01,9334.18,216.03,SELL004,SELL004,3.6,4
ORD01232,2025-11-28 20:00:00,Delivered,CUST0045,Male,Vijayawada,Andhra Pradesh,PROD0002,Skincare Product 2,Beauty,Skincare,1,2926.27,5,2926.27,540.41,494.57,SELL014,SELL014,4.3,3
ORD01233,2025-03-15 11:00:00,Delivered,CUST0015,Male,Mysuru,Karnataka,PROD0099,Men Product 99,Fashion,Men,1,11445.85,10,11445.85,2270.53,202.33,SELL024,SELL024,4.4,10
ORD01233,2025-03-15 11:00:00,Delivered,CUST0015,Male,Mysuru,Karnataka,PROD0059,Accessories Product 59,Electronics,Accessories,1,1776.45,15,1776.45,513.23,485.51,SELL008,SELL008,3.9,7
ORD01234,2025-08-26 11:00:00,Processing,CUST0069,Male,Mysuru,Karnataka,PROD0033,Haircare Product 33,Beauty,Haircare,4,26446.48,5,105785.92,41457.04,94.42,SELL018,SELL018,4.1,
ORD01235,2025-12-22 09:00:00,Processing,CUST0145,Female,Nagpur,Maharashtra,PROD0081,Fitness Product 81,Sports,Fitness,1,12609.72,5,12609.72,4376.53,212.97,SELL036,SELL036,4.3,
ORD01236,2025-07-23 12:00:00,Delivered,CUST0170,Female,Kochi,Kerala,PROD0016,Technology Product 16,Books,Technology,1,33191.22,0,33191.22,13780.43,358.72,SELL032,SELL032,3.9,5
ORD01237,2025-03-13 09:00:00,Delivered,CUST0216,Female,Visakhapatnam,Andhra Pradesh,PROD0082,Skincare Product 82,Beauty,Skincare,2,42346.29,15,84692.58,22208.82,220.87,SELL010,SELL010,4.2,3
ORD01238,2025-07-06 00:00:00,Delivered,CUST0259,Female,Kozhikode,Kerala,PROD0030,Haircare Product 30,Beauty,Haircare,1,32750.13,15,32750.13,3464.05,178.54,SELL006,SELL006,4.5,3
ORD01239,2025-04-02 08:00:00,Delivered,CUST0067,Female,Nizamabad,Telangana,PROD0073,Women Product 73,Fashion,Women,1,45268.71,5,45268.71,17223.53,154.18,SELL017,SELL017,3.6,3
ORD01240,2025-10-26 01:00:00,Delivered,CUST0240,Male,New Delhi,Delhi,PROD0098,Appliances Product 98,Home & Kitchen,Appliances,1,45017.93,5,45017.93,12315.85,234.32,SELL034,SELL034,4.7,4
ORD01240,2025-10-26 01:00:00,Delivered,CUST0240,Male,New Delhi,Delhi,PROD0083,Skincare Product 83,Beauty,Skincare,2,6033.65,5,12067.3,2156.08,130.96,SELL020,SELL020,4.6,10
ORD01241,2025-05-01 06:00:00,Processing,CUST0284,Male,Pune,Maharashtra,PROD0072,Fiction Product 72,Books,Fiction,1,3186.64,20,3186.64,310.19,205.9,SELL030,SELL030,4.3,
ORD01242,2025-12-22 15:00:00,Shipped,CUST0125,Male,New Delhi,Delhi,PROD0001,Audio Product 1,Electronics,Audio,1,25490.01,0,25490.01,9334.18,313.63,SELL007,SELL007,4.3,
ORD01243,2025-04-19 21:00:00,Delivered,CUST0246,Male,Chennai,Tamil Nadu,PROD0006,Appliances Product 6,Home & Kitchen,Appliances,2,25796.68,15,51593.36,9992.76,181.42,SELL012,SELL012,4.8,3
ORD01244,2025-07-12 19:00:00,Shipped,CUST0236,Other,Warangal,Telangana,PROD0031,Sportswear Product 31,Sports,Sportswear,3,21078.38,0,63235.14,25688.91,368.84,SELL040,SELL040,4.9,
ORD01245,2025-01-12 18:00:00,Delivered,CUST0094,Male,Nagpur,Maharashtra,PROD0025,Women Product 25,Fashion,Women,2,29963.01,0,59926.02,24470.9,161.08,SELL015,SELL015,3.9,9
ORD01246,2025-12-04 02:00:00,Delivered,CUST0254,Female,Pune,Maharashtra,PROD0087,Furniture Product 87,Home & Kitchen,Furniture,1,39736.4,0,39736.4,12423.03,69.53,SELL031,SELL031,3.6,9
ORD01247,2025-08-15 10:00:00,Delivered,CUST0030,Male,Nizamabad,Telangana,PROD0029,Skincare Product 29,Beauty,Skincare,1,16695.08,10,16695.08,1748.81,214.87,SELL008,SELL008,3.9,2
ORD01248,2025-11-17 23:00:00,Shipped,CUST0222,Female,New Delhi,Delhi,PROD0028,Education Product 28,Books,Education,3,11297.07,5,33891.21,11966.25,371.21,SELL014,SELL014,4.3,
ORD01249,2025-01-15 14:00:00,Delivered,CUST0245,Female,Chennai,Tamil Nadu,PROD0005,Accessories Product 5,Electronics,Accessories,1,45475.24,0,45475.24,13444.88,266.61,SELL022,SELL022,3.5,5
ORD01250,2025-12-29 09:00:00,Delivered,CUST0243,Male,Tirupati,Andhra Pradesh,PROD0083,Skincare Product 83,Beauty,Skincare,1,5716.09,10,5716.09,760.48,267.98,SELL028,SELL028,4.0,8
ORD01251,2025-03-23 00:00:00,Shipped,CUST0221,Female,Thrissur,Kerala,PROD0085,Audio Product 85,Electronics,Audio,2,30127.53,10,60255.06,10606.5,474.56,SELL026,SELL026,4.3,
ORD01251,2025-03-23 00:00:00,Shipped,CUST0221,Female,Thrissur,Kerala,PROD0046,Makeup Product 46,Beauty,Makeup,1,37759.16,5,37759.16,10993.06,178.08,SELL005,SELL005,3.8,
ORD01252,2025-12-14 15:00:00,Delivered,CUST0293,Female,Visakhapatnam,Andhra Pradesh,PROD0077,Haircare Product 77,Beauty,Haircare,1,16881.9,10,16881.9,2700.49,230.81,SELL017,SELL017,3.6,8
ORD01252,2025-12-14 15:00:00,Delivered,CUST0293,Female,Visakhapatnam,Andhra Pradesh,PROD0010,Fitness Product 10,Sports,Fitness,2,15600.83,15,31201.66,1914.56,412.52,SELL038,SELL038,4.3,8
ORD01253,2025-08-02 13:00:00,Delivered,CUST0074,Male,Vadodara,Gujarat,PROD0033,Haircare Product 33,Beauty,Haircare,1,25054.56,10,25054.56,8972.34,305.29,SELL009,SELL009,4.2,8
ORD01253,2025-08-02 13:00:00,Delivered,CUST0074,Male,Vadodara,Gujarat,PROD0049,Skincare Product 49,Beauty,Skincare,2,30836.78,0,61673.56,23747.26,437.5,SELL035,SELL035,4.6,5
ORD01253,2025-08-02 13:00:00,Delivered,CUST0074,Male,Vadodara,Gujarat,PROD0013,Education Product 13,Books,Education,1,14386.31,0,14386.31,3662.64,468.41,SELL007,SELL007,4.3,8
ORD01254,2025-08-12 23:00:00,Delivered,CUST0231,Male,Visakhapatnam,Andhra Pradesh,PROD0076,Makeup Product 76,Beauty,Makeup,3,1861.17,0,5583.51,2281.26,418.55,SELL020,SELL020,4.6,6
ORD01254,2025-08-12 23:00:00,Delivered,CUST0231,Male,Visakhapatnam,Andhra Pradesh,PROD0068,Appliances Product 68,Home & Kitchen,Appliances,1,14607.24,10,14607.24,5329.72,380.87,SELL011,SELL011,3.8,9
ORD01254,2025-08-12 23:00:00,Delivered,CUST0231,Male,Visakhapatnam,Andhra Pradesh,PROD0091,Audio Product 91,Electronics,Audio,1,19055.54,5,19055.54,4140.63,265.56,SELL032,SELL032,3.9,4
ORD01255,2025-08-19 16:00:00,Delivered,CUST0105,Female,Hyderabad,Telangana,PROD0038,Makeup Product 38,Beauty,Makeup,1,18854.58,0,18854.58,6518.69,357.84,SELL005,SELL005,3.8,10
ORD01256,2025-07-25 09:00:00,Delivered,CUST0190,Female,Mysuru,Karnataka,PROD0035,Accessories Product 35,Fashion,Accessories,1,40760.08,10,40760.08,14049.36,323.06,SELL021,SELL021,4.2,3
ORD01256,2025-07-25 09:00:00,Delivered,CUST0190,Female,Mysuru,Karnataka,PROD0051,Men Product 51,Fashion,Men,2,45297.74,5,90595.48,24136.34,445.29,SELL037,SELL037,3.6,5
ORD01256,2025-07-25 09:00:00,Delivered,CUST0190,Female,Mysuru,Karnataka,PROD0004,Makeup Product 4,Beauty,Makeup,1,27827.24,0,27827.24,6573.05,321.82,SELL035,SELL035,4.6,4
ORD01257,2025-10-06 01:00:00,Delivered,CUST0026,Male,New Delhi,Delhi,PROD0001,Audio Product 1,Electronics,Audio,1,24215.51,5,24215.51,8059.68,179.77,SELL007,SELL007,4.3,8
ORD01258,2025-12-07 16:00:00,Cancelled,CUST0256,Female,Kochi,Kerala,PROD0064,Haircare Product 64,Beauty,Haircare,1,29783.65,20,29783.65,314.51,149.74,SELL023,SELL023,4.2,
ORD01259,2025-06-22 16:00:00,Shipped,CUST0229,Female,Madurai,Tamil Nadu,PROD0088,Laptops Product 88,Electronics,Laptops,1,37672.51,5,37672.51,13327.4,195.86,SELL004,SELL004,3.6,
ORD01260,2025-02-05 16:00:00,Delivered,CUST0134,Female,Tirupati,Andhra Pradesh,PROD0026,Furniture Product 26,Home & Kitchen,Furniture,1,30709.52,15,30709.52,10412.44,499.11,SELL013,SELL013,5.0,7
ORD01261,2025-08-29 01:00:00,Delivered,CUST0163,Male,Vijayawada,Andhra Pradesh,PROD0006,Appliances Product 6,Home & Kitchen,Appliances,1,25796.68,15,25796.68,4996.38,102.32,SELL040,SELL040,4.9,10
ORD01262,2025-01-25 17:00:00,Delivered,CUST0171,Male,Coimbatore,Tamil Nadu,PROD0036,Skincare Product 36,Beauty,Skincare,1,42600.65,10,42600.65,13729.23,35.69,SELL005,SELL005,3.8,6
ORD01263,2025-10-22 15:00:00,Delivered,CUST0249,Female,Warangal,Telangana,PROD0015,Sportswear Product 15,Sports,Sportswear,1,6557.45,10,6557.45,1861.94,277.51,SELL014,SELL014,4.3,7
ORD01264,2025-04-15 11:00:00,Delivered,CUST0238,Female,Vadodara,Gujarat,PROD0066,Haircare Product 66,Beauty,Haircare,1,43922.73,5,43922.73,12011.51,330.4,SELL001,SELL001,4.5,2
ORD01265,2025-11-18 17:00:00,Delivered,CUST0300,Male,Kozhikode,Kerala,PROD0079,Education Product 79,Books,Education,1,11401.36,10,11401.36,4045.82,410.11,SELL017,SELL017,3.6,5
ORD01266,2025-06-20 16:00:00,Delivered,CUST0072,Male,Surat,Gujarat,PROD0040,Audio Product 40,Electronics,Audio,1,39621.19,0,39621.19,16357.53,379.73,SELL010,SELL010,4.2,5
ORD01267,2025-11-09 11:00:00,Cancelled,CUST0186,Male,Hyderabad,Telangana,PROD0055,Technology Product 55,Books,Technology,4,28355.2,10,113420.8,17856.8,369.17,SELL018,SELL018,4.1,
ORD01268,2025-11-25 16:00:00,Processing,CUST0164,Male,Madurai,Tamil Nadu,PROD0074,Sportswear Product 74,Sports,Sportswear,1,35208.24,10,35208.24,13324.53,133.3,SELL027,SELL027,3.7,
ORD01269,2025-07-12 22:00:00,Delivered,CUST0281,Male,New Delhi,Delhi,PROD0038,Makeup Product 38,Beauty,Makeup,1,15083.66,20,15083.66,2747.77,120.46,SELL014,SELL014,4.3,9
ORD01269,2025-07-12 22:00:00,Delivered,CUST0281,Male,New Delhi,Delhi,PROD0067,Accessories Product 67,Electronics,Accessories,1,4176.62,0,4176.62,1200.1,307.47,SELL001,SELL001,4.5,2
ORD01270,2025-09-29 02:00:00,Delivered,CUST0048,Male,Kozhikode,Kerala,PROD0049,Skincare Product 49,Beauty,Skincare,2,29294.94,5,58589.88,20663.58,224.73,SELL024,SELL024,4.4,4
ORD01271,2025-03-20 07:00:00,Delivered,CUST0216,Female,Visakhapatnam,Andhra Pradesh,PROD0058,Education Product 58,Books,Education,1,30094.92,5,30094.92,5730.57,490.93,SELL040,SELL040,4.9,6
ORD01272,2025-01-19 22:00:00,Shipped,CUST0029,Male,Chennai,Tamil Nadu,PROD0092,Makeup Product 92,Beauty,Makeup,1,17584.0,15,17584.0,3919.22,161.87,SELL029,SELL029,3.6,
ORD01272,2025-01-19 22:00:00,Shipped,CUST0029,Male,Chennai,Tamil Nadu,PROD0070,Skincare Product 70,Beauty,Skincare,4,32837.51,5,131350.04,42181.64,360.54,SELL030,SELL030,4.3,
ORD01273,2025-09-12 10:00:00,Delivered,CUST0216,Female,Visakhapatnam,Andhra Pradesh,PROD0070,Skincare Product 70,Beauty,Skincare,2,31109.22,10,62218.44,17634.24,247.5,SELL003,SELL003,4.7,2
ORD01273,2025-09-12 10:00:00,Delivered,CUST0216,Female,Visakhapatnam,Andhra Pradesh,PROD0080,Fiction Product 80,Books,Fiction,1,25077.44,0,25077.44,8664.59,262.23,SELL005,SELL005,3.8,5
ORD01274,2025-07-27 17:00:00,Delivered,CUST0086,Female,Hyderabad,Telangana,PROD0068,Appliances Product 68,Home & Kitchen,Appliances,2,12984.22,20,25968.44,7413.4,352.07,SELL002,SELL002,4.5,9
ORD01275,2025-02-28 20:00:00,Shipped,CUST0093,Male,Nagpur,Maharashtra,PROD0012,Audio Product 12,Electronics,Audio,2,3352.65,5,6705.3,2643.18,102.7,SELL036,SELL036,4.3,
ORD01276,2025-11-26 12:00:00,Shipped,CUST0268,Female,Warangal,Telangana,PROD0004,Makeup Product 4,Beauty,Makeup,1,26435.88,5,26435.88,5181.69,366.18,SELL032,SELL032,3.9,
ORD01276,2025-11-26 12:00:00,Shipped,CUST0268,Female,Warangal,Telangana,PROD0084,Skincare Product 84,Beauty,Skincare,1,44959.28,0,44959.28,14828.47,243.7,SELL039,SELL039,4.8,
ORD01277,2025-07-18 17:00:00,Delivered,CUST0074,Male,Vadodara,Gujarat,PROD0085,Audio Product 85,Electronics,Audio,1,31801.28,5,31801.28,6977.0,51.72,SELL020,SELL020,4.6,7
ORD01277,2025-07-18 17:00:00,Delivered,CUST0074,Male,Vadodara,Gujarat,PROD0056,Education Product 56,Books,Education,1,6542.77,5,6542.77,2099.74,246.31,SELL021,SELL021,4.2,5
ORD01278,2025-04-08 10:00:00,Delivered,CUST0116,Female,Vadodara,Gujarat,PROD0095,Furniture Product 95,Home & Kitchen,Furniture,2,32680.07,15,65360.14,20389.38,339.35,SELL007,SELL007,4.3,7
ORD01279,2025-08-14 21:00:00,Processing,CUST0163,Male,Vijayawada,Andhra Pradesh,PROD0080,Fiction Product 80,Books,Fiction,2,22569.7,10,45139.4,12313.7,272.79,SELL039,SELL039,4.8,
ORD01280,2025-10-03 06:00:00,Delivered,CUST0261,Female,Surat,Gujarat,PROD0007,Accessories Product 7,Electronics,Accessories,2,4589.34,15,9178.68,618.06,489.56,SELL007,SELL007,4.3,5
ORD01280,2025-10-03 06:00:00,Delivered,CUST0261,Female,Surat,Gujarat,PROD0084,Skincare Product 84,Beauty,Skincare,2,44959.28,0,89918.56,29656.94,281.8,SELL021,SELL021,4.2,3
ORD01281,2025-01-20 18:00:00,Delivered,CUST0039,Male,Hyderabad,Telangana,PROD0007,Accessories Product 7,Electronics,Accessories,1,4319.38,20,4319.38,39.07,408.02,SELL010,SELL010,4.2,5
ORD01282,2025-08-31 18:00:00,Shipped,CUST0211,Male,New Delhi,Delhi,PROD0099,Men Product 99,Fashion,Men,2,12081.73,5,24163.46,5812.82,170.14,SELL028,SELL028,4.0,
ORD01283,2025-04-22 15:00:00,Delivered,CUST0246,Male,Chennai,Tamil Nadu,PROD0064,Haircare Product 64,Beauty,Haircare,1,31645.13,15,31645.13,2175.99,312.67,SELL024,SELL024,4.4,4
ORD01284,2025-07-21 17:00:00,Shipped,CUST0261,Female,Surat,Gujarat,PROD0012,Audio Product 12,Electronics,Audio,1,2999.74,15,2999.74,968.68,341.09,SELL022,SELL022,3.5,
ORD01285,2025-04-27 05:00:00,Delivered,CUST0117,Male,Surat,Gujarat,PROD0071,Audio Product 71,Electronics,Audio,1,30838.86,0,30838.86,10255.96,146.3,SELL023,SELL023,4.2,6
ORD01286,2025-05-30 12:00:00,Shipped,CUST0154,Male,Madurai,Tamil Nadu,PROD0045,Women Product 45,Fashion,Women,1,15232.27,0,15232.27,6658.14,68.7,SELL037,SELL037,3.6,
ORD01286,2025-05-30 12:00:00,Shipped,CUST0154,Male,Madurai,Tamil Nadu,PROD0096,Fitness Product 96,Sports,Fitness,1,35369.94,15,35369.94,6662.55,466.67,SELL032,SELL032,3.9,
ORD01287,2025-03-26 02:00:00,Delivered,CUST0083,Male,Mumbai,Maharashtra,PROD0037,Haircare Product 37,Beauty,Haircare,1,41886.88,10,41886.88,11075.72,423.76,SELL007,SELL007,4.3,7
ORD01288,2025-10-15 06:00:00,Delivered,CUST0131,Female,Vijayawada,Andhra Pradesh,PROD0017,Fiction Product 17,Books,Fiction,1,15651.7,0,15651.7,5451.43,329.35,SELL009,SELL009,4.2,4
ORD01288,2025-10-15 06:00:00,Delivered,CUST0131,Female,Vijayawada,Andhra Pradesh,PROD0076,Makeup Product 76,Beauty,Makeup,3,1675.05,10,5025.15,1722.9,43.48,SELL016,SELL016,4.2,9
ORD01289,2025-01-16 18:00:00,Delivered,CUST0179,Male,Mysuru,Karnataka,PROD0072,Fiction Product 72,Books,Fiction,1,3784.14,5,3784.14,907.69,87.86,SELL013,SELL013,5.0,7
ORD01290,2025-08-11 02:00:00,Delivered,CUST0212,Male,Bengaluru,Karnataka,PROD0036,Skincare Product 36,Beauty,Skincare,2,40233.95,15,80467.9,22725.06,92.81,SELL009,SELL009,4.2,8
ORD01290,2025-08-11 02:00:00,Delivered,CUST0212,Male,Bengaluru,Karnataka,PROD0023,Audio Product 23,Electronics,Audio,1,40147.29,5,40147.29,15750.07,48.62,SELL015,SELL015,3.9,9
ORD01290,2025-08-11 02:00:00,Delivered,CUST0212,Male,Bengaluru,Karnataka,PROD0005,Accessories Product 5,Electronics,Accessories,2,36380.19,20,72760.38,8699.66,290.25,SELL014,SELL014,4.3,3
ORD01291,2025-08-31 14:00:00,Delivered,CUST0049,Female,Hyderabad,Telangana,PROD0052,Sportswear Product 52,Sports,Sportswear,1,1261.63,0,1261.63,270.24,107.18,SELL008,SELL008,3.9,7
ORD01292,2025-08-23 09:00:00,Shipped,CUST0033,Female,Bengaluru,Karnataka,PROD0049,Skincare Product 49,Beauty,Skincare,1,29294.94,5,29294.94,10331.79,260.12,SELL004,SELL004,3.6,
ORD01293,2025-11-10 20:00:00,Delivered,CUST0196,Male,Mumbai,Maharashtra,PROD0088,Laptops Product 88,Electronics,Laptops,1,33706.98,15,33706.98,9361.87,411.59,SELL029,SELL029,3.6,2
ORD01294,2025-01-02 05:00:00,Delivered,CUST0166,Female,Vijayawada,Andhra Pradesh,PROD0027,Women Product 27,Fashion,Women,3,48487.03,0,145461.09,41476.65,288.18,SELL019,SELL019,4.9,5
ORD01294,2025-01-02 05:00:00,Delivered,CUST0166,Female,Vijayawada,Andhra Pradesh,PROD0035,Accessories Product 35,Fashion,Accessories,1,43024.53,5,43024.53,16313.81,281.89,SELL031,SELL031,3.6,2
ORD01295,2025-05-10 11:00:00,Delivered,CUST0034,Female,Nagpur,Maharashtra,PROD0062,Fiction Product 62,Books,Fiction,1,14484.02,0,14484.02,3146.26,198.07,SELL019,SELL019,4.9,7
ORD01296,2025-08-27 18:00:00,Shipped,CUST0265,Female,Ahmedabad,Gujarat,PROD0038,Makeup Product 38,Beauty,Makeup,1,18854.58,0,18854.58,6518.69,262.91,SELL038,SELL038,4.3,
ORD01296,2025-08-27 18:00:00,Shipped,CUST0265,Female,Ahmedabad,Gujarat,PROD0002,Skincare Product 2,Beauty,Skincare,1,2926.27,5,2926.27,540.41,54.33,SELL028,SELL028,4.0,
ORD01297,2025-09-03 07:00:00,Delivered,CUST0275,Male,Ahmedabad,Gujarat,PROD0009,Decor Product 9,Home & Kitchen,Decor,1,47073.97,5,47073.97,12809.15,223.9,SELL017,SELL017,3.6,8
ORD01298,2025-09-06 17:00:00,Delivered,CUST0008,Female,New Delhi,Delhi,PROD0081,Fitness Product 81,Sports,Fitness,1,13273.39,0,13273.39,5040.2,185.41,SELL034,SELL034,4.7,10
ORD01299,2025-08-08 18:00:00,Delivered,CUST0074,Male,Vadodara,Gujarat,PROD0034,Fitness Product 34,Sports,Fitness,2,14431.88,0,28863.76,7041.56,219.99,SELL012,SELL012,4.8,9
ORD01300,2025-06-21 20:00:00,Delivered,CUST0222,Female,New Delhi,Delhi,PROD0018,Women Product 18,Fashion,Women,1,33588.29,0,33588.29,7597.04,165.96,SELL011,SELL011,3.8,10
ORD01301,2025-02-08 08:00:00,Delivered,CUST0162,Male,Hyderabad,Telangana,PROD0052,Sportswear Product 52,Sports,Sportswear,2,1261.63,0,2523.26,540.48,377.89,SELL028,SELL028,4.0,2
ORD01302,2025-06-13 07:00:00,Processing,CUST0017,Male,Warangal,Telangana,PROD0048,Sportswear Product 48,Sports,Sportswear,1,12286.42,0,12286.42,5052.6,481.61,SELL025,SELL025,3.9,
ORD01303,2025-02-28 06:00:00,Delivered,CUST0039,Male,Hyderabad,Telangana,PROD0030,Haircare Product 30,Beauty,Haircare,1,36603.09,5,36603.09,7317.01,479.02,SELL012,SELL012,4.8,9
ORD01304,2025-07-30 21:00:00,Delivered,CUST0172,Female,Mysuru,Karnataka,PROD0039,Audio Product 39,Electronics,Audio,1,10849.76,5,10849.76,3585.62,32.34,SELL020,SELL020,4.6,3
ORD01305,2025-01-28 23:00:00,Shipped,CUST0090,Male,Ahmedabad,Gujarat,PROD0082,Skincare Product 82,Beauty,Skincare,1,42346.29,15,42346.29,11104.41,143.98,SELL031,SELL031,3.6,
ORD01305,2025-01-28 23:00:00,Shipped,CUST0090,Male,Ahmedabad,Gujarat,PROD0086,Sportswear Product 86,Sports,Sportswear,1,13225.97,10,13225.97,3953.27,113.35,SELL037,SELL037,3.6,
ORD01306,2025-12-19 05:00:00,Returned,CUST0172,Female,Mysuru,Karnataka,PROD0073,Women Product 73,Fashion,Women,1,40503.58,15,40503.58,12458.4,481.41,SELL018,SELL018,4.1,
ORD01306,2025-12-19 05:00:00,Returned,CUST0172,Female,Mysuru,Karnataka,PROD0009,Decor Product 9,Home & Kitchen,Decor,2,42118.82,15,84237.64,15708.0,270.12,SELL024,SELL024,4.4,
ORD01307,2025-07-09 07:00:00,Delivered,CUST0243,Male,Tirupati,Andhra Pradesh,PROD0057,Women Product 57,Fashion,Women,3,39483.51,5,118450.53,26824.14,368.25,SELL018,SELL018,4.1,4
ORD01308,2025-11-21 18:00:00,Delivered,CUST0066,Other,Nagpur,Maharashtra,PROD0091,Audio Product 91,Electronics,Audio,1,19055.54,5,19055.54,4140.63,169.97,SELL025,SELL025,3.9,8
ORD01309,2025-11-17 17:00:00,Cancelled,CUST0101,Female,Mumbai,Maharashtra,PROD0053,Accessories Product 53,Electronics,Accessories,1,44151.04,10,44151.04,13810.17,145.78,SELL036,SELL036,4.3,
ORD01310,2025-06-01 18:00:00,Delivered,CUST0076,Male,Mysuru,Karnataka,PROD0098,Appliances Product 98,Home & Kitchen,Appliances,1,45017.93,5,45017.93,12315.85,135.56,SELL005,SELL005,3.8,7
ORD01310,2025-06-01 18:00:00,Delivered,CUST0076,Male,Mysuru,Karnataka,PROD0070,Skincare Product 70,Beauty,Skincare,1,32837.51,5,32837.51,10545.41,397.36,SELL033,SELL033,5.0,4
ORD01311,2025-09-12 06:00:00,Delivered,CUST0012,Male,Surat,Gujarat,PROD0099,Men Product 99,Fashion,Men,3,12717.61,0,38152.83,10626.87,318.37,SELL001,SELL001,4.5,6
ORD01312,2025-10-12 04:00:00,Delivered,CUST0010,Female,New Delhi,Delhi,PROD0016,Technology Product 16,Books,Technology,1,33191.22,0,33191.22,13780.43,391.06,SELL019,SELL019,4.9,6
ORD01313,2025-10-24 20:00:00,Delivered,CUST0074,Male,Vadodara,Gujarat,PROD0027,Women Product 27,Fashion,Women,1,48487.03,0,48487.03,13825.55,467.45,SELL039,SELL039,4.8,10
ORD01313,2025-10-24 20:00:00,Delivered,CUST0074,Male,Vadodara,Gujarat,PROD0025,Women Product 25,Fashion,Women,1,29963.01,0,29963.01,12235.45,131.16,SELL038,SELL038,4.3,3
ORD01314,2025-04-03 20:00:00,Delivered,CUST0057,Female,Tirupati,Andhra Pradesh,PROD0012,Audio Product 12,Electronics,Audio,1,2823.29,20,2823.29,792.23,42.02,SELL040,SELL040,4.9,10
ORD01315,2025-01-17 03:00:00,Cancelled,CUST0057,Female,Tirupati,Andhra Pradesh,PROD0004,Makeup Product 4,Beauty,Makeup,2,27827.24,0,55654.48,13146.1,312.77,SELL026,SELL026,4.3,
ORD01315,2025-01-17 03:00:00,Cancelled,CUST0057,Female,Tirupati,Andhra Pradesh,PROD0015,Sportswear Product 15,Sports,Sportswear,1,6557.45,10,6557.45,1861.94,121.5,SELL038,SELL038,4.3,
ORD01316,2025-09-01 21:00:00,Delivered,CUST0111,Male,Kozhikode,Kerala,PROD0036,Skincare Product 36,Beauty,Skincare,1,44967.36,5,44967.36,16095.94,404.66,SELL019,SELL019,4.9,7
ORD01316,2025-09-01 21:00:00,Delivered,CUST0111,Male,Kozhikode,Kerala,PROD0069,Education Product 69,Books,Education,1,15498.17,0,15498.17,4452.5,63.44,SELL017,SELL017,3.6,4
ORD01316,2025-09-01 21:00:00,Delivered,CUST0111,Male,Kozhikode,Kerala,PROD0013,Education Product 13,Books,Education,1,14386.31,0,14386.31,3662.64,64.74,SELL028,SELL028,4.0,10
ORD01317,2025-10-24 20:00:00,Delivered,CUST0145,Female,Nagpur,Maharashtra,PROD0040,Audio Product 40,Electronics,Audio,2,39621.19,0,79242.38,32715.06,278.93,SELL011,SELL011,3.8,5
ORD01318,2025-10-06 01:00:00,Delivered,CUST0207,Male,Nizamabad,Telangana,PROD0038,Makeup Product 38,Beauty,Makeup,1,16026.39,15,16026.39,3690.5,124.27,SELL010,SELL010,4.2,10
ORD01319,2025-06-04 17:00:00,Delivered,CUST0169,Male,Mumbai,Maharashtra,PROD0010,Fitness Product 10,Sports,Fitness,1,17436.22,5,17436.22,2792.67,492.65,SELL028,SELL028,4.0,10
ORD01320,2025-04-16 17:00:00,Delivered,CUST0052,Male,Thrissur,Kerala,PROD0090,Makeup Product 90,Beauty,Makeup,2,6706.12,0,13412.24,2833.38,442.15,SELL006,SELL006,4.5,4
ORD01321,2025-06-05 14:00:00,Delivered,CUST0070,Female,Madurai,Tamil Nadu,PROD0084,Skincare Product 84,Beauty,Skincare,1,44959.28,0,44959.28,14828.47,424.98,SELL006,SELL006,4.5,2
ORD01322,2025-11-08 06:00:00,Cancelled,CUST0039,Male,Hyderabad,Telangana,PROD0038,Makeup Product 38,Beauty,Makeup,1,18854.58,0,18854.58,6518.69,290.43,SELL028,SELL028,4.0,
ORD01323,2025-12-03 12:00:00,Delivered,CUST0057,Female,Tirupati,Andhra Pradesh,PROD0020,Education Product 20,Books,Education,1,21715.2,15,21715.2,7538.43,65.78,SELL008,SELL008,3.9,3
ORD01324,2025-06-19 01:00:00,Delivered,CUST0112,Male,Mumbai,Maharashtra,PROD0009,Decor Product 9,Home & Kitchen,Decor,1,42118.82,15,42118.82,7854.0,188.45,SELL027,SELL027,3.7,7
ORD01325,2025-01-02 04:00:00,Delivered,CUST0039,Male,Hyderabad,Telangana,PROD0091,Audio Product 91,Electronics,Audio,1,19055.54,5,19055.54,4140.63,318.38,SELL030,SELL030,4.3,3
ORD01326,2025-08-07 12:00:00,Delivered,CUST0184,Male,Pune,Maharashtra,PROD0008,Men Product 8,Fashion,Men,1,24083.74,5,24083.74,8959.38,325.47,SELL002,SELL002,4.5,6
ORD01327,2025-07-07 11:00:00,Shipped,CUST0107,Female,Mysuru,Karnataka,PROD0058,Education Product 58,Books,Education,1,30094.92,5,30094.92,5730.57,387.4,SELL030,SELL030,4.3,
ORD01327,2025-07-07 11:00:00,Shipped,CUST0107,Female,Mysuru,Karnataka,PROD0082,Skincare Product 82,Beauty,Skincare,1,49819.16,0,49819.16,18577.28,209.91,SELL024,SELL024,4.4,
ORD01327,2025-07-07 11:00:00,Shipped,CUST0107,Female,Mysuru,Karnataka,PROD0093,Fitness Product 93,Sports,Fitness,1,5836.51,10,5836.51,1714.65,69.01,SELL001,SELL001,4.5,
ORD01327,2025-07-07 11:00:00,Shipped,CUST0107,Female,Mysuru,Karnataka,PROD0012,Audio Product 12,Electronics,Audio,1,3529.11,0,3529.11,1498.05,493.81,SELL018,SELL018,4.1,
ORD01328,2025-01-21 22:00:00,Delivered,CUST0134,Female,Tirupati,Andhra Pradesh,PROD0082,Skincare Product 82,Beauty,Skincare,1,47328.2,5,47328.2,16086.32,345.99,SELL027,SELL027,3.7,9
ORD01329,2025-09-06 04:00:00,Delivered,CUST0052,Male,Thrissur,Kerala,PROD0093,Fitness Product 93,Sports,Fitness,1,5512.26,15,5512.26,1390.4,340.01,SELL008,SELL008,3.9,9
ORD01330,2025-03-21 09:00:00,Delivered,CUST0285,Male,Ahmedabad,Gujarat,PROD0025,Women Product 25,Fashion,Women,4,28464.86,5,113859.44,42949.2,169.67,SELL023,SELL023,4.2,9
ORD01331,2025-08-20 19:00:00,Shipped,CUST0138,Male,Kozhikode,Kerala,PROD0015,Sportswear Product 15,Sports,Sportswear,1,7286.06,0,7286.06,2590.55,430.91,SELL016,SELL016,4.2,
ORD01332,2025-03-26 20:00:00,Delivered,CUST0075,Male,Mangaluru,Karnataka,PROD0056,Education Product 56,Books,Education,1,5854.06,15,5854.06,1411.03,198.91,SELL008,SELL008,3.9,8
ORD01332,2025-03-26 20:00:00,Delivered,CUST0075,Male,Mangaluru,Karnataka,PROD0038,Makeup Product 38,Beauty,Makeup,1,18854.58,0,18854.58,6518.69,386.81,SELL032,SELL032,3.9,6
ORD01333,2025-01-13 09:00:00,Delivered,CUST0038,Male,Madurai,Tamil Nadu,PROD0032,Furniture Product 32,Home & Kitchen,Furniture,1,39313.67,10,39313.67,14673.24,399.72,SELL040,SELL040,4.9,3
ORD01333,2025-01-13 09:00:00,Delivered,CUST0038,Male,Madurai,Tamil Nadu,PROD0039,Audio Product 39,Electronics,Audio,2,11420.8,0,22841.6,8313.32,338.22,SELL033,SELL033,5.0,5
ORD01333,2025-01-13 09:00:00,Delivered,CUST0038,Male,Madurai,Tamil Nadu,PROD0010,Fitness Product 10,Sports,Fitness,1,17436.22,5,17436.22,2792.67,243.44,SELL019,SELL019,4.9,8
ORD01334,2025-11-25 16:00:00,Delivered,CUST0044,Female,Surat,Gujarat,PROD0097,Women Product 97,Fashion,Women,1,7061.68,15,7061.68,395.63,331.96,SELL023,SELL023,4.2,3
ORD01335,2025-03-01 21:00:00,Delivered,CUST0300,Male,Kozhikode,Kerala,PROD0092,Makeup Product 92,Beauty,Makeup,3,17584.0,15,52752.0,11757.66,416.35,SELL017,SELL017,3.6,8
ORD01335,2025-03-01 21:00:00,Delivered,CUST0300,Male,Kozhikode,Kerala,PROD0057,Women Product 57,Fashion,Women,1,41561.59,0,41561.59,11019.46,412.73,SELL026,SELL026,4.3,7
ORD01336,2025-07-10 18:00:00,Delivered,CUST0253,Male,Madurai,Tamil Nadu,PROD0024,Sportswear Product 24,Sports,Sportswear,2,39791.87,10,79583.74,30048.0,232.06,SELL001,SELL001,4.5,9
ORD01336,2025-07-10 18:00:00,Delivered,CUST0253,Male,Madurai,Tamil Nadu,PROD0074,Sportswear Product 74,Sports,Sportswear,2,37164.26,5,74328.52,30561.1,102.02,SELL004,SELL004,3.6,8
ORD01337,2025-07-18 10:00:00,Delivered,CUST0025,Female,Nizamabad,Telangana,PROD0057,Women Product 57,Fashion,Women,1,41561.59,0,41561.59,11019.46,238.75,SELL003,SELL003,4.7,7
ORD01338,2025-10-28 17:00:00,Delivered,CUST0154,Male,Madurai,Tamil Nadu,PROD0025,Women Product 25,Fashion,Women,2,26966.71,10,53933.42,18478.3,105.54,SELL031,SELL031,3.6,4
ORD01339,2025-04-03 10:00:00,Shipped,CUST0256,Female,Kochi,Kerala,PROD0031,Sportswear Product 31,Sports,Sportswear,3,21078.38,0,63235.14,25688.91,171.7,SELL010,SELL010,4.2,
ORD01340,2025-02-26 23:00:00,Delivered,CUST0158,Female,Mangaluru,Karnataka,PROD0042,Education Product 42,Books,Education,1,21439.52,5,21439.52,8995.17,427.55,SELL035,SELL035,4.6,10
ORD01341,2025-07-13 00:00:00,Delivered,CUST0289,Male,Vadodara,Gujarat,PROD0098,Appliances Product 98,Home & Kitchen,Appliances,1,47387.29,0,47387.29,14685.21,403.57,SELL014,SELL014,4.3,4
ORD01342,2025-06-14 20:00:00,Delivered,CUST0043,Female,Vijayawada,Andhra Pradesh,PROD0036,Skincare Product 36,Beauty,Skincare,3,47334.06,0,142002.18,55387.92,234.49,SELL002,SELL002,4.5,4
ORD01343,2025-08-15 05:00:00,Delivered,CUST0047,Male,Ahmedabad,Gujarat,PROD0017,Fiction Product 17,Books,Fiction,1,14869.11,5,14869.11,4668.84,284.54,SELL002,SELL002,4.5,8
ORD01344,2025-12-17 07:00:00,Delivered,CUST0184,Male,Pune,Maharashtra,PROD0001,Audio Product 1,Electronics,Audio,1,25490.01,0,25490.01,9334.18,196.83,SELL026,SELL026,4.3,3
ORD01345,2025-09-14 01:00:00,Delivered,CUST0081,Male,Coimbatore,Tamil Nadu,PROD0020,Education Product 20,Books,Education,1,22992.57,10,22992.57,8815.8,52.91,SELL003,SELL003,4.7,7
ORD01346,2025-11-06 15:00:00,Delivered,CUST0251,Male,Vadodara,Gujarat,PROD0091,Audio Product 91,Electronics,Audio,1,19055.54,5,19055.54,4140.63,207.09,SELL038,SELL038,4.3,6
ORD01347,2025-02-02 16:00:00,Delivered,CUST0253,Male,Madurai,Tamil Nadu,PROD0058,Education Product 58,Books,Education,4,26927.03,15,107708.12,10250.72,97.03,SELL038,SELL038,4.3,2
ORD01348,2025-04-22 04:00:00,Delivered,CUST0177,Male,Mumbai,Maharashtra,PROD0060,Kitchen Product 60,Home & Kitchen,Kitchen,2,15950.89,0,31901.78,11684.96,207.12,SELL035,SELL035,4.6,4
ORD01349,2025-11-11 09:00:00,Cancelled,CUST0061,Male,Pune,Maharashtra,PROD0014,Technology Product 14,Books,Technology,3,41510.88,5,124532.64,40635.96,227.74,SELL029,SELL029,3.6,
ORD01349,2025-11-11 09:00:00,Cancelled,CUST0061,Male,Pune,Maharashtra,PROD0011,Haircare Product 11,Beauty,Haircare,1,38779.62,0,38779.62,10342.43,339.65,SELL028,SELL028,4.0,
ORD01350,2025-03-06 00:00:00,Shipped,CUST0035,Male,Madurai,Tamil Nadu,PROD0042,Education Product 42,Books,Education,1,20311.13,10,20311.13,7866.78,404.66,SELL036,SELL036,4.3,
ORD01350,2025-03-06 00:00:00,Shipped,CUST0035,Male,Madurai,Tamil Nadu,PROD0062,Fiction Product 62,Books,Fiction,1,14484.02,0,14484.02,3146.26,62.55,SELL040,SELL040,4.9,
ORD01351,2025-07-17 20:00:00,Shipped,CUST0013,Male,New Delhi,Delhi,PROD0020,Education Product 20,Books,Education,2,25547.3,0,51094.6,22741.06,197.2,SELL013,SELL013,5.0,
ORD01352,2025-11-22 16:00:00,Delivered,CUST0194,Male,Kozhikode,Kerala,PROD0064,Haircare Product 64,Beauty,Haircare,1,31645.13,15,31645.13,2175.99,314.95,SELL006,SELL006,4.5,6
ORD01353,2025-06-22 07:00:00,Delivered,CUST0233,Male,Coimbatore,Tamil Nadu,PROD0032,Furniture Product 32,Home & Kitchen,Furniture,1,43681.85,0,43681.85,19041.42,191.95,SELL005,SELL005,3.8,10
ORD01354,2025-09-03 17:00:00,Delivered,CUST0065,Male,Coimbatore,Tamil Nadu,PROD0088,Laptops Product 88,Electronics,Laptops,1,37672.51,5,37672.51,13327.4,444.72,SELL032,SELL032,3.9,6
ORD01355,2025-02-20 08:00:00,Delivered,CUST0049,Female,Hyderabad,Telangana,PROD0090,Makeup Product 90,Beauty,Makeup,1,6706.12,0,6706.12,1416.69,239.2,SELL028,SELL028,4.0,6
ORD01356,2025-09-07 05:00:00,Returned,CUST0074,Male,Vadodara,Gujarat,PROD0032,Furniture Product 32,Home & Kitchen,Furniture,1,39313.67,10,39313.67,14673.24,318.39,SELL026,SELL026,4.3,
ORD01356,2025-09-07 05:00:00,Returned,CUST0074,Male,Vadodara,Gujarat,PROD0063,Audio Product 63,Electronics,Audio,1,13150.4,5,13150.4,2549.48,167.95,SELL027,SELL027,3.7,
ORD01356,2025-09-07 05:00:00,Returned,CUST0074,Male,Vadodara,Gujarat,PROD0047,Accessories Product 47,Electronics,Accessories,1,29937.77,0,29937.77,13339.15,407.02,SELL028,SELL028,4.0,
ORD01357,2025-11-17 04:00:00,Delivered,CUST0209,Male,Visakhapatnam,Andhra Pradesh,PROD0054,Audio Product 54,Electronics,Audio,3,33557.04,15,100671.12,24504.93,97.21,SELL035,SELL035,4.6,5
ORD01357,2025-11-17 04:00:00,Delivered,CUST0209,Male,Visakhapatnam,Andhra Pradesh,PROD0042,Education Product 42,Books,Education,2,20311.13,10,40622.26,15733.56,382.83,SELL004,SELL004,3.6,6
ORD01357,2025-11-17 04:00:00,Delivered,CUST0209,Male,Visakhapatnam,Andhra Pradesh,PROD0050,Skincare Product 50,Beauty,Skincare,2,33302.47,0,66604.94,28432.6,473.99,SELL027,SELL027,3.7,7
ORD01358,2025-05-12 21:00:00,Processing,CUST0111,Male,Kozhikode,Kerala,PROD0039,Audio Product 39,Electronics,Audio,2,10278.72,10,20557.44,6029.16,453.49,SELL028,SELL028,4.0,
ORD01359,2025-09-10 14:00:00,Delivered,CUST0150,Female,New Delhi,Delhi,PROD0094,Accessories Product 94,Electronics,Accessories,1,23425.2,0,23425.2,7269.14,261.59,SELL001,SELL001,4.5,9
ORD01359,2025-09-10 14:00:00,Delivered,CUST0150,Female,New Delhi,Delhi,PROD0090,Makeup Product 90,Beauty,Makeup,1,5700.2,15,5700.2,410.77,205.58,SELL037,SELL037,3.6,9
ORD01360,2025-04-15 07:00:00,Delivered,CUST0013,Male,New Delhi,Delhi,PROD0088,Laptops Product 88,Electronics,Laptops,2,39655.27,0,79310.54,30620.32,333.2,SELL010,SELL010,4.2,8
ORD01361,2025-02-02 22:00:00,Processing,CUST0163,Male,Vijayawada,Andhra Pradesh,PROD0051,Men Product 51,Fashion,Men,1,47681.83,0,47681.83,14452.26,96.09,SELL013,SELL013,5.0,
ORD01362,2025-08-07 06:00:00,Delivered,CUST0267,Male,Visakhapatnam,Andhra Pradesh,PROD0020,Education Product 20,Books,Education,2,22992.57,10,45985.14,17631.6,273.46,SELL004,SELL004,3.6,8
ORD01362,2025-08-07 06:00:00,Delivered,CUST0267,Male,Visakhapatnam,Andhra Pradesh,PROD0004,Makeup Product 4,Beauty,Makeup,3,27827.24,0,83481.72,19719.15,414.04,SELL033,SELL033,5.0,3
ORD01363,2025-04-15 06:00:00,Delivered,CUST0105,Female,Hyderabad,Telangana,PROD0066,Haircare Product 66,Beauty,Haircare,3,41611.0,10,124833.0,29099.34,314.47,SELL011,SELL011,3.8,5
ORD01364,2025-12-24 06:00:00,Delivered,CUST0044,Female,Surat,Gujarat,PROD0037,Haircare Product 37,Beauty,Haircare,2,44213.93,5,88427.86,26805.54,41.29,SELL028,SELL028,4.0,10
ORD01365,2025-10-18 22:00:00,Shipped,CUST0144,Male,Kochi,Kerala,PROD0048,Sportswear Product 48,Sports,Sportswear,3,10443.46,15,31330.38,9628.92,205.87,SELL006,SELL006,4.5,
ORD01366,2025-02-09 03:00:00,Processing,CUST0001,Female,Vijayawada,Andhra Pradesh,PROD0068,Appliances Product 68,Home & Kitchen,Appliances,1,16230.27,0,16230.27,6952.75,477.28,SELL004,SELL004,3.6,
ORD01367,2025-05-11 20:00:00,Delivered,CUST0147,Female,Surat,Gujarat,PROD0052,Sportswear Product 52,Sports,Sportswear,2,1261.63,0,2523.26,540.48,352.94,SELL025,SELL025,3.9,10
ORD01368,2025-09-21 20:00:00,Delivered,CUST0141,Female,New Delhi,Delhi,PROD0026,Furniture Product 26,Home & Kitchen,Furniture,1,36128.85,0,36128.85,15831.77,463.42,SELL003,SELL003,4.7,8
ORD01369,2025-08-19 17:00:00,Delivered,CUST0250,Male,New Delhi,Delhi,PROD0060,Kitchen Product 60,Home & Kitchen,Kitchen,1,14355.8,10,14355.8,4247.39,356.14,SELL007,SELL007,4.3,7
ORD01370,2025-02-24 11:00:00,Delivered,CUST0048,Male,Kozhikode,Kerala,PROD0055,Technology Product 55,Books,Technology,1,29930.49,5,29930.49,6039.49,418.5,SELL008,SELL008,3.9,7
ORD01371,2025-12-06 06:00:00,Delivered,CUST0104,Male,Surat,Gujarat,PROD0004,Makeup Product 4,Beauty,Makeup,1,27827.24,0,27827.24,6573.05,197.57,SELL035,SELL035,4.6,2
ORD01371,2025-12-06 06:00:00,Delivered,CUST0104,Male,Surat,Gujarat,PROD0043,Smartphones Product 43,Electronics,Smartphones,1,12982.22,0,12982.22,2915.29,183.76,SELL035,SELL035,4.6,2
ORD01372,2025-10-24 20:00:00,Delivered,CUST0127,Female,New Delhi,Delhi,PROD0052,Sportswear Product 52,Sports,Sportswear,1,1072.39,15,1072.39,81.0,359.19,SELL010,SELL010,4.2,3
ORD01373,2025-08-06 13:00:00,Delivered,CUST0138,Male,Kozhikode,Kerala,PROD0100,Outdoor Product 100,Sports,Outdoor,1,6153.36,5,6153.36,2061.29,126.12,SELL001,SELL001,4.5,7
ORD01373,2025-08-06 13:00:00,Delivered,CUST0138,Male,Kozhikode,Kerala,PROD0026,Furniture Product 26,Home & Kitchen,Furniture,1,32515.97,10,32515.97,12218.89,232.1,SELL030,SELL030,4.3,7
ORD01374,2025-12-30 01:00:00,Delivered,CUST0190,Female,Mysuru,Karnataka,PROD0055,Technology Product 55,Books,Technology,2,29930.49,5,59860.98,12078.98,119.51,SELL001,SELL001,4.5,8
ORD01374,2025-12-30 01:00:00,Delivered,CUST0190,Female,Mysuru,Karnataka,PROD0014,Technology Product 14,Books,Technology,1,41510.88,5,41510.88,13545.32,251.79,SELL001,SELL001,4.5,9
ORD01374,2025-12-30 01:00:00,Delivered,CUST0190,Female,Mysuru,Karnataka,PROD0031,Sportswear Product 31,Sports,Sportswear,1,18970.54,10,18970.54,6455.13,135.17,SELL001,SELL001,4.5,10
ORD01375,2025-09-01 15:00:00,Delivered,CUST0248,Male,Mumbai,Maharashtra,PROD0098,Appliances Product 98,Home & Kitchen,Appliances,1,47387.29,0,47387.29,14685.21,355.85,SELL033,SELL033,5.0,5
ORD01376,2025-01-05 14:00:00,Processing,CUST0032,Female,Vijayawada,Andhra Pradesh,PROD0036,Skincare Product 36,Beauty,Skincare,1,42600.65,10,42600.65,13729.23,259.76,SELL010,SELL010,4.2,
ORD01377,2025-12-04 15:00:00,Shipped,CUST0179,Male,Mysuru,Karnataka,PROD0097,Women Product 97,Fashion,Women,2,7477.07,10,14954.14,1622.04,454.55,SELL040,SELL040,4.9,
ORD01378,2025-07-12 11:00:00,Delivered,CUST0056,Male,Nizamabad,Telangana,PROD0059,Accessories Product 59,Electronics,Accessories,1,1880.95,10,1880.95,617.73,370.01,SELL027,SELL027,3.7,4
ORD01379,2025-05-28 08:00:00,Delivered,CUST0100,Female,New Delhi,Delhi,PROD0037,Haircare Product 37,Beauty,Haircare,4,44213.93,5,176855.72,53611.08,364.94,SELL009,SELL009,4.2,5
ORD01380,2025-02-15 18:00:00,Delivered,CUST0066,Other,Nagpur,Maharashtra,PROD0059,Accessories Product 59,Electronics,Accessories,2,1985.44,5,3970.88,1444.44,144.33,SELL024,SELL024,4.4,7
ORD01380,2025-02-15 18:00:00,Delivered,CUST0066,Other,Nagpur,Maharashtra,PROD0003,Smartphones Product 3,Electronics,Smartphones,2,30846.67,0,61693.34,19315.68,400.64,SELL004,SELL004,3.6,5
ORD01381,2025-01-23 02:00:00,Delivered,CUST0050,Male,Surat,Gujarat,PROD0065,Haircare Product 65,Beauty,Haircare,1,48692.75,0,48692.75,15388.13,298.76,SELL003,SELL003,4.7,8
ORD01382,2025-10-12 06:00:00,Delivered,CUST0234,Male,Madurai,Tamil Nadu,PROD0063,Audio Product 63,Electronics,Audio,1,13842.53,0,13842.53,3241.61,298.11,SELL006,SELL006,4.5,2
ORD01383,2025-07-31 20:00:00,Delivered,CUST0259,Female,Kozhikode,Kerala,PROD0003,Smartphones Product 3,Electronics,Smartphones,3,26219.67,15,78659.01,15092.52,355.56,SELL006,SELL006,4.5,3
ORD01383,2025-07-31 20:00:00,Delivered,CUST0259,Female,Kozhikode,Kerala,PROD0027,Women Product 27,Fashion,Women,1,48487.03,0,48487.03,13825.55,273.67,SELL027,SELL027,3.7,6
ORD01384,2025-09-13 21:00:00,Delivered,CUST0086,Female,Hyderabad,Telangana,PROD0095,Furniture Product 95,Home & Kitchen,Furniture,1,36524.78,5,36524.78,14039.4,53.33,SELL010,SELL010,4.2,3
ORD01384,2025-09-13 21:00:00,Delivered,CUST0086,Female,Hyderabad,Telangana,PROD0087,Furniture Product 87,Home & Kitchen,Furniture,2,37749.58,5,75499.16,20872.42,38.21,SELL020,SELL020,4.6,4
ORD01385,2025-03-15 15:00:00,Processing,CUST0107,Female,Mysuru,Karnataka,PROD0083,Skincare Product 83,Beauty,Skincare,4,6351.21,0,25404.84,5582.4,227.78,SELL013,SELL013,5.0,
ORD01385,2025-03-15 15:00:00,Processing,CUST0107,Female,Mysuru,Karnataka,PROD0090,Makeup Product 90,Beauty,Makeup,1,6035.51,10,6035.51,746.08,421.32,SELL014,SELL014,4.3,
ORD01386,2025-10-29 01:00:00,Delivered,CUST0020,Female,Nagpur,Maharashtra,PROD0067,Accessories Product 67,Electronics,Accessories,2,3550.13,15,7100.26,1147.22,175.57,SELL008,SELL008,3.9,9
ORD01387,2025-09-27 20:00:00,Returned,CUST0089,Male,Vadodara,Gujarat,PROD0043,Smartphones Product 43,Electronics,Smartphones,2,11684.0,10,23368.0,3234.14,114.46,SELL035,SELL035,4.6,
ORD01388,2025-11-21 14:00:00,Delivered,CUST0113,Male,Vijayawada,Andhra Pradesh,PROD0069,Education Product 69,Books,Education,1,13173.44,15,13173.44,2127.77,95.96,SELL002,SELL002,4.5,2
ORD01389,2025-06-05 14:00:00,Processing,CUST0293,Female,Visakhapatnam,Andhra Pradesh,PROD0045,Women Product 45,Fashion,Women,1,12947.43,15,12947.43,4373.3,499.0,SELL015,SELL015,3.9,
ORD01389,2025-06-05 14:00:00,Processing,CUST0293,Female,Visakhapatnam,Andhra Pradesh,PROD0092,Makeup Product 92,Beauty,Makeup,3,18618.35,10,55855.05,14860.71,475.03,SELL003,SELL003,4.7,
ORD01390,2025-11-10 13:00:00,Delivered,CUST0005,Male,Ahmedabad,Gujarat,PROD0018,Women Product 18,Fashion,Women,1,26870.63,20,26870.63,879.38,381.09,SELL007,SELL007,4.3,8
ORD01391,2025-11-28 00:00:00,Delivered,CUST0183,Male,Vadodara,Gujarat,PROD0089,Skincare Product 89,Beauty,Skincare,1,17294.37,5,17294.37,4468.96,438.77,SELL007,SELL007,4.3,8
ORD01392,2025-05-01 13:00:00,Delivered,CUST0210,Female,Warangal,Telangana,PROD0094,Accessories Product 94,Electronics,Accessories,2,21082.68,10,42165.36,9853.24,105.89,SELL026,SELL026,4.3,3
ORD01393,2025-08-11 14:00:00,Delivered,CUST0222,Female,New Delhi,Delhi,PROD0025,Women Product 25,Fashion,Women,1,28464.86,5,28464.86,10737.3,414.0,SELL026,SELL026,4.3,10
ORD01393,2025-08-11 14:00:00,Delivered,CUST0222,Female,New Delhi,Delhi,PROD0058,Education Product 58,Books,Education,1,26927.03,15,26927.03,2562.68,313.05,SELL011,SELL011,3.8,7
ORD01394,2025-10-25 18:00:00,Delivered,CUST0150,Female,New Delhi,Delhi,PROD0044,Sportswear Product 44,Sports,Sportswear,1,29014.69,5,29014.69,8726.43,233.9,SELL040,SELL040,4.9,5
ORD01395,2025-06-01 00:00:00,Delivered,CUST0195,Male,Bengaluru,Karnataka,PROD0069,Education Product 69,Books,Education,3,13173.44,15,39520.32,6383.31,472.36,SELL002,SELL002,4.5,8
ORD01395,2025-06-01 00:00:00,Delivered,CUST0195,Male,Bengaluru,Karnataka,PROD0004,Makeup Product 4,Beauty,Makeup,1,26435.88,5,26435.88,5181.69,449.21,SELL019,SELL019,4.9,2
ORD01395,2025-06-01 00:00:00,Delivered,CUST0195,Male,Bengaluru,Karnataka,PROD0041,Accessories Product 41,Fashion,Accessories,1,33135.6,5,33135.6,12644.75,118.58,SELL025,SELL025,3.9,10
ORD01396,2025-07-22 11:00:00,Shipped,CUST0181,Male,Thrissur,Kerala,PROD0040,Audio Product 40,Electronics,Audio,1,39621.19,0,39621.19,16357.53,336.2,SELL034,SELL034,4.7,
ORD01397,2025-11-01 22:00:00,Delivered,CUST0139,Female,Nagpur,Maharashtra,PROD0063,Audio Product 63,Electronics,Audio,4,12458.28,10,49833.12,7429.44,332.0,SELL030,SELL030,4.3,9
ORD01397,2025-11-01 22:00:00,Delivered,CUST0139,Female,Nagpur,Maharashtra,PROD0045,Women Product 45,Fashion,Women,1,15232.27,0,15232.27,6658.14,77.79,SELL010,SELL010,4.2,10
ORD01398,2025-11-17 01:00:00,Delivered,CUST0201,Female,Mysuru,Karnataka,PROD0085,Audio Product 85,Electronics,Audio,1,26780.02,20,26780.02,1955.74,106.16,SELL039,SELL039,4.8,2
ORD01399,2025-01-09 12:00:00,Delivered,CUST0288,Female,Warangal,Telangana,PROD0026,Furniture Product 26,Home & Kitchen,Furniture,3,30709.52,15,92128.56,31237.32,399.18,SELL002,SELL002,4.5,9
ORD01400,2025-08-20 11:00:00,Delivered,CUST0294,Male,New Delhi,Delhi,PROD0004,Makeup Product 4,Beauty,Makeup,1,25044.52,10,25044.52,3790.33,73.25,SELL021,SELL021,4.2,4
ORD01401,2025-12-14 15:00:00,Delivered,CUST0209,Male,Visakhapatnam,Andhra Pradesh,PROD0027,Women Product 27,Fashion,Women,1,48487.03,0,48487.03,13825.55,205.16,SELL024,SELL024,4.4,2
ORD01402,2025-07-14 20:00:00,Delivered,CUST0144,Male,Kochi,Kerala,PROD0046,Makeup Product 46,Beauty,Makeup,2,33784.51,15,67569.02,14036.82,268.14,SELL013,SELL013,5.0,4
ORD01402,2025-07-14 20:00:00,Delivered,CUST0144,Male,Kochi,Kerala,PROD0066,Haircare Product 66,Beauty,Haircare,1,39299.28,15,39299.28,7388.06,340.83,SELL019,SELL019,4.9,2
ORD01403,2025-09-11 06:00:00,Delivered,CUST0214,Male,Kozhikode,Kerala,PROD0020,Education Product 20,Books,Education,2,21715.2,15,43430.4,15076.86,252.2,SELL002,SELL002,4.5,5
ORD01404,2025-03-23 20:00:00,Delivered,CUST0125,Male,New Delhi,Delhi,PROD0084,Skincare Product 84,Beauty,Skincare,1,38215.39,15,38215.39,8084.58,372.54,SELL017,SELL017,3.6,5
ORD01405,2025-01-13 23:00:00,Shipped,CUST0183,Male,Vadodara,Gujarat,PROD0005,Accessories Product 5,Electronics,Accessories,1,45475.24,0,45475.24,13444.88,416.68,SELL018,SELL018,4.1,
ORD01405,2025-01-13 23:00:00,Shipped,CUST0183,Male,Vadodara,Gujarat,PROD0077,Haircare Product 77,Beauty,Haircare,1,18757.67,0,18757.67,4576.26,461.35,SELL004,SELL004,3.6,
ORD01405,2025-01-13 23:00:00,Shipped,CUST0183,Male,Vadodara,Gujarat,PROD0023,Audio Product 23,Electronics,Audio,2,40147.29,5,80294.58,31500.14,357.56,SELL039,SELL039,4.8,
ORD01405,2025-01-13 23:00:00,Shipped,CUST0183,Male,Vadodara,Gujarat,PROD0069,Education Product 69,Books,Education,1,13948.35,10,13948.35,2902.68,456.28,SELL029,SELL029,3.6,
ORD01406,2025-05-04 17:00:00,Processing,CUST0003,Male,Ahmedabad,Gujarat,PROD0045,Women Product 45,Fashion,Women,1,13709.04,10,13709.04,5134.91,353.89,SELL008,SELL008,3.9,
ORD01407,2025-02-18 09:00:00,Delivered,CUST0288,Female,Warangal,Telangana,PROD0077,Haircare Product 77,Beauty,Haircare,2,16881.9,10,33763.8,5400.98,321.61,SELL015,SELL015,3.9,10
ORD01407,2025-02-18 09:00:00,Delivered,CUST0288,Female,Warangal,Telangana,PROD0034,Fitness Product 34,Sports,Fitness,1,12988.69,10,12988.69,2077.59,370.7,SELL022,SELL022,3.5,10
ORD01407,2025-02-18 09:00:00,Delivered,CUST0288,Female,Warangal,Telangana,PROD0099,Men Product 99,Fashion,Men,1,12717.61,0,12717.61,3542.29,195.72,SELL007,SELL007,4.3,3
ORD01408,2025-07-25 11:00:00,Delivered,CUST0086,Female,Hyderabad,Telangana,PROD0087,Furniture Product 87,Home & Kitchen,Furniture,3,33775.94,15,101327.82,19387.71,191.65,SELL025,SELL025,3.9,3
ORD01409,2025-10-11 22:00:00,Delivered,CUST0099,Male,Kozhikode,Kerala,PROD0081,Fitness Product 81,Sports,Fitness,3,11946.05,10,35838.15,11138.58,417.18,SELL028,SELL028,4.0,4
ORD01410,2025-12-07 09:00:00,Delivered,CUST0245,Female,Chennai,Tamil Nadu,PROD0059,Accessories Product 59,Electronics,Accessories,3,1985.44,5,5956.32,2166.66,252.74,SELL003,SELL003,4.7,2
ORD01411,2025-05-09 12:00:00,Delivered,CUST0227,Male,Mumbai,Maharashtra,PROD0061,Makeup Product 61,Beauty,Makeup,3,21421.48,10,64264.44,24285.72,388.37,SELL024,SELL024,4.4,8
ORD01412,2025-02-21 05:00:00,Delivered,CUST0132,Female,Warangal,Telangana,PROD0084,Skincare Product 84,Beauty,Skincare,1,44959.28,0,44959.28,14828.47,322.08,SELL029,SELL029,3.6,8
ORD01413,2025-01-11 07:00:00,Processing,CUST0124,Male,Pune,Maharashtra,PROD0064,Haircare Product 64,Beauty,Haircare,1,37229.56,0,37229.56,7760.42,185.07,SELL004,SELL004,3.6,
ORD01414,2025-08-14 07:00:00,Delivered,CUST0215,Female,Warangal,Telangana,PROD0036,Skincare Product 36,Beauty,Skincare,3,44967.36,5,134902.08,48287.82,48.08,SELL034,SELL034,4.7,9
ORD01414,2025-08-14 07:00:00,Delivered,CUST0215,Female,Warangal,Telangana,PROD0030,Haircare Product 30,Beauty,Haircare,1,32750.13,15,32750.13,3464.05,339.06,SELL033,SELL033,5.0,8
ORD01415,2025-06-02 11:00:00,Delivered,CUST0206,Female,Surat,Gujarat,PROD0031,Sportswear Product 31,Sports,Sportswear,1,20024.46,5,20024.46,7509.05,390.54,SELL016,SELL016,4.2,5
ORD01415,2025-06-02 11:00:00,Delivered,CUST0206,Female,Surat,Gujarat,PROD0014,Technology Product 14,Books,Technology,1,43695.66,0,43695.66,15730.1,316.53,SELL029,SELL029,3.6,9
ORD01416,2025-04-10 02:00:00,Delivered,CUST0133,Female,Chennai,Tamil Nadu,PROD0079,Education Product 79,Books,Education,1,11401.36,10,11401.36,4045.82,446.7,SELL024,SELL024,4.4,4
ORD01417,2025-09-05 15:00:00,Delivered,CUST0300,Male,Kozhikode,Kerala,PROD0088,Laptops Product 88,Electronics,Laptops,1,35689.74,10,35689.74,11344.63,249.82,SELL038,SELL038,4.3,2
ORD01418,2025-02-02 14:00:00,Delivered,CUST0174,Male,Kochi,Kerala,PROD0088,Laptops Product 88,Electronics,Laptops,1,39655.27,0,39655.27,15310.16,266.61,SELL040,SELL040,4.9,5
ORD01419,2025-05-07 12:00:00,Delivered,CUST0282,Male,Mumbai,Maharashtra,PROD0059,Accessories Product 59,Electronics,Accessories,2,2089.94,0,4179.88,1653.44,42.65,SELL028,SELL028,4.0,9
ORD01420,2025-11-26 09:00:00,Delivered,CUST0227,Male,Mumbai,Maharashtra,PROD0048,Sportswear Product 48,Sports,Sportswear,1,12286.42,0,12286.42,5052.6,34.87,SELL004,SELL004,3.6,5
ORD01420,2025-11-26 09:00:00,Delivered,CUST0227,Male,Mumbai,Maharashtra,PROD0026,Furniture Product 26,Home & Kitchen,Furniture,1,32515.97,10,32515.97,12218.89,207.32,SELL012,SELL012,4.8,6
ORD01421,2025-06-08 20:00:00,Delivered,CUST0110,Female,Mumbai,Maharashtra,PROD0058,Education Product 58,Books,Education,1,28510.97,10,28510.97,4146.62,52.34,SELL026,SELL026,4.3,6
ORD01422,2025-05-20 13:00:00,Delivered,CUST0106,Female,Kochi,Kerala,PROD0069,Education Product 69,Books,Education,1,14723.26,5,14723.26,3677.59,267.34,SELL010,SELL010,4.2,10
ORD01423,2025-12-07 04:00:00,Delivered,CUST0282,Male,Mumbai,Maharashtra,PROD0032,Furniture Product 32,Home & Kitchen,Furniture,1,43681.85,0,43681.85,19041.42,286.38,SELL016,SELL016,4.2,5
ORD01424,2025-07-05 07:00:00,Delivered,CUST0087,Male,Mumbai,Maharashtra,PROD0010,Fitness Product 10,Sports,Fitness,1,16518.53,10,16518.53,1874.98,329.47,SELL025,SELL025,3.9,8
ORD01424,2025-07-05 07:00:00,Delivered,CUST0087,Male,Mumbai,Maharashtra,PROD0097,Women Product 97,Fashion,Women,1,8307.86,0,8307.86,1641.81,282.61,SELL015,SELL015,3.9,7
ORD01425,2025-07-14 19:00:00,Delivered,CUST0126,Male,Visakhapatnam,Andhra Pradesh,PROD0063,Audio Product 63,Electronics,Audio,1,13842.53,0,13842.53,3241.61,40.87,SELL028,SELL028,4.0,8
ORD01426,2025-01-05 14:00:00,Delivered,CUST0243,Male,Tirupati,Andhra Pradesh,PROD0004,Makeup Product 4,Beauty,Makeup,2,27827.24,0,55654.48,13146.1,114.74,SELL035,SELL035,4.6,9
ORD01426,2025-01-05 14:00:00,Delivered,CUST0243,Male,Tirupati,Andhra Pradesh,PROD0084,Skincare Product 84,Beauty,Skincare,1,42711.32,5,42711.32,12580.51,389.43,SELL030,SELL030,4.3,2
ORD01427,2025-07-05 08:00:00,Cancelled,CUST0156,Male,New Delhi,Delhi,PROD0045,Women Product 45,Fashion,Women,1,15232.27,0,15232.27,6658.14,117.45,SELL022,SELL022,3.5,
ORD01428,2025-09-14 13:00:00,Delivered,CUST0257,Male,Bengaluru,Karnataka,PROD0014,Technology Product 14,Books,Technology,2,39326.09,10,78652.18,22721.06,209.39,SELL009,SELL009,4.2,9
ORD01429,2025-09-11 06:00:00,Delivered,CUST0187,Male,Kochi,Kerala,PROD0096,Fitness Product 96,Sports,Fitness,2,41611.69,0,83223.38,25808.6,372.84,SELL019,SELL019,4.9,3
ORD01430,2025-02-05 09:00:00,Delivered,CUST0195,Male,Bengaluru,Karnataka,PROD0027,Women Product 27,Fashion,Women,1,38789.62,20,38789.62,4128.14,81.91,SELL014,SELL014,4.3,2
ORD01431,2025-11-17 21:00:00,Delivered,CUST0090,Male,Ahmedabad,Gujarat,PROD0051,Men Product 51,Fashion,Men,2,47681.83,0,95363.66,28904.52,463.85,SELL035,SELL035,4.6,7
ORD01432,2025-10-03 18:00:00,Delivered,CUST0194,Male,Kozhikode,Kerala,PROD0049,Skincare Product 49,Beauty,Skincare,1,24669.42,20,24669.42,5706.27,31.41,SELL036,SELL036,4.3,8
ORD01433,2025-04-27 22:00:00,Shipped,CUST0206,Female,Surat,Gujarat,PROD0019,Technology Product 19,Books,Technology,1,41079.86,10,41079.86,14823.79,256.8,SELL039,SELL039,4.8,
ORD01434,2025-05-16 01:00:00,Delivered,CUST0023,Male,Mangaluru,Karnataka,PROD0070,Skincare Product 70,Beauty,Skincare,1,32837.51,5,32837.51,10545.41,161.96,SELL029,SELL029,3.6,7
ORD01435,2025-12-23 18:00:00,Shipped,CUST0229,Female,Madurai,Tamil Nadu,PROD0062,Fiction Product 62,Books,Fiction,1,13035.62,10,13035.62,1697.86,423.16,SELL029,SELL029,3.6,
ORD01435,2025-12-23 18:00:00,Shipped,CUST0229,Female,Madurai,Tamil Nadu,PROD0043,Smartphones Product 43,Electronics,Smartphones,2,11034.89,15,22069.78,1935.92,254.22,SELL034,SELL034,4.7,
ORD01436,2025-03-24 04:00:00,Delivered,CUST0162,Male,Hyderabad,Telangana,PROD0043,Smartphones Product 43,Electronics,Smartphones,1,12982.22,0,12982.22,2915.29,321.31,SELL023,SELL023,4.2,9
ORD01436,2025-03-24 04:00:00,Delivered,CUST0162,Male,Hyderabad,Telangana,PROD0054,Audio Product 54,Electronics,Audio,4,33557.04,15,134228.16,32673.24,34.42,SELL007,SELL007,4.3,6
ORD01437,2025-05-05 03:00:00,Returned,CUST0209,Male,Visakhapatnam,Andhra Pradesh,PROD0047,Accessories Product 47,Electronics,Accessories,1,29937.77,0,29937.77,13339.15,437.36,SELL023,SELL023,4.2,
ORD01438,2025-09-07 17:00:00,Delivered,CUST0112,Male,Mumbai,Maharashtra,PROD0089,Skincare Product 89,Beauty,Skincare,1,15473.91,15,15473.91,2648.5,55.17,SELL038,SELL038,4.3,5
ORD01439,2025-02-28 06:00:00,Delivered,CUST0025,Female,Nizamabad,Telangana,PROD0045,Women Product 45,Fashion,Women,1,15232.27,0,15232.27,6658.14,492.32,SELL011,SELL011,3.8,8
ORD01439,2025-02-28 06:00:00,Delivered,CUST0025,Female,Nizamabad,Telangana,PROD0025,Women Product 25,Fashion,Women,1,29963.01,0,29963.01,12235.45,423.66,SELL013,SELL013,5.0,9
ORD01439,2025-02-28 06:00:00,Delivered,CUST0025,Female,Nizamabad,Telangana,PROD0088,Laptops Product 88,Electronics,Laptops,1,33706.98,15,33706.98,9361.87,184.83,SELL005,SELL005,3.8,9
ORD01439,2025-02-28 06:00:00,Delivered,CUST0025,Female,Nizamabad,Telangana,PROD0090,Makeup Product 90,Beauty,Makeup,1,5700.2,15,5700.2,410.77,175.92,SELL038,SELL038,4.3,2
ORD01440,2025-06-01 11:00:00,Delivered,CUST0183,Male,Vadodara,Gujarat,PROD0031,Sportswear Product 31,Sports,Sportswear,3,20024.46,5,60073.38,22527.15,420.51,SELL039,SELL039,4.8,7
ORD01440,2025-06-01 11:00:00,Delivered,CUST0183,Male,Vadodara,Gujarat,PROD0088,Laptops Product 88,Electronics,Laptops,1,39655.27,0,39655.27,15310.16,374.28,SELL010,SELL010,4.2,6
ORD01441,2025-08-13 08:00:00,Delivered,CUST0055,Female,Kozhikode,Kerala,PROD0009,Decor Product 9,Home & Kitchen,Decor,2,42118.82,15,84237.64,15708.0,452.07,SELL017,SELL017,3.6,8
ORD01442,2025-07-27 01:00:00,Delivered,CUST0097,Male,Mumbai,Maharashtra,PROD0046,Makeup Product 46,Beauty,Makeup,1,39746.48,0,39746.48,12980.38,393.1,SELL017,SELL017,3.6,9
ORD01443,2025-11-05 07:00:00,Delivered,CUST0027,Female,Nizamabad,Telangana,PROD0085,Audio Product 85,Electronics,Audio,2,30127.53,10,60255.06,10606.5,335.79,SELL022,SELL022,3.5,5
ORD01444,2025-08-26 04:00:00,Delivered,CUST0276,Female,Tirupati,Andhra Pradesh,PROD0079,Education Product 79,Books,Education,1,11401.36,10,11401.36,4045.82,449.26,SELL007,SELL007,4.3,5
ORD01444,2025-08-26 04:00:00,Delivered,CUST0276,Female,Tirupati,Andhra Pradesh,PROD0078,Fitness Product 78,Sports,Fitness,2,23931.57,10,47863.14,12898.1,73.69,SELL022,SELL022,3.5,3
ORD01444,2025-08-26 04:00:00,Delivered,CUST0276,Female,Tirupati,Andhra Pradesh,PROD0023,Audio Product 23,Electronics,Audio,1,42260.31,0,42260.31,17863.09,126.91,SELL026,SELL026,4.3,8
ORD01444,2025-08-26 04:00:00,Delivered,CUST0276,Female,Tirupati,Andhra Pradesh,PROD0090,Makeup Product 90,Beauty,Makeup,1,5700.2,15,5700.2,410.77,242.83,SELL040,SELL040,4.9,6
ORD01445,2025-01-06 22:00:00,Processing,CUST0151,Female,New Delhi,Delhi,PROD0095,Furniture Product 95,Home & Kitchen,Furniture,1,34602.43,10,34602.43,12117.05,443.39,SELL018,SELL018,4.1,
ORD01446,2025-04-05 23:00:00,Delivered,CUST0126,Male,Visakhapatnam,Andhra Pradesh,PROD0070,Skincare Product 70,Beauty,Skincare,1,34565.8,0,34565.8,12273.7,156.17,SELL007,SELL007,4.3,2
ORD01447,2025-03-21 21:00:00,Returned,CUST0139,Female,Nagpur,Maharashtra,PROD0097,Women Product 97,Fashion,Women,1,7477.07,10,7477.07,811.02,236.43,SELL024,SELL024,4.4,
ORD01448,2025-03-02 21:00:00,Delivered,CUST0047,Male,Ahmedabad,Gujarat,PROD0036,Skincare Product 36,Beauty,Skincare,1,44967.36,5,44967.36,16095.94,78.43,SELL001,SELL001,4.5,7
ORD01449,2025-08-28 01:00:00,Delivered,CUST0099,Male,Kozhikode,Kerala,PROD0012,Audio Product 12,Electronics,Audio,1,2999.74,15,2999.74,968.68,114.17,SELL040,SELL040,4.9,6
ORD01449,2025-08-28 01:00:00,Delivered,CUST0099,Male,Kozhikode,Kerala,PROD0088,Laptops Product 88,Electronics,Laptops,2,33706.98,15,67413.96,18723.74,63.18,SELL005,SELL005,3.8,8
ORD01450,2025-10-23 18:00:00,Returned,CUST0093,Male,Nagpur,Maharashtra,PROD0049,Skincare Product 49,Beauty,Skincare,1,27753.1,10,27753.1,8789.95,499.52,SELL025,SELL025,3.9,
ORD01451,2025-06-27 07:00:00,Delivered,CUST0292,Male,Vijayawada,Andhra Pradesh,PROD0009,Decor Product 9,Home & Kitchen,Decor,2,49551.55,0,99103.1,30573.46,348.1,SELL035,SELL035,4.6,10
ORD01452,2025-03-06 08:00:00,Delivered,CUST0157,Female,Mumbai,Maharashtra,PROD0087,Furniture Product 87,Home & Kitchen,Furniture,1,39736.4,0,39736.4,12423.03,222.75,SELL012,SELL012,4.8,10
ORD01453,2025-05-12 06:00:00,Delivered,CUST0122,Female,Vadodara,Gujarat,PROD0056,Education Product 56,Books,Education,1,6887.13,0,6887.13,2444.1,234.29,SELL040,SELL040,4.9,9
ORD01454,2025-05-26 07:00:00,Delivered,CUST0090,Male,Ahmedabad,Gujarat,PROD0071,Audio Product 71,Electronics,Audio,1,30838.86,0,30838.86,10255.96,415.96,SELL002,SELL002,4.5,5
ORD01454,2025-05-26 07:00:00,Delivered,CUST0090,Male,Ahmedabad,Gujarat,PROD0043,Smartphones Product 43,Electronics,Smartphones,1,12982.22,0,12982.22,2915.29,487.82,SELL002,SELL002,4.5,2
ORD01454,2025-05-26 07:00:00,Delivered,CUST0090,Male,Ahmedabad,Gujarat,PROD0044,Sportswear Product 44,Sports,Sportswear,1,25960.51,15,25960.51,5672.25,409.27,SELL036,SELL036,4.3,7
ORD01455,2025-05-08 18:00:00,Delivered,CUST0005,Male,Ahmedabad,Gujarat,PROD0042,Education Product 42,Books,Education,1,22567.92,0,22567.92,10123.57,435.09,SELL014,SELL014,4.3,10
ORD01456,2025-04-14 00:00:00,Delivered,CUST0268,Female,Warangal,Telangana,PROD0071,Audio Product 71,Electronics,Audio,3,30838.86,0,92516.58,30767.88,159.14,SELL033,SELL033,5.0,10
ORD01457,2025-12-08 12:00:00,Delivered,CUST0206,Female,Surat,Gujarat,PROD0075,Laptops Product 75,Electronics,Laptops,1,37032.08,5,37032.08,11736.88,80.05,SELL017,SELL017,3.6,8
ORD01458,2025-08-10 18:00:00,Delivered,CUST0012,Male,Surat,Gujarat,PROD0011,Haircare Product 11,Beauty,Haircare,2,38779.62,0,77559.24,20684.86,477.16,SELL014,SELL014,4.3,10
ORD01458,2025-08-10 18:00:00,Delivered,CUST0012,Male,Surat,Gujarat,PROD0004,Makeup Product 4,Beauty,Makeup,1,26435.88,5,26435.88,5181.69,419.76,SELL029,SELL029,3.6,3
ORD01458,2025-08-10 18:00:00,Delivered,CUST0012,Male,Surat,Gujarat,PROD0098,Appliances Product 98,Home & Kitchen,Appliances,1,47387.29,0,47387.29,14685.21,336.73,SELL027,SELL027,3.7,2
ORD01459,2025-01-11 21:00:00,Delivered,CUST0217,Male,Vadodara,Gujarat,PROD0093,Fitness Product 93,Sports,Fitness,1,5836.51,10,5836.51,1714.65,485.74,SELL012,SELL012,4.8,4
ORD01460,2025-10-22 16:00:00,Delivered,CUST0223,Male,Mangaluru,Karnataka,PROD0098,Appliances Product 98,Home & Kitchen,Appliances,1,42648.56,10,42648.56,9946.48,222.01,SELL002,SELL002,4.5,7
ORD01461,2025-09-06 10:00:00,Delivered,CUST0118,Female,Surat,Gujarat,PROD0023,Audio Product 23,Electronics,Audio,1,38034.28,10,38034.28,13637.06,306.28,SELL005,SELL005,3.8,5
ORD01461,2025-09-06 10:00:00,Delivered,CUST0118,Female,Surat,Gujarat,PROD0072,Fiction Product 72,Books,Fiction,2,3983.3,0,7966.6,2213.7,480.71,SELL022,SELL022,3.5,3
ORD01461,2025-09-06 10:00:00,Delivered,CUST0118,Female,Surat,Gujarat,PROD0056,Education Product 56,Books,Education,1,5509.7,20,5509.7,1066.67,350.77,SELL009,SELL009,4.2,4
ORD01462,2025-03-30 12:00:00,Processing,CUST0220,Male,Surat,Gujarat,PROD0053,Accessories Product 53,Electronics,Accessories,1,49056.71,0,49056.71,18715.84,144.91,SELL016,SELL016,4.2,
ORD01463,2025-12-10 12:00:00,Delivered,CUST0027,Female,Nizamabad,Telangana,PROD0011,Haircare Product 11,Beauty,Haircare,2,38779.62,0,77559.24,20684.86,288.16,SELL006,SELL006,4.5,4
ORD01463,2025-12-10 12:00:00,Delivered,CUST0027,Female,Nizamabad,Telangana,PROD0003,Smartphones Product 3,Electronics,Smartphones,1,30846.67,0,30846.67,9657.84,409.06,SELL025,SELL025,3.9,8
ORD01464,2025-03-17 22:00:00,Delivered,CUST0189,Female,Nizamabad,Telangana,PROD0028,Education Product 28,Books,Education,1,11891.65,0,11891.65,4583.33,474.32,SELL025,SELL025,3.9,8
ORD01465,2025-11-18 19:00:00,Delivered,CUST0109,Female,Kochi,Kerala,PROD0092,Makeup Product 92,Beauty,Makeup,1,20687.06,0,20687.06,7022.28,482.61,SELL015,SELL015,3.9,4
ORD01465,2025-11-18 19:00:00,Delivered,CUST0109,Female,Kochi,Kerala,PROD0032,Furniture Product 32,Home & Kitchen,Furniture,1,41497.76,5,41497.76,16857.33,228.19,SELL013,SELL013,5.0,7
ORD01466,2025-08-18 07:00:00,Shipped,CUST0025,Female,Nizamabad,Telangana,PROD0060,Kitchen Product 60,Home & Kitchen,Kitchen,2,13558.26,15,27116.52,6899.7,212.42,SELL012,SELL012,4.8,
ORD01466,2025-08-18 07:00:00,Shipped,CUST0025,Female,Nizamabad,Telangana,PROD0055,Technology Product 55,Books,Technology,1,31505.78,0,31505.78,7614.78,49.34,SELL026,SELL026,4.3,
ORD01467,2025-09-11 08:00:00,Shipped,CUST0251,Male,Vadodara,Gujarat,PROD0088,Laptops Product 88,Electronics,Laptops,2,33706.98,15,67413.96,18723.74,424.48,SELL019,SELL019,4.9,
ORD01468,2025-08-24 08:00:00,Processing,CUST0229,Female,Madurai,Tamil Nadu,PROD0061,Makeup Product 61,Beauty,Makeup,1,22611.56,5,22611.56,9285.32,41.76,SELL030,SELL030,4.3,
ORD01468,2025-08-24 08:00:00,Processing,CUST0229,Female,Madurai,Tamil Nadu,PROD0050,Skincare Product 50,Beauty,Skincare,1,28307.1,15,28307.1,9220.93,227.99,SELL010,SELL010,4.2,
ORD01469,2025-02-15 02:00:00,Delivered,CUST0153,Female,Tirupati,Andhra Pradesh,PROD0008,Men Product 8,Fashion,Men,1,25351.31,0,25351.31,10226.95,367.28,SELL038,SELL038,4.3,6
ORD01469,2025-02-15 02:00:00,Delivered,CUST0153,Female,Tirupati,Andhra Pradesh,PROD0080,Fiction Product 80,Books,Fiction,2,22569.7,10,45139.4,12313.7,404.27,SELL037,SELL037,3.6,9
ORD01470,2025-05-15 10:00:00,Delivered,CUST0149,Male,Visakhapatnam,Andhra Pradesh,PROD0055,Technology Product 55,Books,Technology,1,25204.62,20,25204.62,1313.62,459.48,SELL024,SELL024,4.4,10
ORD01471,2025-01-19 08:00:00,Delivered,CUST0007,Male,Coimbatore,Tamil Nadu,PROD0008,Men Product 8,Fashion,Men,2,24083.74,5,48167.48,17918.76,384.13,SELL016,SELL016,4.2,2
ORD01472,2025-10-30 23:00:00,Delivered,CUST0291,Female,Kozhikode,Kerala,PROD0088,Laptops Product 88,Electronics,Laptops,1,35689.74,10,35689.74,11344.63,240.48,SELL021,SELL021,4.2,2
ORD01473,2025-08-18 13:00:00,Processing,CUST0241,Male,Tirupati,Andhra Pradesh,PROD0063,Audio Product 63,Electronics,Audio,1,13150.4,5,13150.4,2549.48,304.27,SELL001,SELL001,4.5,
ORD01474,2025-03-17 22:00:00,Delivered,CUST0281,Male,New Delhi,Delhi,PROD0044,Sportswear Product 44,Sports,Sportswear,1,30541.78,0,30541.78,10253.52,331.69,SELL039,SELL039,4.8,7
ORD01475,2025-04-03 18:00:00,Delivered,CUST0002,Male,Mangaluru,Karnataka,PROD0041,Accessories Product 41,Fashion,Accessories,2,31391.62,10,62783.24,21801.54,228.5,SELL031,SELL031,3.6,10
ORD01475,2025-04-03 18:00:00,Delivered,CUST0002,Male,Mangaluru,Karnataka,PROD0036,Skincare Product 36,Beauty,Skincare,1,47334.06,0,47334.06,18462.64,61.6,SELL010,SELL010,4.2,2
ORD01476,2025-06-07 14:00:00,Processing,CUST0249,Female,Warangal,Telangana,PROD0059,Accessories Product 59,Electronics,Accessories,1,2089.94,0,2089.94,826.72,170.64,SELL033,SELL033,5.0,
ORD01477,2025-02-22 00:00:00,Cancelled,CUST0145,Female,Nagpur,Maharashtra,PROD0029,Skincare Product 29,Beauty,Skincare,2,14840.07,20,29680.14,-212.4,282.52,SELL015,SELL015,3.9,
ORD01477,2025-02-22 00:00:00,Cancelled,CUST0145,Female,Nagpur,Maharashtra,PROD0065,Haircare Product 65,Beauty,Haircare,1,41388.84,15,41388.84,8084.22,436.33,SELL027,SELL027,3.7,
ORD01477,2025-02-22 00:00:00,Cancelled,CUST0145,Female,Nagpur,Maharashtra,PROD0062,Fiction Product 62,Books,Fiction,1,14484.02,0,14484.02,3146.26,485.61,SELL031,SELL031,3.6,
ORD01478,2025-07-01 16:00:00,Delivered,CUST0073,Female,Mumbai,Maharashtra,PROD0041,Accessories Product 41,Fashion,Accessories,2,34879.58,0,69759.16,28777.46,476.91,SELL035,SELL035,4.6,6
ORD01479,2025-11-23 05:00:00,Delivered,CUST0187,Male,Kochi,Kerala,PROD0080,Fiction Product 80,Books,Fiction,1,23823.57,5,23823.57,7410.72,172.69,SELL040,SELL040,4.9,2
ORD01480,2025-03-29 17:00:00,Returned,CUST0039,Male,Hyderabad,Telangana,PROD0015,Sportswear Product 15,Sports,Sportswear,1,6557.45,10,6557.45,1861.94,131.11,SELL030,SELL030,4.3,
ORD01480,2025-03-29 17:00:00,Returned,CUST0039,Male,Hyderabad,Telangana,PROD0049,Skincare Product 49,Beauty,Skincare,3,30836.78,0,92510.34,35620.89,133.56,SELL014,SELL014,4.3,
ORD01481,2025-10-08 22:00:00,Shipped,CUST0047,Male,Ahmedabad,Gujarat,PROD0009,Decor Product 9,Home & Kitchen,Decor,1,44596.4,10,44596.4,10331.58,491.55,SELL013,SELL013,5.0,
ORD01481,2025-10-08 22:00:00,Shipped,CUST0047,Male,Ahmedabad,Gujarat,PROD0034,Fitness Product 34,Sports,Fitness,1,14431.88,0,14431.88,3520.78,353.89,SELL012,SELL012,4.8,
ORD01481,2025-10-08 22:00:00,Shipped,CUST0047,Male,Ahmedabad,Gujarat,PROD0050,Skincare Product 50,Beauty,Skincare,1,29972.22,10,29972.22,10886.05,143.82,SELL024,SELL024,4.4,
ORD01482,2025-02-02 16:00:00,Delivered,CUST0089,Male,Vadodara,Gujarat,PROD0012,Audio Product 12,Electronics,Audio,2,3529.11,0,7058.22,2996.1,147.25,SELL019,SELL019,4.9,3
ORD01483,2025-06-14 07:00:00,Delivered,CUST0033,Female,Bengaluru,Karnataka,PROD0057,Women Product 57,Fashion,Women,1,37405.43,10,37405.43,6863.3,450.04,SELL035,SELL035,4.6,6
ORD01484,2025-07-04 19:00:00,Delivered,CUST0209,Male,Visakhapatnam,Andhra Pradesh,PROD0095,Furniture Product 95,Home & Kitchen,Furniture,1,32680.07,15,32680.07,10194.69,183.0,SELL028,SELL028,4.0,8
ORD01485,2025-03-14 13:00:00,Cancelled,CUST0051,Male,Mysuru,Karnataka,PROD0008,Men Product 8,Fashion,Men,1,25351.31,0,25351.31,10226.95,320.52,SELL027,SELL027,3.7,
ORD01486,2025-11-25 12:00:00,Delivered,CUST0196,Male,Mumbai,Maharashtra,PROD0090,Makeup Product 90,Beauty,Makeup,1,6706.12,0,6706.12,1416.69,147.53,SELL034,SELL034,4.7,3
ORD01486,2025-11-25 12:00:00,Delivered,CUST0196,Male,Mumbai,Maharashtra,PROD0094,Accessories Product 94,Electronics,Accessories,1,23425.2,0,23425.2,7269.14,417.39,SELL008,SELL008,3.9,7
ORD01487,2025-11-23 12:00:00,Delivered,CUST0183,Male,Vadodara,Gujarat,PROD0049,Skincare Product 49,Beauty,Skincare,1,30836.78,0,30836.78,11873.63,157.37,SELL010,SELL010,4.2,9
ORD01488,2025-01-02 00:00:00,Delivered,CUST0045,Male,Vijayawada,Andhra Pradesh,PROD0082,Skincare Product 82,Beauty,Skincare,1,44837.24,10,44837.24,13595.36,289.1,SELL023,SELL023,4.2,2
ORD01489,2025-11-27 21:00:00,Delivered,CUST0024,Other,Vadodara,Gujarat,PROD0095,Furniture Product 95,Home & Kitchen,Furniture,1,38447.14,0,38447.14,15961.76,247.65,SELL009,SELL009,4.2,2
ORD01490,2025-01-23 10:00:00,Delivered,CUST0096,Female,Pune,Maharashtra,PROD0091,Audio Product 91,Electronics,Audio,3,17049.69,15,51149.07,6404.34,217.73,SELL010,SELL010,4.2,2
ORD01491,2025-05-15 00:00:00,Delivered,CUST0094,Male,Nagpur,Maharashtra,PROD0058,Education Product 58,Books,Education,2,28510.97,10,57021.94,8293.24,190.3,SELL026,SELL026,4.3,3
ORD01492,2025-09-16 10:00:00,Delivered,CUST0300,Male,Kozhikode,Kerala,PROD0050,Skincare Product 50,Beauty,Skincare,1,31637.35,5,31637.35,12551.18,408.47,SELL022,SELL022,3.5,2
ORD01493,2025-07-15 11:00:00,Delivered,CUST0227,Male,Mumbai,Maharashtra,PROD0031,Sportswear Product 31,Sports,Sportswear,1,18970.54,10,18970.54,6455.13,54.66,SELL005,SELL005,3.8,2
ORD01494,2025-10-30 00:00:00,Processing,CUST0071,Female,Thrissur,Kerala,PROD0072,Fiction Product 72,Books,Fiction,3,3784.14,5,11352.42,2723.07,306.89,SELL001,SELL001,4.5,
ORD01494,2025-10-30 00:00:00,Processing,CUST0071,Female,Thrissur,Kerala,PROD0049,Skincare Product 49,Beauty,Skincare,3,30836.78,0,92510.34,35620.89,301.39,SELL029,SELL029,3.6,
ORD01495,2025-09-24 18:00:00,Shipped,CUST0132,Female,Warangal,Telangana,PROD0092,Makeup Product 92,Beauty,Makeup,1,20687.06,0,20687.06,7022.28,364.31,SELL037,SELL037,3.6,
ORD01496,2025-04-30 09:00:00,Delivered,CUST0186,Male,Hyderabad,Telangana,PROD0095,Furniture Product 95,Home & Kitchen,Furniture,1,38447.14,0,38447.14,15961.76,295.27,SELL031,SELL031,3.6,9
ORD01496,2025-04-30 09:00:00,Delivered,CUST0186,Male,Hyderabad,Telangana,PROD0053,Accessories Product 53,Electronics,Accessories,1,44151.04,10,44151.04,13810.17,261.91,SELL015,SELL015,3.9,5
ORD01497,2025-11-17 16:00:00,Delivered,CUST0207,Male,Nizamabad,Telangana,PROD0085,Audio Product 85,Electronics,Audio,1,33475.03,0,33475.03,8650.75,393.92,SELL010,SELL010,4.2,10
ORD01498,2025-03-26 22:00:00,Delivered,CUST0270,Male,New Delhi,Delhi,PROD0020,Education Product 20,Books,Education,1,25547.3,0,25547.3,11370.53,452.19,SELL016,SELL016,4.2,10
ORD01499,2025-07-29 20:00:00,Delivered,CUST0249,Female,Warangal,Telangana,PROD0071,Audio Product 71,Electronics,Audio,1,30838.86,0,30838.86,10255.96,161.94,SELL015,SELL015,3.9,7
ORD01500,2025-07-02 20:00:00,Delivered,CUST0119,Male,Coimbatore,Tamil Nadu,PROD0091,Audio Product 91,Electronics,Audio,1,20058.46,0,20058.46,5143.55,266.38,SELL022,SELL022,3.5,6
ORD01501,2025-12-18 02:00:00,Delivered,CUST0045,Male,Vijayawada,Andhra Pradesh,PROD0021,Women Product 21,Fashion,Women,1,47570.67,0,47570.67,17017.56,381.65,SELL029,SELL029,3.6,8
ORD01501,2025-12-18 02:00:00,Delivered,CUST0045,Male,Vijayawada,Andhra Pradesh,PROD0055,Technology Product 55,Books,Technology,2,28355.2,10,56710.4,8928.4,229.47,SELL008,SELL008,3.9,9
ORD01502,2025-07-03 20:00:00,Delivered,CUST0037,Male,Chennai,Tamil Nadu,PROD0077,Haircare Product 77,Beauty,Haircare,1,16881.9,10,16881.9,2700.49,459.35,SELL028,SELL028,4.0,5
ORD01503,2025-09-16 05:00:00,Delivered,CUST0180,Male,Mangaluru,Karnataka,PROD0011,Haircare Product 11,Beauty,Haircare,1,34901.66,10,34901.66,6464.47,102.96,SELL021,SELL021,4.2,6
ORD01503,2025-09-16 05:00:00,Delivered,CUST0180,Male,Mangaluru,Karnataka,PROD0098,Appliances Product 98,Home & Kitchen,Appliances,1,45017.93,5,45017.93,12315.85,386.88,SELL018,SELL018,4.1,9
ORD01504,2025-07-15 13:00:00,Delivered,CUST0246,Male,Chennai,Tamil Nadu,PROD0084,Skincare Product 84,Beauty,Skincare,3,38215.39,15,114646.17,24253.74,440.9,SELL004,SELL004,3.6,6
ORD01505,2025-10-11 00:00:00,Delivered,CUST0154,Male,Madurai,Tamil Nadu,PROD0031,Sportswear Product 31,Sports,Sportswear,2,20024.46,5,40048.92,15018.1,218.12,SELL024,SELL024,4.4,5
ORD01506,2025-08-02 00:00:00,Delivered,CUST0140,Female,Thrissur,Kerala,PROD0056,Education Product 56,Books,Education,2,5854.06,15,11708.12,2822.06,417.61,SELL032,SELL032,3.9,8
ORD01507,2025-04-16 12:00:00,Processing,CUST0171,Male,Coimbatore,Tamil Nadu,PROD0014,Technology Product 14,Books,Technology,2,39326.09,10,78652.18,22721.06,415.88,SELL039,SELL039,4.8,
ORD01508,2025-07-06 23:00:00,Delivered,CUST0257,Male,Bengaluru,Karnataka,PROD0042,Education Product 42,Books,Education,1,19182.73,15,19182.73,6738.38,346.58,SELL014,SELL014,4.3,5
ORD01508,2025-07-06 23:00:00,Delivered,CUST0257,Male,Bengaluru,Karnataka,PROD0093,Fitness Product 93,Sports,Fitness,1,6485.01,0,6485.01,2363.15,95.22,SELL030,SELL030,4.3,2
ORD01508,2025-07-06 23:00:00,Delivered,CUST0257,Male,Bengaluru,Karnataka,PROD0084,Skincare Product 84,Beauty,Skincare,1,42711.32,5,42711.32,12580.51,132.25,SELL011,SELL011,3.8,10
ORD01509,2025-07-22 00:00:00,Delivered,CUST0148,Female,Kozhikode,Kerala,PROD0044,Sportswear Product 44,Sports,Sportswear,2,25960.51,15,51921.02,11344.5,315.36,SELL037,SELL037,3.6,6
ORD01509,2025-07-22 00:00:00,Delivered,CUST0148,Female,Kozhikode,Kerala,PROD0011,Haircare Product 11,Beauty,Haircare,1,36840.64,5,36840.64,8403.45,62.21,SELL005,SELL005,3.8,3
ORD01510,2025-06-23 06:00:00,Delivered,CUST0085,Female,New Delhi,Delhi,PROD0067,Accessories Product 67,Electronics,Accessories,1,3758.96,10,3758.96,782.44,341.59,SELL016,SELL016,4.2,5
ORD01511,2025-10-26 01:00:00,Delivered,CUST0164,Male,Madurai,Tamil Nadu,PROD0084,Skincare Product 84,Beauty,Skincare,1,44959.28,0,44959.28,14828.47,492.48,SELL014,SELL014,4.3,3
ORD01512,2025-10-16 05:00:00,Cancelled,CUST0211,Male,New Delhi,Delhi,PROD0079,Education Product 79,Books,Education,1,10767.95,15,10767.95,3412.41,356.15,SELL004,SELL004,3.6,
ORD01513,2025-08-27 03:00:00,Returned,CUST0238,Female,Vadodara,Gujarat,PROD0083,Skincare Product 83,Beauty,Skincare,2,5716.09,10,11432.18,1520.96,318.84,SELL030,SELL030,4.3,
ORD01513,2025-08-27 03:00:00,Returned,CUST0238,Female,Vadodara,Gujarat,PROD0033,Haircare Product 33,Beauty,Haircare,1,27838.4,0,27838.4,11756.18,450.38,SELL017,SELL017,3.6,
ORD01513,2025-08-27 03:00:00,Returned,CUST0238,Female,Vadodara,Gujarat,PROD0060,Kitchen Product 60,Home & Kitchen,Kitchen,2,15153.35,5,30306.7,10089.88,111.29,SELL017,SELL017,3.6,
ORD01514,2025-02-23 07:00:00,Delivered,CUST0131,Female,Vijayawada,Andhra Pradesh,PROD0013,Education Product 13,Books,Education,1,12228.36,15,12228.36,1504.69,205.82,SELL026,SELL026,4.3,10
ORD01515,2025-07-07 11:00:00,Delivered,CUST0275,Male,Ahmedabad,Gujarat,PROD0045,Women Product 45,Fashion,Women,1,14470.66,5,14470.66,5896.53,466.14,SELL039,SELL039,4.8,7
ORD01515,2025-07-07 11:00:00,Delivered,CUST0275,Male,Ahmedabad,Gujarat,PROD0063,Audio Product 63,Electronics,Audio,2,13150.4,5,26300.8,5098.96,103.03,SELL007,SELL007,4.3,8
ORD01516,2025-07-30 05:00:00,Delivered,CUST0100,Female,New Delhi,Delhi,PROD0039,Audio Product 39,Electronics,Audio,1,11420.8,0,11420.8,4156.66,218.21,SELL020,SELL020,4.6,9
ORD01516,2025-07-30 05:00:00,Delivered,CUST0100,Female,New Delhi,Delhi,PROD0057,Women Product 57,Fashion,Women,4,39483.51,5,157934.04,35765.52,366.67,SELL038,SELL038,4.3,3
ORD01516,2025-07-30 05:00:00,Delivered,CUST0100,Female,New Delhi,Delhi,PROD0001,Audio Product 1,Electronics,Audio,2,24215.51,5,48431.02,16119.36,307.24,SELL017,SELL017,3.6,10
ORD01517,2025-05-29 03:00:00,Delivered,CUST0126,Male,Visakhapatnam,Andhra Pradesh,PROD0067,Accessories Product 67,Electronics,Accessories,1,3758.96,10,3758.96,782.44,47.43,SELL019,SELL019,4.9,5
ORD01517,2025-05-29 03:00:00,Delivered,CUST0126,Male,Visakhapatnam,Andhra Pradesh,PROD0092,Makeup Product 92,Beauty,Makeup,1,18618.35,10,18618.35,4953.57,212.5,SELL030,SELL030,4.3,4
ORD01517,2025-05-29 03:00:00,Delivered,CUST0126,Male,Visakhapatnam,Andhra Pradesh,PROD0028,Education Product 28,Books,Education,1,11891.65,0,11891.65,4583.33,348.57,SELL002,SELL002,4.5,3
ORD01517,2025-05-29 03:00:00,Delivered,CUST0126,Male,Visakhapatnam,Andhra Pradesh,PROD0064,Haircare Product 64,Beauty,Haircare,2,35368.08,5,70736.16,11797.88,46.57,SELL003,SELL003,4.7,5
ORD01518,2025-09-08 17:00:00,Delivered,CUST0018,Female,New Delhi,Delhi,PROD0088,Laptops Product 88,Electronics,Laptops,1,35689.74,10,35689.74,11344.63,81.63,SELL007,SELL007,4.3,2
ORD01519,2025-08-06 14:00:00,Delivered,CUST0300,Male,Kozhikode,Kerala,PROD0063,Audio Product 63,Electronics,Audio,2,12458.28,10,24916.56,3714.72,360.52,SELL024,SELL024,4.4,7
ORD01519,2025-08-06 14:00:00,Delivered,CUST0300,Male,Kozhikode,Kerala,PROD0031,Sportswear Product 31,Sports,Sportswear,1,20024.46,5,20024.46,7509.05,243.59,SELL039,SELL039,4.8,6
ORD01520,2025-04-29 11:00:00,Shipped,CUST0110,Female,Mumbai,Maharashtra,PROD0025,Women Product 25,Fashion,Women,1,25468.56,15,25468.56,7741.0,175.65,SELL004,SELL004,3.6,
ORD01521,2025-12-11 07:00:00,Delivered,CUST0208,Female,Mumbai,Maharashtra,PROD0099,Men Product 99,Fashion,Men,3,12717.61,0,38152.83,10626.87,482.73,SELL005,SELL005,3.8,4
ORD01522,2025-12-07 01:00:00,Processing,CUST0006,Male,Mangaluru,Karnataka,PROD0081,Fitness Product 81,Sports,Fitness,2,12609.72,5,25219.44,8753.06,102.08,SELL028,SELL028,4.0,
ORD01523,2025-12-09 13:00:00,Delivered,CUST0093,Male,Nagpur,Maharashtra,PROD0091,Audio Product 91,Electronics,Audio,2,17049.69,15,34099.38,4269.56,275.85,SELL010,SELL010,4.2,10
ORD01523,2025-12-09 13:00:00,Delivered,CUST0093,Male,Nagpur,Maharashtra,PROD0100,Outdoor Product 100,Sports,Outdoor,3,6477.22,0,19431.66,7155.45,410.82,SELL028,SELL028,4.0,6
ORD01523,2025-12-09 13:00:00,Delivered,CUST0093,Male,Nagpur,Maharashtra,PROD0009,Decor Product 9,Home & Kitchen,Decor,3,44596.4,10,133789.2,30994.74,108.14,SELL009,SELL009,4.2,4
ORD01524,2025-02-12 03:00:00,Delivered,CUST0194,Male,Kozhikode,Kerala,PROD0019,Technology Product 19,Books,Technology,2,43362.08,5,86724.16,34212.02,386.36,SELL040,SELL040,4.9,7
ORD01524,2025-02-12 03:00:00,Delivered,CUST0194,Male,Kozhikode,Kerala,PROD0043,Smartphones Product 43,Electronics,Smartphones,1,12982.22,0,12982.22,2915.29,325.68,SELL021,SELL021,4.2,3
ORD01525,2025-05-24 09:00:00,Processing,CUST0163,Male,Vijayawada,Andhra Pradesh,PROD0069,Education Product 69,Books,Education,1,14723.26,5,14723.26,3677.59,241.57,SELL022,SELL022,3.5,
ORD01525,2025-05-24 09:00:00,Processing,CUST0163,Male,Vijayawada,Andhra Pradesh,PROD0086,Sportswear Product 86,Sports,Sportswear,3,13225.97,10,39677.91,11859.81,97.86,SELL033,SELL033,5.0,
ORD01526,2025-02-21 22:00:00,Delivered,CUST0277,Male,Thrissur,Kerala,PROD0039,Audio Product 39,Electronics,Audio,1,9707.68,15,9707.68,2443.54,435.12,SELL007,SELL007,4.3,3
ORD01527,2025-02-08 08:00:00,Delivered,CUST0015,Male,Mysuru,Karnataka,PROD0008,Men Product 8,Fashion,Men,1,24083.74,5,24083.74,8959.38,284.6,SELL007,SELL007,4.3,3
ORD01528,2025-05-30 14:00:00,Processing,CUST0203,Female,Kochi,Kerala,PROD0085,Audio Product 85,Electronics,Audio,3,33475.03,0,100425.09,25952.25,248.57,SELL007,SELL007,4.3,
ORD01528,2025-05-30 14:00:00,Processing,CUST0203,Female,Kochi,Kerala,PROD0086,Sportswear Product 86,Sports,Sportswear,2,13960.74,5,27921.48,9376.08,257.1,SELL010,SELL010,4.2,
ORD01528,2025-05-30 14:00:00,Processing,CUST0203,Female,Kochi,Kerala,PROD0062,Fiction Product 62,Books,Fiction,2,14484.02,0,28968.04,6292.52,225.54,SELL031,SELL031,3.6,
ORD01528,2025-05-30 14:00:00,Processing,CUST0203,Female,Kochi,Kerala,PROD0056,Education Product 56,Books,Education,1,6887.13,0,6887.13,2444.1,286.43,SELL007,SELL007,4.3,
ORD01529,2025-09-14 12:00:00,Shipped,CUST0053,Male,Kochi,Kerala,PROD0021,Women Product 21,Fashion,Women,2,42813.6,10,85627.2,24520.98,150.65,SELL020,SELL020,4.6,
ORD01529,2025-09-14 12:00:00,Shipped,CUST0053,Male,Kochi,Kerala,PROD0050,Skincare Product 50,Beauty,Skincare,1,33302.47,0,33302.47,14216.3,318.05,SELL028,SELL028,4.0,
ORD01530,2025-07-18 08:00:00,Shipped,CUST0011,Other,Coimbatore,Tamil Nadu,PROD0097,Women Product 97,Fashion,Women,1,8307.86,0,8307.86,1641.81,412.74,SELL001,SELL001,4.5,
ORD01530,2025-07-18 08:00:00,Shipped,CUST0011,Other,Coimbatore,Tamil Nadu,PROD0063,Audio Product 63,Electronics,Audio,2,13150.4,5,26300.8,5098.96,350.86,SELL008,SELL008,3.9,
ORD01531,2025-02-21 06:00:00,Delivered,CUST0294,Male,New Delhi,Delhi,PROD0002,Skincare Product 2,Beauty,Skincare,1,3080.28,0,3080.28,694.42,186.09,SELL030,SELL030,4.3,2
ORD01532,2025-06-24 05:00:00,Delivered,CUST0071,Female,Thrissur,Kerala,PROD0095,Furniture Product 95,Home & Kitchen,Furniture,1,36524.78,5,36524.78,14039.4,202.41,SELL002,SELL002,4.5,5
ORD01533,2025-07-08 17:00:00,Delivered,CUST0102,Other,Hyderabad,Telangana,PROD0080,Fiction Product 80,Books,Fiction,1,23823.57,5,23823.57,7410.72,142.48,SELL006,SELL006,4.5,7
ORD01533,2025-07-08 17:00:00,Delivered,CUST0102,Other,Hyderabad,Telangana,PROD0082,Skincare Product 82,Beauty,Skincare,2,47328.2,5,94656.4,32172.64,188.89,SELL021,SELL021,4.2,6
ORD01534,2025-01-14 05:00:00,Delivered,CUST0063,Other,Kozhikode,Kerala,PROD0020,Education Product 20,Books,Education,1,24269.93,5,24269.93,10093.16,202.79,SELL016,SELL016,4.2,2
ORD01534,2025-01-14 05:00:00,Delivered,CUST0063,Other,Kozhikode,Kerala,PROD0070,Skincare Product 70,Beauty,Skincare,2,32837.51,5,65675.02,21090.82,35.61,SELL038,SELL038,4.3,6
ORD01535,2025-02-21 15:00:00,Processing,CUST0233,Male,Coimbatore,Tamil Nadu,PROD0005,Accessories Product 5,Electronics,Accessories,1,43201.48,5,43201.48,11171.12,56.78,SELL023,SELL023,4.2,
ORD01536,2025-06-18 02:00:00,Cancelled,CUST0003,Male,Ahmedabad,Gujarat,PROD0081,Fitness Product 81,Sports,Fitness,1,13273.39,0,13273.39,5040.2,211.04,SELL038,SELL038,4.3,
ORD01536,2025-06-18 02:00:00,Cancelled,CUST0003,Male,Ahmedabad,Gujarat,PROD0072,Fiction Product 72,Books,Fiction,1,3784.14,5,3784.14,907.69,389.06,SELL017,SELL017,3.6,
ORD01537,2025-07-18 08:00:00,Delivered,CUST0005,Male,Ahmedabad,Gujarat,PROD0076,Makeup Product 76,Beauty,Makeup,2,1675.05,10,3350.1,1148.6,139.59,SELL030,SELL030,4.3,4
ORD01537,2025-07-18 08:00:00,Delivered,CUST0005,Male,Ahmedabad,Gujarat,PROD0092,Makeup Product 92,Beauty,Makeup,1,19652.71,5,19652.71,5987.93,141.08,SELL006,SELL006,4.5,6
ORD01538,2025-06-20 15:00:00,Processing,CUST0232,Female,Vadodara,Gujarat,PROD0001,Audio Product 1,Electronics,Audio,1,21666.51,15,21666.51,5510.68,433.63,SELL020,SELL020,4.6,
ORD01539,2025-10-05 02:00:00,Returned,CUST0060,Female,Mumbai,Maharashtra,PROD0021,Women Product 21,Fashion,Women,1,42813.6,10,42813.6,12260.49,304.33,SELL004,SELL004,3.6,
ORD01539,2025-10-05 02:00:00,Returned,CUST0060,Female,Mumbai,Maharashtra,PROD0062,Fiction Product 62,Books,Fiction,2,13035.62,10,26071.24,3395.72,170.48,SELL024,SELL024,4.4,
ORD01540,2025-02-25 01:00:00,Delivered,CUST0054,Male,Nizamabad,Telangana,PROD0058,Education Product 58,Books,Education,1,28510.97,10,28510.97,4146.62,226.61,SELL024,SELL024,4.4,3
ORD01541,2025-07-18 21:00:00,Delivered,CUST0086,Female,Hyderabad,Telangana,PROD0088,Laptops Product 88,Electronics,Laptops,1,35689.74,10,35689.74,11344.63,151.18,SELL014,SELL014,4.3,4
ORD01541,2025-07-18 21:00:00,Delivered,CUST0086,Female,Hyderabad,Telangana,PROD0004,Makeup Product 4,Beauty,Makeup,1,27827.24,0,27827.24,6573.05,225.93,SELL025,SELL025,3.9,7
ORD01541,2025-07-18 21:00:00,Delivered,CUST0086,Female,Hyderabad,Telangana,PROD0098,Appliances Product 98,Home & Kitchen,Appliances,1,45017.93,5,45017.93,12315.85,310.81,SELL028,SELL028,4.0,9
ORD01542,2025-02-04 06:00:00,Delivered,CUST0209,Male,Visakhapatnam,Andhra Pradesh,PROD0080,Fiction Product 80,Books,Fiction,2,21315.82,15,42631.64,9805.94,236.35,SELL029,SELL029,3.6,2
ORD01543,2025-07-28 04:00:00,Delivered,CUST0290,Male,Mumbai,Maharashtra,PROD0098,Appliances Product 98,Home & Kitchen,Appliances,2,47387.29,0,94774.58,29370.42,474.79,SELL005,SELL005,3.8,5
ORD01543,2025-07-28 04:00:00,Delivered,CUST0290,Male,Mumbai,Maharashtra,PROD0057,Women Product 57,Fashion,Women,4,41561.59,0,166246.36,44077.84,290.33,SELL016,SELL016,4.2,4
ORD01544,2025-12-01 05:00:00,Delivered,CUST0277,Male,Thrissur,Kerala,PROD0031,Sportswear Product 31,Sports,Sportswear,1,17916.62,15,17916.62,5401.21,148.55,SELL014,SELL014,4.3,5
ORD01544,2025-12-01 05:00:00,Delivered,CUST0277,Male,Thrissur,Kerala,PROD0007,Accessories Product 7,Electronics,Accessories,1,5129.26,5,5129.26,848.95,362.93,SELL025,SELL025,3.9,10
ORD01544,2025-12-01 05:00:00,Delivered,CUST0277,Male,Thrissur,Kerala,PROD0019,Technology Product 19,Books,Technology,2,36515.43,20,73030.86,20518.72,207.59,SELL002,SELL002,4.5,10
ORD01545,2025-11-10 11:00:00,Delivered,CUST0205,Male,Vadodara,Gujarat,PROD0042,Education Product 42,Books,Education,1,22567.92,0,22567.92,10123.57,267.75,SELL009,SELL009,4.2,9
ORD01545,2025-11-10 11:00:00,Delivered,CUST0205,Male,Vadodara,Gujarat,PROD0100,Outdoor Product 100,Sports,Outdoor,1,5505.64,15,5505.64,1413.57,45.51,SELL016,SELL016,4.2,8
ORD01546,2025-09-29 17:00:00,Delivered,CUST0130,Female,Coimbatore,Tamil Nadu,PROD0014,Technology Product 14,Books,Technology,3,39326.09,10,117978.27,34081.59,389.39,SELL008,SELL008,3.9,9
ORD01547,2025-03-15 16:00:00,Shipped,CUST0160,Female,New Delhi,Delhi,PROD0039,Audio Product 39,Electronics,Audio,1,9707.68,15,9707.68,2443.54,255.45,SELL009,SELL009,4.2,
ORD01548,2025-09-29 20:00:00,Cancelled,CUST0282,Male,Mumbai,Maharashtra,PROD0030,Haircare Product 30,Beauty,Haircare,3,38529.57,0,115588.71,27730.47,147.08,SELL038,SELL038,4.3,
ORD01549,2025-10-14 12:00:00,Cancelled,CUST0167,Male,Vijayawada,Andhra Pradesh,PROD0085,Audio Product 85,Electronics,Audio,2,31801.28,5,63602.56,13954.0,395.07,SELL035,SELL035,4.6,
ORD01549,2025-10-14 12:00:00,Cancelled,CUST0167,Male,Vijayawada,Andhra Pradesh,PROD0017,Fiction Product 17,Books,Fiction,3,14869.11,5,44607.33,14006.52,125.4,SELL011,SELL011,3.8,
ORD01550,2025-07-05 13:00:00,Delivered,CUST0291,Female,Kozhikode,Kerala,PROD0051,Men Product 51,Fashion,Men,1,45297.74,5,45297.74,12068.17,140.19,SELL020,SELL020,4.6,8
ORD01551,2025-01-10 10:00:00,Delivered,CUST0003,Male,Ahmedabad,Gujarat,PROD0088,Laptops Product 88,Electronics,Laptops,1,39655.27,0,39655.27,15310.16,350.12,SELL006,SELL006,4.5,8
ORD01552,2025-06-02 11:00:00,Cancelled,CUST0185,Female,Nizamabad,Telangana,PROD0018,Women Product 18,Fashion,Women,1,28550.05,15,28550.05,2558.8,220.72,SELL005,SELL005,3.8,
ORD01553,2025-07-02 05:00:00,Delivered,CUST0051,Male,Mysuru,Karnataka,PROD0007,Accessories Product 7,Electronics,Accessories,2,5129.26,5,10258.52,1697.9,256.2,SELL015,SELL015,3.9,2
ORD01554,2025-01-07 18:00:00,Cancelled,CUST0104,Male,Surat,Gujarat,PROD0089,Skincare Product 89,Beauty,Skincare,1,16384.14,10,16384.14,3558.73,230.33,SELL026,SELL026,4.3,
ORD01554,2025-01-07 18:00:00,Cancelled,CUST0104,Male,Surat,Gujarat,PROD0072,Fiction Product 72,Books,Fiction,2,3983.3,0,7966.6,2213.7,489.58,SELL006,SELL006,4.5,
ORD01554,2025-01-07 18:00:00,Cancelled,CUST0104,Male,Surat,Gujarat,PROD0028,Education Product 28,Books,Education,1,11297.07,5,11297.07,3988.75,65.47,SELL010,SELL010,4.2,
ORD01555,2025-01-04 03:00:00,Delivered,CUST0236,Other,Warangal,Telangana,PROD0062,Fiction Product 62,Books,Fiction,1,14484.02,0,14484.02,3146.26,64.6,SELL009,SELL009,4.2,8
ORD01556,2025-03-06 07:00:00,Delivered,CUST0181,Male,Thrissur,Kerala,PROD0035,Accessories Product 35,Fashion,Accessories,2,43024.53,5,86049.06,32627.62,267.59,SELL013,SELL013,5.0,4
ORD01556,2025-03-06 07:00:00,Delivered,CUST0181,Male,Thrissur,Kerala,PROD0074,Sportswear Product 74,Sports,Sportswear,3,39120.27,0,117360.81,51709.68,483.39,SELL038,SELL038,4.3,10
ORD01557,2025-08-08 06:00:00,Shipped,CUST0040,Male,Tirupati,Andhra Pradesh,PROD0003,Smartphones Product 3,Electronics,Smartphones,1,26219.67,15,26219.67,5030.84,172.27,SELL030,SELL030,4.3,
ORD01558,2025-04-04 09:00:00,Delivered,CUST0159,Male,Nizamabad,Telangana,PROD0050,Skincare Product 50,Beauty,Skincare,1,33302.47,0,33302.47,14216.3,465.07,SELL009,SELL009,4.2,7
ORD01559,2025-08-19 07:00:00,Delivered,CUST0241,Male,Tirupati,Andhra Pradesh,PROD0022,Skincare Product 22,Beauty,Skincare,1,10368.47,10,10368.47,3604.28,122.85,SELL017,SELL017,3.6,3
ORD01560,2025-09-23 15:00:00,Delivered,CUST0237,Male,Madurai,Tamil Nadu,PROD0044,Sportswear Product 44,Sports,Sportswear,2,25960.51,15,51921.02,11344.5,134.72,SELL026,SELL026,4.3,5
ORD01561,2025-01-25 07:00:00,Delivered,CUST0293,Female,Visakhapatnam,Andhra Pradesh,PROD0038,Makeup Product 38,Beauty,Makeup,1,17911.85,5,17911.85,5575.96,53.77,SELL031,SELL031,3.6,6
ORD01562,2025-12-24 11:00:00,Delivered,CUST0215,Female,Warangal,Telangana,PROD0052,Sportswear Product 52,Sports,Sportswear,1,1261.63,0,1261.63,270.24,102.28,SELL009,SELL009,4.2,2
ORD01562,2025-12-24 11:00:00,Delivered,CUST0215,Female,Warangal,Telangana,PROD0049,Skincare Product 49,Beauty,Skincare,1,27753.1,10,27753.1,8789.95,138.54,SELL003,SELL003,4.7,5
ORD01563,2025-12-14 10:00:00,Delivered,CUST0052,Male,Thrissur,Kerala,PROD0059,Accessories Product 59,Electronics,Accessories,2,1985.44,5,3970.88,1444.44,458.38,SELL012,SELL012,4.8,9
ORD01564,2025-08-04 18:00:00,Cancelled,CUST0169,Male,Mumbai,Maharashtra,PROD0035,Accessories Product 35,Fashion,Accessories,3,40760.08,10,122280.24,42148.08,132.19,SELL009,SELL009,4.2,
ORD01565,2025-03-25 05:00:00,Delivered,CUST0157,Female,Mumbai,Maharashtra,PROD0083,Skincare Product 83,Beauty,Skincare,1,6033.65,5,6033.65,1078.04,355.96,SELL040,SELL040,4.9,10
ORD01565,2025-03-25 05:00:00,Delivered,CUST0157,Female,Mumbai,Maharashtra,PROD0098,Appliances Product 98,Home & Kitchen,Appliances,2,47387.29,0,94774.58,29370.42,195.87,SELL031,SELL031,3.6,5
ORD01565,2025-03-25 05:00:00,Delivered,CUST0157,Female,Mumbai,Maharashtra,PROD0042,Education Product 42,Books,Education,1,22567.92,0,22567.92,10123.57,232.7,SELL039,SELL039,4.8,10
ORD01566,2025-05-01 12:00:00,Delivered,CUST0239,Female,Visakhapatnam,Andhra Pradesh,PROD0003,Smartphones Product 3,Electronics,Smartphones,1,24677.34,20,24677.34,3488.51,56.13,SELL037,SELL037,3.6,9
ORD01567,2025-03-16 14:00:00,Delivered,CUST0155,Female,Mumbai,Maharashtra,PROD0034,Fitness Product 34,Sports,Fitness,2,14431.88,0,28863.76,7041.56,331.41,SELL004,SELL004,3.6,6
ORD01568,2025-08-15 11:00:00,Shipped,CUST0222,Female,New Delhi,Delhi,PROD0040,Audio Product 40,Electronics,Audio,2,37640.13,5,75280.26,28752.94,39.04,SELL015,SELL015,3.9,
ORD01569,2025-12-19 11:00:00,Delivered,CUST0094,Male,Nagpur,Maharashtra,PROD0026,Furniture Product 26,Home & Kitchen,Furniture,2,30709.52,15,61419.04,20824.88,76.35,SELL016,SELL016,4.2,6
ORD01570,2025-05-08 20:00:00,Processing,CUST0175,Male,Surat,Gujarat,PROD0055,Technology Product 55,Books,Technology,1,29930.49,5,29930.49,6039.49,149.14,SELL010,SELL010,4.2,
ORD01570,2025-05-08 20:00:00,Processing,CUST0175,Male,Surat,Gujarat,PROD0040,Audio Product 40,Electronics,Audio,1,39621.19,0,39621.19,16357.53,414.9,SELL037,SELL037,3.6,
ORD01570,2025-05-08 20:00:00,Processing,CUST0175,Male,Surat,Gujarat,PROD0013,Education Product 13,Books,Education,1,14386.31,0,14386.31,3662.64,51.07,SELL011,SELL011,3.8,
ORD01570,2025-05-08 20:00:00,Processing,CUST0175,Male,Surat,Gujarat,PROD0023,Audio Product 23,Electronics,Audio,1,42260.31,0,42260.31,17863.09,416.1,SELL005,SELL005,3.8,
ORD01571,2025-12-29 02:00:00,Delivered,CUST0250,Male,New Delhi,Delhi,PROD0076,Makeup Product 76,Beauty,Makeup,1,1675.05,10,1675.05,574.3,158.49,SELL018,SELL018,4.1,5
ORD01572,2025-07-21 09:00:00,Delivered,CUST0175,Male,Surat,Gujarat,PROD0012,Audio Product 12,Electronics,Audio,1,2999.74,15,2999.74,968.68,46.73,SELL021,SELL021,4.2,2
ORD01572,2025-07-21 09:00:00,Delivered,CUST0175,Male,Surat,Gujarat,PROD0017,Fiction Product 17,Books,Fiction,2,15651.7,0,31303.4,10902.86,72.83,SELL032,SELL032,3.9,10
ORD01573,2025-01-11 11:00:00,Delivered,CUST0177,Male,Mumbai,Maharashtra,PROD0033,Haircare Product 33,Beauty,Haircare,1,23662.64,15,23662.64,7580.42,81.74,SELL005,SELL005,3.8,3
ORD01574,2025-07-03 15:00:00,Cancelled,CUST0161,Male,Vijayawada,Andhra Pradesh,PROD0023,Audio Product 23,Electronics,Audio,4,40147.29,5,160589.16,63000.28,38.2,SELL009,SELL009,4.2,
ORD01574,2025-07-03 15:00:00,Cancelled,CUST0161,Male,Vijayawada,Andhra Pradesh,PROD0066,Haircare Product 66,Beauty,Haircare,1,43922.73,5,43922.73,12011.51,427.33,SELL028,SELL028,4.0,
ORD01575,2025-05-02 10:00:00,Delivered,CUST0222,Female,New Delhi,Delhi,PROD0010,Fitness Product 10,Sports,Fitness,1,18353.92,0,18353.92,3710.37,177.76,SELL021,SELL021,4.2,10
ORD01576,2025-08-24 02:00:00,Delivered,CUST0229,Female,Madurai,Tamil Nadu,PROD0065,Haircare Product 65,Beauty,Haircare,2,46258.11,5,92516.22,25906.98,81.37,SELL003,SELL003,4.7,5
ORD01577,2025-04-21 19:00:00,Delivered,CUST0026,Male,New Delhi,Delhi,PROD0069,Education Product 69,Books,Education,1,15498.17,0,15498.17,4452.5,487.69,SELL039,SELL039,4.8,8
ORD01578,2025-02-28 13:00:00,Cancelled,CUST0268,Female,Warangal,Telangana,PROD0068,Appliances Product 68,Home & Kitchen,Appliances,3,13795.73,15,41387.19,13554.63,51.5,SELL023,SELL023,4.2,
ORD01579,2025-10-13 17:00:00,Delivered,CUST0205,Male,Vadodara,Gujarat,PROD0062,Fiction Product 62,Books,Fiction,2,14484.02,0,28968.04,6292.52,30.84,SELL010,SELL010,4.2,5
ORD01580,2025-03-21 20:00:00,Delivered,CUST0230,Female,New Delhi,Delhi,PROD0067,Accessories Product 67,Electronics,Accessories,2,3758.96,10,7517.92,1564.88,43.53,SELL015,SELL015,3.9,4
ORD01581,2025-11-03 18:00:00,Delivered,CUST0267,Male,Visakhapatnam,Andhra Pradesh,PROD0037,Haircare Product 37,Beauty,Haircare,1,44213.93,5,44213.93,13402.77,449.1,SELL039,SELL039,4.8,5
ORD01582,2025-09-27 16:00:00,Delivered,CUST0195,Male,Bengaluru,Karnataka,PROD0098,Appliances Product 98,Home & Kitchen,Appliances,2,47387.29,0,94774.58,29370.42,173.03,SELL032,SELL032,3.9,9
ORD01583,2025-04-17 09:00:00,Delivered,CUST0206,Female,Surat,Gujarat,PROD0084,Skincare Product 84,Beauty,Skincare,3,44959.28,0,134877.84,44485.41,45.22,SELL038,SELL038,4.3,2
ORD01583,2025-04-17 09:00:00,Delivered,CUST0206,Female,Surat,Gujarat,PROD0057,Women Product 57,Fashion,Women,1,33249.27,20,33249.27,2707.14,231.41,SELL023,SELL023,4.2,4
ORD01583,2025-04-17 09:00:00,Delivered,CUST0206,Female,Surat,Gujarat,PROD0027,Women Product 27,Fashion,Women,1,46062.68,5,46062.68,11401.2,254.1,SELL014,SELL014,4.3,8
ORD01584,2025-12-19 17:00:00,Delivered,CUST0254,Female,Pune,Maharashtra,PROD0048,Sportswear Product 48,Sports,Sportswear,1,11057.78,10,11057.78,3823.96,35.93,SELL019,SELL019,4.9,8
ORD01585,2025-06-22 10:00:00,Delivered,CUST0149,Male,Visakhapatnam,Andhra Pradesh,PROD0005,Accessories Product 5,Electronics,Accessories,4,40927.72,10,163710.88,35589.44,342.93,SELL033,SELL033,5.0,5
ORD01586,2025-11-20 14:00:00,Delivered,CUST0206,Female,Surat,Gujarat,PROD0051,Men Product 51,Fashion,Men,1,42913.65,10,42913.65,9684.08,392.81,SELL014,SELL014,4.3,10
ORD01587,2025-10-25 02:00:00,Delivered,CUST0016,Male,Madurai,Tamil Nadu,PROD0029,Skincare Product 29,Beauty,Skincare,1,14840.07,20,14840.07,-106.2,160.65,SELL002,SELL002,4.5,4
ORD01588,2025-05-19 13:00:00,Delivered,CUST0161,Male,Vijayawada,Andhra Pradesh,PROD0046,Makeup Product 46,Beauty,Makeup,1,37759.16,5,37759.16,10993.06,98.28,SELL034,SELL034,4.7,2
ORD01588,2025-05-19 13:00:00,Delivered,CUST0161,Male,Vijayawada,Andhra Pradesh,PROD0013,Education Product 13,Books,Education,1,14386.31,0,14386.31,3662.64,219.98,SELL010,SELL010,4.2,9
ORD01589,2025-01-20 11:00:00,Delivered,CUST0147,Female,Surat,Gujarat,PROD0014,Technology Product 14,Books,Technology,2,41510.88,5,83021.76,27090.64,376.19,SELL006,SELL006,4.5,3
ORD01589,2025-01-20 11:00:00,Delivered,CUST0147,Female,Surat,Gujarat,PROD0024,Sportswear Product 24,Sports,Sportswear,1,42002.53,5,42002.53,17234.66,325.65,SELL017,SELL017,3.6,7
ORD01589,2025-01-20 11:00:00,Delivered,CUST0147,Female,Surat,Gujarat,PROD0047,Accessories Product 47,Electronics,Accessories,2,29937.77,0,59875.54,26678.3,62.64,SELL033,SELL033,5.0,6
ORD01590,2025-04-22 18:00:00,Delivered,CUST0093,Male,Nagpur,Maharashtra,PROD0082,Skincare Product 82,Beauty,Skincare,1,47328.2,5,47328.2,16086.32,405.84,SELL040,SELL040,4.9,10
ORD01591,2025-05-25 09:00:00,Delivered,CUST0283,Male,Hyderabad,Telangana,PROD0089,Skincare Product 89,Beauty,Skincare,1,15473.91,15,15473.91,2648.5,119.95,SELL017,SELL017,3.6,3
ORD01591,2025-05-25 09:00:00,Delivered,CUST0283,Male,Hyderabad,Telangana,PROD0072,Fiction Product 72,Books,Fiction,1,3784.14,5,3784.14,907.69,247.15,SELL005,SELL005,3.8,10
ORD01591,2025-05-25 09:00:00,Delivered,CUST0283,Male,Hyderabad,Telangana,PROD0020,Education Product 20,Books,Education,1,25547.3,0,25547.3,11370.53,64.63,SELL020,SELL020,4.6,7
ORD01592,2025-12-14 12:00:00,Delivered,CUST0195,Male,Bengaluru,Karnataka,PROD0078,Fitness Product 78,Sports,Fitness,2,25261.1,5,50522.2,15557.16,210.12,SELL016,SELL016,4.2,3
ORD01592,2025-12-14 12:00:00,Delivered,CUST0195,Male,Bengaluru,Karnataka,PROD0098,Appliances Product 98,Home & Kitchen,Appliances,1,40279.2,15,40279.2,7577.12,400.34,SELL002,SELL002,4.5,5
ORD01593,2025-11-12 04:00:00,Delivered,CUST0298,Female,Kozhikode,Kerala,PROD0077,Haircare Product 77,Beauty,Haircare,2,16881.9,10,33763.8,5400.98,222.33,SELL010,SELL010,4.2,5
ORD01594,2025-02-02 01:00:00,Delivered,CUST0149,Male,Visakhapatnam,Andhra Pradesh,PROD0067,Accessories Product 67,Electronics,Accessories,3,3341.3,20,10023.9,1094.34,294.31,SELL008,SELL008,3.9,3
ORD01594,2025-02-02 01:00:00,Delivered,CUST0149,Male,Visakhapatnam,Andhra Pradesh,PROD0014,Technology Product 14,Books,Technology,1,37141.31,15,37141.31,9175.75,190.65,SELL007,SELL007,4.3,3
ORD01595,2025-10-28 21:00:00,Delivered,CUST0228,Male,New Delhi,Delhi,PROD0001,Audio Product 1,Electronics,Audio,2,22941.01,10,45882.02,13570.36,409.14,SELL037,SELL037,3.6,9
ORD01596,2025-09-27 06:00:00,Delivered,CUST0235,Male,Nagpur,Maharashtra,PROD0098,Appliances Product 98,Home & Kitchen,Appliances,1,47387.29,0,47387.29,14685.21,389.35,SELL018,SELL018,4.1,10
ORD01596,2025-09-27 06:00:00,Delivered,CUST0235,Male,Nagpur,Maharashtra,PROD0050,Skincare Product 50,Beauty,Skincare,1,26641.98,20,26641.98,7555.81,311.83,SELL030,SELL030,4.3,8
ORD01597,2025-08-19 08:00:00,Delivered,CUST0110,Female,Mumbai,Maharashtra,PROD0058,Education Product 58,Books,Education,1,31678.86,0,31678.86,7314.51,137.52,SELL015,SELL015,3.9,2
ORD01597,2025-08-19 08:00:00,Delivered,CUST0110,Female,Mumbai,Maharashtra,PROD0001,Audio Product 1,Electronics,Audio,1,25490.01,0,25490.01,9334.18,326.13,SELL040,SELL040,4.9,7
ORD01597,2025-08-19 08:00:00,Delivered,CUST0110,Female,Mumbai,Maharashtra,PROD0078,Fitness Product 78,Sports,Fitness,1,22602.04,15,22602.04,5119.52,37.95,SELL020,SELL020,4.6,9
ORD01598,2025-06-29 07:00:00,Cancelled,CUST0231,Male,Visakhapatnam,Andhra Pradesh,PROD0051,Men Product 51,Fashion,Men,1,40529.56,15,40529.56,7299.99,68.17,SELL016,SELL016,4.2,
ORD01599,2025-02-18 05:00:00,Delivered,CUST0209,Male,Visakhapatnam,Andhra Pradesh,PROD0008,Men Product 8,Fashion,Men,1,20281.05,20,20281.05,5156.69,218.0,SELL018,SELL018,4.1,9
ORD01600,2025-11-22 20:00:00,Delivered,CUST0194,Male,Kozhikode,Kerala,PROD0009,Decor Product 9,Home & Kitchen,Decor,1,44596.4,10,44596.4,10331.58,220.49,SELL030,SELL030,4.3,8
ORD01601,2025-08-28 00:00:00,Delivered,CUST0234,Male,Madurai,Tamil Nadu,PROD0029,Skincare Product 29,Beauty,Skincare,1,15767.58,15,15767.58,821.31,309.89,SELL031,SELL031,3.6,9
ORD01601,2025-08-28 00:00:00,Delivered,CUST0234,Male,Madurai,Tamil Nadu,PROD0084,Skincare Product 84,Beauty,Skincare,2,38215.39,15,76430.78,16169.16,238.75,SELL013,SELL013,5.0,9
ORD01602,2025-08-15 03:00:00,Delivered,CUST0038,Male,Madurai,Tamil Nadu,PROD0036,Skincare Product 36,Beauty,Skincare,1,47334.06,0,47334.06,18462.64,474.06,SELL006,SELL006,4.5,3
ORD01602,2025-08-15 03:00:00,Delivered,CUST0038,Male,Madurai,Tamil Nadu,PROD0079,Education Product 79,Books,Education,1,12034.77,5,12034.77,4679.23,240.44,SELL023,SELL023,4.2,4
ORD01602,2025-08-15 03:00:00,Delivered,CUST0038,Male,Madurai,Tamil Nadu,PROD0004,Makeup Product 4,Beauty,Makeup,1,25044.52,10,25044.52,3790.33,273.92,SELL015,SELL015,3.9,10
ORD01602,2025-08-15 03:00:00,Delivered,CUST0038,Male,Madurai,Tamil Nadu,PROD0022,Skincare Product 22,Beauty,Skincare,2,9216.42,20,18432.84,4904.46,465.04,SELL037,SELL037,3.6,10
ORD01603,2025-12-15 00:00:00,Shipped,CUST0246,Male,Chennai,Tamil Nadu,PROD0097,Women Product 97,Fashion,Women,2,7892.47,5,15784.94,2452.84,114.65,SELL040,SELL040,4.9,
ORD01603,2025-12-15 00:00:00,Shipped,CUST0246,Male,Chennai,Tamil Nadu,PROD0008,Men Product 8,Fashion,Men,3,25351.31,0,76053.93,30680.85,211.38,SELL026,SELL026,4.3,
ORD01603,2025-12-15 00:00:00,Shipped,CUST0246,Male,Chennai,Tamil Nadu,PROD0040,Audio Product 40,Electronics,Audio,3,35659.07,10,106977.21,37186.23,334.37,SELL008,SELL008,3.9,
ORD01604,2025-08-07 22:00:00,Processing,CUST0156,Male,New Delhi,Delhi,PROD0026,Furniture Product 26,Home & Kitchen,Furniture,2,30709.52,15,61419.04,20824.88,206.77,SELL036,SELL036,4.3,
ORD01604,2025-08-07 22:00:00,Processing,CUST0156,Male,New Delhi,Delhi,PROD0096,Fitness Product 96,Sports,Fitness,3,41611.69,0,124835.07,38712.9,322.22,SELL022,SELL022,3.5,
ORD01605,2025-05-14 22:00:00,Delivered,CUST0048,Male,Kozhikode,Kerala,PROD0016,Technology Product 16,Books,Technology,3,31531.66,5,94594.98,36362.61,470.5,SELL031,SELL031,3.6,4
ORD01606,2025-04-28 10:00:00,Delivered,CUST0245,Female,Chennai,Tamil Nadu,PROD0018,Women Product 18,Fashion,Women,1,30229.46,10,30229.46,4238.21,306.1,SELL022,SELL022,3.5,2
ORD01607,2025-05-15 12:00:00,Delivered,CUST0190,Female,Mysuru,Karnataka,PROD0058,Education Product 58,Books,Education,3,28510.97,10,85532.91,12439.86,325.34,SELL007,SELL007,4.3,5
ORD01607,2025-05-15 12:00:00,Delivered,CUST0190,Female,Mysuru,Karnataka,PROD0002,Skincare Product 2,Beauty,Skincare,1,3080.28,0,3080.28,694.42,440.75,SELL021,SELL021,4.2,2
ORD01608,2025-10-04 12:00:00,Delivered,CUST0051,Male,Mysuru,Karnataka,PROD0017,Fiction Product 17,Books,Fiction,2,14086.53,10,28173.06,7772.52,184.76,SELL039,SELL039,4.8,4
ORD01609,2025-12-08 02:00:00,Shipped,CUST0025,Female,Nizamabad,Telangana,PROD0008,Men Product 8,Fashion,Men,1,24083.74,5,24083.74,8959.38,427.66,SELL021,SELL021,4.2,
ORD01609,2025-12-08 02:00:00,Shipped,CUST0025,Female,Nizamabad,Telangana,PROD0011,Haircare Product 11,Beauty,Haircare,1,38779.62,0,38779.62,10342.43,148.62,SELL030,SELL030,4.3,
ORD01610,2025-04-29 00:00:00,Delivered,CUST0045,Male,Vijayawada,Andhra Pradesh,PROD0025,Women Product 25,Fashion,Women,2,26966.71,10,53933.42,18478.3,206.47,SELL034,SELL034,4.7,10
ORD01611,2025-09-02 04:00:00,Delivered,CUST0208,Female,Mumbai,Maharashtra,PROD0034,Fitness Product 34,Sports,Fitness,1,12988.69,10,12988.69,2077.59,473.65,SELL034,SELL034,4.7,9
ORD01612,2025-06-12 23:00:00,Delivered,CUST0186,Male,Hyderabad,Telangana,PROD0068,Appliances Product 68,Home & Kitchen,Appliances,1,16230.27,0,16230.27,6952.75,223.01,SELL036,SELL036,4.3,7
ORD01613,2025-09-04 12:00:00,Delivered,CUST0063,Other,Kozhikode,Kerala,PROD0004,Makeup Product 4,Beauty,Makeup,1,27827.24,0,27827.24,6573.05,84.69,SELL010,SELL010,4.2,9
ORD01614,2025-11-17 19:00:00,Delivered,CUST0163,Male,Vijayawada,Andhra Pradesh,PROD0032,Furniture Product 32,Home & Kitchen,Furniture,1,41497.76,5,41497.76,16857.33,61.83,SELL010,SELL010,4.2,6
ORD01615,2025-10-01 04:00:00,Processing,CUST0072,Male,Surat,Gujarat,PROD0014,Technology Product 14,Books,Technology,1,39326.09,10,39326.09,11360.53,246.71,SELL012,SELL012,4.8,
ORD01616,2025-06-14 05:00:00,Cancelled,CUST0291,Female,Kozhikode,Kerala,PROD0033,Haircare Product 33,Beauty,Haircare,1,26446.48,5,26446.48,10364.26,387.26,SELL017,SELL017,3.6,
ORD01617,2025-12-27 23:00:00,Delivered,CUST0220,Male,Surat,Gujarat,PROD0010,Fitness Product 10,Sports,Fitness,1,17436.22,5,17436.22,2792.67,41.42,SELL015,SELL015,3.9,2
ORD01617,2025-12-27 23:00:00,Delivered,CUST0220,Male,Surat,Gujarat,PROD0040,Audio Product 40,Electronics,Audio,1,37640.13,5,37640.13,14376.47,255.08,SELL034,SELL034,4.7,7
ORD01618,2025-12-24 05:00:00,Shipped,CUST0199,Male,Madurai,Tamil Nadu,PROD0046,Makeup Product 46,Beauty,Makeup,1,39746.48,0,39746.48,12980.38,365.22,SELL037,SELL037,3.6,
ORD01619,2025-07-31 05:00:00,Processing,CUST0060,Female,Mumbai,Maharashtra,PROD0019,Technology Product 19,Books,Technology,1,45644.29,0,45644.29,19388.22,281.54,SELL013,SELL013,5.0,
ORD01620,2025-09-08 14:00:00,Shipped,CUST0291,Female,Kozhikode,Kerala,PROD0026,Furniture Product 26,Home & Kitchen,Furniture,3,30709.52,15,92128.56,31237.32,178.45,SELL023,SELL023,4.2,
ORD01620,2025-09-08 14:00:00,Shipped,CUST0291,Female,Kozhikode,Kerala,PROD0078,Fitness Product 78,Sports,Fitness,1,21272.5,20,21272.5,3789.98,413.58,SELL023,SELL023,4.2,
ORD01621,2025-09-03 21:00:00,Delivered,CUST0033,Female,Bengaluru,Karnataka,PROD0091,Audio Product 91,Electronics,Audio,1,16046.77,20,16046.77,1131.86,214.68,SELL034,SELL034,4.7,10
ORD01622,2025-02-22 05:00:00,Delivered,CUST0054,Male,Nizamabad,Telangana,PROD0027,Women Product 27,Fashion,Women,2,46062.68,5,92125.36,22802.4,199.9,SELL002,SELL002,4.5,4
ORD01623,2025-03-27 20:00:00,Delivered,CUST0296,Male,Chennai,Tamil Nadu,PROD0022,Skincare Product 22,Beauty,Skincare,1,10944.49,5,10944.49,4180.3,366.57,SELL008,SELL008,3.9,5
ORD01624,2025-06-30 09:00:00,Delivered,CUST0219,Other,New Delhi,Delhi,PROD0009,Decor Product 9,Home & Kitchen,Decor,1,49551.55,0,49551.55,15286.73,168.62,SELL040,SELL040,4.9,2
ORD01625,2025-09-08 19:00:00,Delivered,CUST0083,Male,Mumbai,Maharashtra,PROD0009,Decor Product 9,Home & Kitchen,Decor,1,44596.4,10,44596.4,10331.58,196.14,SELL011,SELL011,3.8,5
ORD01626,2025-01-17 16:00:00,Delivered,CUST0042,Female,Kochi,Kerala,PROD0017,Fiction Product 17,Books,Fiction,1,15651.7,0,15651.7,5451.43,354.34,SELL009,SELL009,4.2,8
ORD01627,2025-05-04 10:00:00,Delivered,CUST0067,Female,Nizamabad,Telangana,PROD0025,Women Product 25,Fashion,Women,2,25468.56,15,50937.12,15482.0,330.68,SELL018,SELL018,4.1,2
ORD01628,2025-08-11 18:00:00,Delivered,CUST0059,Female,Vadodara,Gujarat,PROD0054,Audio Product 54,Electronics,Audio,1,37504.93,5,37504.93,12116.2,452.93,SELL026,SELL026,4.3,8
ORD01629,2025-05-08 06:00:00,Shipped,CUST0005,Male,Ahmedabad,Gujarat,PROD0003,Smartphones Product 3,Electronics,Smartphones,1,29304.34,5,29304.34,8115.51,302.73,SELL025,SELL025,3.9,
ORD01630,2025-01-15 03:00:00,Delivered,CUST0283,Male,Hyderabad,Telangana,PROD0075,Laptops Product 75,Electronics,Laptops,2,38981.14,0,77962.28,27371.88,31.69,SELL027,SELL027,3.7,9
ORD01631,2025-12-01 19:00:00,Cancelled,CUST0010,Female,New Delhi,Delhi,PROD0013,Education Product 13,Books,Education,1,12228.36,15,12228.36,1504.69,362.92,SELL013,SELL013,5.0,
ORD01631,2025-12-01 19:00:00,Cancelled,CUST0010,Female,New Delhi,Delhi,PROD0094,Accessories Product 94,Electronics,Accessories,1,23425.2,0,23425.2,7269.14,106.44,SELL024,SELL024,4.4,
ORD01632,2025-06-16 16:00:00,Shipped,CUST0025,Female,Nizamabad,Telangana,PROD0039,Audio Product 39,Electronics,Audio,1,11420.8,0,11420.8,4156.66,56.92,SELL016,SELL016,4.2,
ORD01633,2025-06-24 23:00:00,Processing,CUST0090,Male,Ahmedabad,Gujarat,PROD0012,Audio Product 12,Electronics,Audio,2,2999.74,15,5999.48,1937.36,180.09,SELL022,SELL022,3.5,
ORD01633,2025-06-24 23:00:00,Processing,CUST0090,Male,Ahmedabad,Gujarat,PROD0015,Sportswear Product 15,Sports,Sportswear,2,6921.76,5,13843.52,4452.5,360.94,SELL028,SELL028,4.0,
ORD01634,2025-05-22 17:00:00,Delivered,CUST0228,Male,New Delhi,Delhi,PROD0046,Makeup Product 46,Beauty,Makeup,2,37759.16,5,75518.32,21986.12,85.33,SELL001,SELL001,4.5,9
ORD01634,2025-05-22 17:00:00,Delivered,CUST0228,Male,New Delhi,Delhi,PROD0069,Education Product 69,Books,Education,1,13948.35,10,13948.35,2902.68,429.29,SELL035,SELL035,4.6,10
ORD01634,2025-05-22 17:00:00,Delivered,CUST0228,Male,New Delhi,Delhi,PROD0065,Haircare Product 65,Beauty,Haircare,2,48692.75,0,97385.5,30776.26,316.3,SELL020,SELL020,4.6,9
ORD01635,2025-11-02 05:00:00,Delivered,CUST0187,Male,Kochi,Kerala,PROD0042,Education Product 42,Books,Education,1,20311.13,10,20311.13,7866.78,430.72,SELL029,SELL029,3.6,3
ORD01636,2025-04-25 00:00:00,Delivered,CUST0281,Male,New Delhi,Delhi,PROD0057,Women Product 57,Fashion,Women,1,39483.51,5,39483.51,8941.38,288.26,SELL007,SELL007,4.3,4
ORD01636,2025-04-25 00:00:00,Delivered,CUST0281,Male,New Delhi,Delhi,PROD0033,Haircare Product 33,Beauty,Haircare,3,26446.48,5,79339.44,31092.78,458.43,SELL023,SELL023,4.2,6
ORD01636,2025-04-25 00:00:00,Delivered,CUST0281,Male,New Delhi,Delhi,PROD0042,Education Product 42,Books,Education,2,22567.92,0,45135.84,20247.14,193.86,SELL003,SELL003,4.7,9
ORD01637,2025-07-14 22:00:00,Delivered,CUST0104,Male,Surat,Gujarat,PROD0026,Furniture Product 26,Home & Kitchen,Furniture,2,36128.85,0,72257.7,31663.54,345.66,SELL028,SELL028,4.0,4
ORD01637,2025-07-14 22:00:00,Delivered,CUST0104,Male,Surat,Gujarat,PROD0035,Accessories Product 35,Fashion,Accessories,2,43024.53,5,86049.06,32627.62,369.11,SELL037,SELL037,3.6,8
ORD01637,2025-07-14 22:00:00,Delivered,CUST0104,Male,Surat,Gujarat,PROD0059,Accessories Product 59,Electronics,Accessories,2,1776.45,15,3552.9,1026.46,161.96,SELL001,SELL001,4.5,7
ORD01638,2025-10-20 19:00:00,Delivered,CUST0127,Female,New Delhi,Delhi,PROD0017,Fiction Product 17,Books,Fiction,1,13303.94,15,13303.94,3103.67,357.09,SELL007,SELL007,4.3,7
ORD01638,2025-10-20 19:00:00,Delivered,CUST0127,Female,New Delhi,Delhi,PROD0060,Kitchen Product 60,Home & Kitchen,Kitchen,3,13558.26,15,40674.78,10349.55,133.55,SELL004,SELL004,3.6,9
ORD01639,2025-03-16 16:00:00,Delivered,CUST0181,Male,Thrissur,Kerala,PROD0066,Haircare Product 66,Beauty,Haircare,2,43922.73,5,87845.46,24023.02,390.48,SELL033,SELL033,5.0,3
ORD01639,2025-03-16 16:00:00,Delivered,CUST0181,Male,Thrissur,Kerala,PROD0051,Men Product 51,Fashion,Men,3,45297.74,5,135893.22,36204.51,357.44,SELL016,SELL016,4.2,5
ORD01640,2025-01-05 20:00:00,Delivered,CUST0292,Male,Vijayawada,Andhra Pradesh,PROD0079,Education Product 79,Books,Education,2,12668.18,0,25336.36,10625.28,351.48,SELL020,SELL020,4.6,8
ORD01641,2025-01-23 14:00:00,Delivered,CUST0057,Female,Tirupati,Andhra Pradesh,PROD0050,Skincare Product 50,Beauty,Skincare,1,33302.47,0,33302.47,14216.3,391.24,SELL022,SELL022,3.5,6
ORD01642,2025-12-19 12:00:00,Delivered,CUST0056,Male,Nizamabad,Telangana,PROD0084,Skincare Product 84,Beauty,Skincare,1,40463.35,10,40463.35,10332.54,184.81,SELL033,SELL033,5.0,8
ORD01643,2025-11-07 22:00:00,Shipped,CUST0237,Male,Madurai,Tamil Nadu,PROD0058,Education Product 58,Books,Education,3,30094.92,5,90284.76,17191.71,225.82,SELL015,SELL015,3.9,
ORD01643,2025-11-07 22:00:00,Shipped,CUST0237,Male,Madurai,Tamil Nadu,PROD0065,Haircare Product 65,Beauty,Haircare,1,46258.11,5,46258.11,12953.49,175.43,SELL036,SELL036,4.3,
ORD01644,2025-09-08 22:00:00,Delivered,CUST0020,Female,Nagpur,Maharashtra,PROD0088,Laptops Product 88,Electronics,Laptops,1,37672.51,5,37672.51,13327.4,443.68,SELL030,SELL030,4.3,9
ORD01645,2025-12-03 00:00:00,Delivered,CUST0162,Male,Hyderabad,Telangana,PROD0075,Laptops Product 75,Electronics,Laptops,1,38981.14,0,38981.14,13685.94,364.45,SELL011,SELL011,3.8,6
ORD01646,2025-10-28 19:00:00,Delivered,CUST0298,Female,Kozhikode,Kerala,PROD0094,Accessories Product 94,Electronics,Accessories,1,18740.16,20,18740.16,2584.1,94.97,SELL015,SELL015,3.9,7
ORD01646,2025-10-28 19:00:00,Delivered,CUST0298,Female,Kozhikode,Kerala,PROD0024,Sportswear Product 24,Sports,Sportswear,1,44213.19,0,44213.19,19445.32,141.81,SELL026,SELL026,4.3,3
ORD01647,2025-03-21 08:00:00,Delivered,CUST0231,Male,Visakhapatnam,Andhra Pradesh,PROD0035,Accessories Product 35,Fashion,Accessories,1,45288.98,0,45288.98,18578.26,402.34,SELL031,SELL031,3.6,6
ORD01648,2025-07-08 11:00:00,Delivered,CUST0161,Male,Vijayawada,Andhra Pradesh,PROD0005,Accessories Product 5,Electronics,Accessories,1,45475.24,0,45475.24,13444.88,487.96,SELL031,SELL031,3.6,7
ORD01648,2025-07-08 11:00:00,Delivered,CUST0161,Male,Vijayawada,Andhra Pradesh,PROD0006,Appliances Product 6,Home & Kitchen,Appliances,3,27314.14,10,81942.42,19541.52,294.89,SELL017,SELL017,3.6,5
ORD01648,2025-07-08 11:00:00,Delivered,CUST0161,Male,Vijayawada,Andhra Pradesh,PROD0053,Accessories Product 53,Electronics,Accessories,2,49056.71,0,98113.42,37431.68,105.26,SELL031,SELL031,3.6,9
ORD01648,2025-07-08 11:00:00,Delivered,CUST0161,Male,Vijayawada,Andhra Pradesh,PROD0015,Sportswear Product 15,Sports,Sportswear,1,6193.15,15,6193.15,1497.64,310.62,SELL036,SELL036,4.3,7
ORD01649,2025-06-16 00:00:00,Delivered,CUST0215,Female,Warangal,Telangana,PROD0020,Education Product 20,Books,Education,1,22992.57,10,22992.57,8815.8,327.19,SELL035,SELL035,4.6,4
ORD01650,2025-12-10 00:00:00,Cancelled,CUST0128,Male,Hyderabad,Telangana,PROD0075,Laptops Product 75,Electronics,Laptops,3,38981.14,0,116943.42,41057.82,186.43,SELL009,SELL009,4.2,
ORD01650,2025-12-10 00:00:00,Cancelled,CUST0128,Male,Hyderabad,Telangana,PROD0043,Smartphones Product 43,Electronics,Smartphones,1,12333.11,5,12333.11,2266.18,283.3,SELL001,SELL001,4.5,
ORD01650,2025-12-10 00:00:00,Cancelled,CUST0128,Male,Hyderabad,Telangana,PROD0007,Accessories Product 7,Electronics,Accessories,3,5399.22,0,16197.66,3356.73,333.7,SELL020,SELL020,4.6,
ORD01651,2025-10-23 23:00:00,Delivered,CUST0099,Male,Kozhikode,Kerala,PROD0067,Accessories Product 67,Electronics,Accessories,2,3550.13,15,7100.26,1147.22,218.14,SELL012,SELL012,4.8,7
ORD01652,2025-10-16 00:00:00,Delivered,CUST0218,Male,Surat,Gujarat,PROD0048,Sportswear Product 48,Sports,Sportswear,2,11672.1,5,23344.2,8876.56,245.22,SELL022,SELL022,3.5,9
ORD01653,2025-02-04 10:00:00,Delivered,CUST0013,Male,New Delhi,Delhi,PROD0027,Women Product 27,Fashion,Women,1,48487.03,0,48487.03,13825.55,235.12,SELL017,SELL017,3.6,6
ORD01654,2025-10-10 20:00:00,Delivered,CUST0038,Male,Madurai,Tamil Nadu,PROD0095,Furniture Product 95,Home & Kitchen,Furniture,2,38447.14,0,76894.28,31923.52,462.34,SELL005,SELL005,3.8,6
ORD01655,2025-01-13 15:00:00,Delivered,CUST0115,Male,New Delhi,Delhi,PROD0072,Fiction Product 72,Books,Fiction,1,3584.97,10,3584.97,708.52,238.9,SELL010,SELL010,4.2,10
ORD01655,2025-01-13 15:00:00,Delivered,CUST0115,Male,New Delhi,Delhi,PROD0017,Fiction Product 17,Books,Fiction,1,14086.53,10,14086.53,3886.26,178.31,SELL018,SELL018,4.1,10
ORD01656,2025-03-27 17:00:00,Cancelled,CUST0228,Male,New Delhi,Delhi,PROD0085,Audio Product 85,Electronics,Audio,2,30127.53,10,60255.06,10606.5,42.12,SELL034,SELL034,4.7,
ORD01657,2025-10-23 17:00:00,Delivered,CUST0216,Female,Visakhapatnam,Andhra Pradesh,PROD0065,Haircare Product 65,Beauty,Haircare,1,43823.47,10,43823.47,10518.85,157.25,SELL038,SELL038,4.3,4
ORD01658,2025-12-21 00:00:00,Delivered,CUST0214,Male,Kozhikode,Kerala,PROD0089,Skincare Product 89,Beauty,Skincare,3,14563.68,20,43691.04,5214.81,113.14,SELL017,SELL017,3.6,7
ORD01659,2025-09-11 17:00:00,Processing,CUST0241,Male,Tirupati,Andhra Pradesh,PROD0090,Makeup Product 90,Beauty,Makeup,1,6370.81,5,6370.81,1081.38,245.33,SELL018,SELL018,4.1,
ORD01659,2025-09-11 17:00:00,Processing,CUST0241,Male,Tirupati,Andhra Pradesh,PROD0078,Fitness Product 78,Sports,Fitness,4,26590.63,0,106362.52,36432.44,455.29,SELL004,SELL004,3.6,
ORD01660,2025-06-06 04:00:00,Delivered,CUST0280,Male,Thrissur,Kerala,PROD0019,Technology Product 19,Books,Technology,2,45644.29,0,91288.58,38776.44,332.63,SELL026,SELL026,4.3,4
ORD01661,2025-09-10 02:00:00,Delivered,CUST0101,Female,Mumbai,Maharashtra,PROD0092,Makeup Product 92,Beauty,Makeup,1,20687.06,0,20687.06,7022.28,124.59,SELL026,SELL026,4.3,8
ORD01662,2025-07-13 09:00:00,Returned,CUST0206,Female,Surat,Gujarat,PROD0009,Decor Product 9,Home & Kitchen,Decor,1,47073.97,5,47073.97,12809.15,451.86,SELL010,SELL010,4.2,
ORD01663,2025-03-10 17:00:00,Delivered,CUST0135,Female,Warangal,Telangana,PROD0011,Haircare Product 11,Beauty,Haircare,1,34901.66,10,34901.66,6464.47,489.24,SELL002,SELL002,4.5,2
ORD01663,2025-03-10 17:00:00,Delivered,CUST0135,Female,Warangal,Telangana,PROD0052,Sportswear Product 52,Sports,Sportswear,2,1198.55,5,2397.1,414.32,275.48,SELL036,SELL036,4.3,3
ORD01664,2025-09-06 03:00:00,Delivered,CUST0205,Male,Vadodara,Gujarat,PROD0008,Men Product 8,Fashion,Men,2,25351.31,0,50702.62,20453.9,136.26,SELL031,SELL031,3.6,10
ORD01665,2025-08-20 22:00:00,Delivered,CUST0195,Male,Bengaluru,Karnataka,PROD0042,Education Product 42,Books,Education,1,19182.73,15,19182.73,6738.38,298.21,SELL005,SELL005,3.8,7
ORD01666,2025-10-12 23:00:00,Delivered,CUST0255,Male,Thrissur,Kerala,PROD0045,Women Product 45,Fashion,Women,1,15232.27,0,15232.27,6658.14,388.42,SELL019,SELL019,4.9,3
ORD01667,2025-01-07 21:00:00,Delivered,CUST0042,Female,Kochi,Kerala,PROD0078,Fitness Product 78,Sports,Fitness,2,23931.57,10,47863.14,12898.1,434.24,SELL030,SELL030,4.3,3
ORD01667,2025-01-07 21:00:00,Delivered,CUST0042,Female,Kochi,Kerala,PROD0061,Makeup Product 61,Beauty,Makeup,1,20231.39,15,20231.39,6905.15,228.46,SELL022,SELL022,3.5,3
ORD01667,2025-01-07 21:00:00,Delivered,CUST0042,Female,Kochi,Kerala,PROD0035,Accessories Product 35,Fashion,Accessories,2,36231.18,20,72462.36,19040.92,381.64,SELL039,SELL039,4.8,7
ORD01668,2025-03-19 12:00:00,Delivered,CUST0178,Female,Nizamabad,Telangana,PROD0084,Skincare Product 84,Beauty,Skincare,1,44959.28,0,44959.28,14828.47,163.58,SELL011,SELL011,3.8,8
ORD01669,2025-02-17 06:00:00,Delivered,CUST0188,Female,Pune,Maharashtra,PROD0057,Women Product 57,Fashion,Women,2,37405.43,10,74810.86,13726.6,352.76,SELL026,SELL026,4.3,9
ORD01669,2025-02-17 06:00:00,Delivered,CUST0188,Female,Pune,Maharashtra,PROD0055,Technology Product 55,Books,Technology,1,31505.78,0,31505.78,7614.78,347.75,SELL029,SELL029,3.6,5
ORD01670,2025-06-13 10:00:00,Delivered,CUST0272,Female,Nizamabad,Telangana,PROD0085,Audio Product 85,Electronics,Audio,2,31801.28,5,63602.56,13954.0,319.23,SELL003,SELL003,4.7,5
ORD01671,2025-09-21 01:00:00,Delivered,CUST0018,Female,New Delhi,Delhi,PROD0037,Haircare Product 37,Beauty,Haircare,2,44213.93,5,88427.86,26805.54,154.8,SELL003,SELL003,4.7,10
ORD01672,2025-05-13 11:00:00,Shipped,CUST0094,Male,Nagpur,Maharashtra,PROD0014,Technology Product 14,Books,Technology,1,34956.53,20,34956.53,6990.97,458.19,SELL008,SELL008,3.9,
ORD01672,2025-05-13 11:00:00,Shipped,CUST0094,Male,Nagpur,Maharashtra,PROD0013,Education Product 13,Books,Education,1,12947.68,10,12947.68,2224.01,63.29,SELL034,SELL034,4.7,
ORD01673,2025-12-09 23:00:00,Delivered,CUST0284,Male,Pune,Maharashtra,PROD0074,Sportswear Product 74,Sports,Sportswear,1,35208.24,10,35208.24,13324.53,54.59,SELL027,SELL027,3.7,7
ORD01674,2025-11-30 08:00:00,Delivered,CUST0102,Other,Hyderabad,Telangana,PROD0020,Education Product 20,Books,Education,1,25547.3,0,25547.3,11370.53,484.87,SELL027,SELL027,3.7,3
ORD01674,2025-11-30 08:00:00,Delivered,CUST0102,Other,Hyderabad,Telangana,PROD0019,Technology Product 19,Books,Technology,2,45644.29,0,91288.58,38776.44,187.42,SELL032,SELL032,3.9,7
ORD01675,2025-09-05 17:00:00,Processing,CUST0265,Female,Ahmedabad,Gujarat,PROD0098,Appliances Product 98,Home & Kitchen,Appliances,1,42648.56,10,42648.56,9946.48,316.16,SELL019,SELL019,4.9,
ORD01676,2025-10-26 07:00:00,Cancelled,CUST0090,Male,Ahmedabad,Gujarat,PROD0033,Haircare Product 33,Beauty,Haircare,4,23662.64,15,94650.56,30321.68,67.88,SELL031,SELL031,3.6,
ORD01677,2025-05-19 11:00:00,Shipped,CUST0025,Female,Nizamabad,Telangana,PROD0055,Technology Product 55,Books,Technology,3,29930.49,5,89791.47,18118.47,320.77,SELL040,SELL040,4.9,
ORD01678,2025-05-31 08:00:00,Delivered,CUST0170,Female,Kochi,Kerala,PROD0009,Decor Product 9,Home & Kitchen,Decor,1,49551.55,0,49551.55,15286.73,316.88,SELL016,SELL016,4.2,9
ORD01679,2025-12-21 06:00:00,Delivered,CUST0298,Female,Kozhikode,Kerala,PROD0078,Fitness Product 78,Sports,Fitness,1,25261.1,5,25261.1,7778.58,341.84,SELL028,SELL028,4.0,8
ORD01680,2025-09-22 19:00:00,Delivered,CUST0128,Male,Hyderabad,Telangana,PROD0037,Haircare Product 37,Beauty,Haircare,1,41886.88,10,41886.88,11075.72,344.47,SELL039,SELL039,4.8,6
ORD01680,2025-09-22 19:00:00,Delivered,CUST0128,Male,Hyderabad,Telangana,PROD0038,Makeup Product 38,Beauty,Makeup,1,16026.39,15,16026.39,3690.5,491.16,SELL027,SELL027,3.7,8
ORD01680,2025-09-22 19:00:00,Delivered,CUST0128,Male,Hyderabad,Telangana,PROD0062,Fiction Product 62,Books,Fiction,1,13759.82,5,13759.82,2422.06,361.47,SELL027,SELL027,3.7,9
ORD01681,2025-12-03 13:00:00,Delivered,CUST0015,Male,Mysuru,Karnataka,PROD0030,Haircare Product 30,Beauty,Haircare,1,38529.57,0,38529.57,9243.49,91.35,SELL007,SELL007,4.3,2
ORD01682,2025-12-12 05:00:00,Shipped,CUST0226,Male,Ahmedabad,Gujarat,PROD0009,Decor Product 9,Home & Kitchen,Decor,1,47073.97,5,47073.97,12809.15,440.94,SELL011,SELL011,3.8,
ORD01682,2025-12-12 05:00:00,Shipped,CUST0226,Male,Ahmedabad,Gujarat,PROD0069,Education Product 69,Books,Education,1,15498.17,0,15498.17,4452.5,409.05,SELL027,SELL027,3.7,
ORD01682,2025-12-12 05:00:00,Shipped,CUST0226,Male,Ahmedabad,Gujarat,PROD0053,Accessories Product 53,Electronics,Accessories,1,49056.71,0,49056.71,18715.84,358.31,SELL009,SELL009,4.2,
ORD01683,2025-09-07 17:00:00,Delivered,CUST0286,Female,Madurai,Tamil Nadu,PROD0090,Makeup Product 90,Beauty,Makeup,1,5700.2,15,5700.2,410.77,185.72,SELL020,SELL020,4.6,7
ORD01684,2025-09-25 00:00:00,Delivered,CUST0041,Male,Madurai,Tamil Nadu,PROD0018,Women Product 18,Fashion,Women,3,28550.05,15,85650.15,7676.4,275.96,SELL005,SELL005,3.8,2
ORD01685,2025-07-19 18:00:00,Processing,CUST0140,Female,Thrissur,Kerala,PROD0065,Haircare Product 65,Beauty,Haircare,4,41388.84,15,165555.36,32336.88,495.37,SELL011,SELL011,3.8,
ORD01686,2025-12-09 07:00:00,Shipped,CUST0041,Male,Madurai,Tamil Nadu,PROD0059,Accessories Product 59,Electronics,Accessories,2,1880.95,10,3761.9,1235.46,108.77,SELL006,SELL006,4.5,
ORD01687,2025-08-10 12:00:00,Delivered,CUST0107,Female,Mysuru,Karnataka,PROD0096,Fitness Product 96,Sports,Fitness,1,41611.69,0,41611.69,12904.3,474.03,SELL031,SELL031,3.6,8
ORD01688,2025-08-30 04:00:00,Delivered,CUST0096,Female,Pune,Maharashtra,PROD0020,Education Product 20,Books,Education,4,24269.93,5,97079.72,40372.64,293.69,SELL033,SELL033,5.0,10
ORD01688,2025-08-30 04:00:00,Delivered,CUST0096,Female,Pune,Maharashtra,PROD0001,Audio Product 1,Electronics,Audio,1,25490.01,0,25490.01,9334.18,379.39,SELL018,SELL018,4.1,2
ORD01689,2025-11-23 20:00:00,Delivered,CUST0137,Male,Kochi,Kerala,PROD0091,Audio Product 91,Electronics,Audio,1,19055.54,5,19055.54,4140.63,120.65,SELL016,SELL016,4.2,10
ORD01689,2025-11-23 20:00:00,Delivered,CUST0137,Male,Kochi,Kerala,PROD0048,Sportswear Product 48,Sports,Sportswear,2,10443.46,15,20886.92,6419.28,242.87,SELL009,SELL009,4.2,5
ORD01689,2025-11-23 20:00:00,Delivered,CUST0137,Male,Kochi,Kerala,PROD0062,Fiction Product 62,Books,Fiction,1,14484.02,0,14484.02,3146.26,189.64,SELL003,SELL003,4.7,10
ORD01690,2025-04-23 23:00:00,Delivered,CUST0237,Male,Madurai,Tamil Nadu,PROD0058,Education Product 58,Books,Education,1,31678.86,0,31678.86,7314.51,149.65,SELL002,SELL002,4.5,5
ORD01691,2025-06-25 10:00:00,Delivered,CUST0170,Female,Kochi,Kerala,PROD0088,Laptops Product 88,Electronics,Laptops,2,33706.98,15,67413.96,18723.74,492.04,SELL038,SELL038,4.3,3
ORD01691,2025-06-25 10:00:00,Delivered,CUST0170,Female,Kochi,Kerala,PROD0029,Skincare Product 29,Beauty,Skincare,1,18550.09,0,18550.09,3603.82,254.04,SELL003,SELL003,4.7,5
ORD01692,2025-07-04 18:00:00,Delivered,CUST0036,Female,New Delhi,Delhi,PROD0059,Accessories Product 59,Electronics,Accessories,1,1880.95,10,1880.95,617.73,440.66,SELL034,SELL034,4.7,6
ORD01692,2025-07-04 18:00:00,Delivered,CUST0036,Female,New Delhi,Delhi,PROD0030,Haircare Product 30,Beauty,Haircare,1,38529.57,0,38529.57,9243.49,483.71,SELL025,SELL025,3.9,8
ORD01693,2025-12-10 13:00:00,Delivered,CUST0136,Female,Tirupati,Andhra Pradesh,PROD0010,Fitness Product 10,Sports,Fitness,1,16518.53,10,16518.53,1874.98,195.56,SELL011,SELL011,3.8,7
ORD01694,2025-05-03 21:00:00,Delivered,CUST0083,Male,Mumbai,Maharashtra,PROD0036,Skincare Product 36,Beauty,Skincare,1,47334.06,0,47334.06,18462.64,223.91,SELL011,SELL011,3.8,2
ORD01695,2025-01-25 07:00:00,Shipped,CUST0066,Other,Nagpur,Maharashtra,PROD0031,Sportswear Product 31,Sports,Sportswear,1,17916.62,15,17916.62,5401.21,206.68,SELL033,SELL033,5.0,
ORD01695,2025-01-25 07:00:00,Shipped,CUST0066,Other,Nagpur,Maharashtra,PROD0093,Fitness Product 93,Sports,Fitness,1,6160.76,5,6160.76,2038.9,288.37,SELL035,SELL035,4.6,
ORD01696,2025-02-08 01:00:00,Delivered,CUST0281,Male,New Delhi,Delhi,PROD0027,Women Product 27,Fashion,Women,2,48487.03,0,96974.06,27651.1,219.74,SELL018,SELL018,4.1,4
ORD01696,2025-02-08 01:00:00,Delivered,CUST0281,Male,New Delhi,Delhi,PROD0059,Accessories Product 59,Electronics,Accessories,1,1880.95,10,1880.95,617.73,260.77,SELL002,SELL002,4.5,9
ORD01697,2025-11-08 13:00:00,Delivered,CUST0188,Female,Pune,Maharashtra,PROD0038,Makeup Product 38,Beauty,Makeup,3,18854.58,0,56563.74,19556.07,191.33,SELL023,SELL023,4.2,7
ORD01698,2025-06-25 10:00:00,Processing,CUST0014,Female,Tirupati,Andhra Pradesh,PROD0091,Audio Product 91,Electronics,Audio,1,20058.46,0,20058.46,5143.55,201.34,SELL006,SELL006,4.5,
ORD01699,2025-10-14 07:00:00,Delivered,CUST0039,Male,Hyderabad,Telangana,PROD0085,Audio Product 85,Electronics,Audio,1,28453.78,15,28453.78,3629.5,472.93,SELL024,SELL024,4.4,10
ORD01700,2025-03-25 02:00:00,Delivered,CUST0257,Male,Bengaluru,Karnataka,PROD0091,Audio Product 91,Electronics,Audio,1,17049.69,15,17049.69,2134.78,205.9,SELL012,SELL012,4.8,8
ORD01701,2025-12-07 04:00:00,Delivered,CUST0021,Other,New Delhi,Delhi,PROD0026,Furniture Product 26,Home & Kitchen,Furniture,1,32515.97,10,32515.97,12218.89,96.5,SELL002,SELL002,4.5,2
ORD01702,2025-02-16 05:00:00,Delivered,CUST0089,Male,Vadodara,Gujarat,PROD0090,Makeup Product 90,Beauty,Makeup,1,5364.9,20,5364.9,75.47,235.16,SELL012,SELL012,4.8,5
ORD01703,2025-10-22 08:00:00,Delivered,CUST0012,Male,Surat,Gujarat,PROD0005,Accessories Product 5,Electronics,Accessories,2,40927.72,10,81855.44,17794.72,196.18,SELL024,SELL024,4.4,6
ORD01704,2025-09-02 19:00:00,Processing,CUST0145,Female,Nagpur,Maharashtra,PROD0020,Education Product 20,Books,Education,1,25547.3,0,25547.3,11370.53,290.23,SELL021,SELL021,4.2,
ORD01705,2025-04-15 09:00:00,Delivered,CUST0059,Female,Vadodara,Gujarat,PROD0091,Audio Product 91,Electronics,Audio,1,20058.46,0,20058.46,5143.55,390.55,SELL031,SELL031,3.6,7
ORD01705,2025-04-15 09:00:00,Delivered,CUST0059,Female,Vadodara,Gujarat,PROD0047,Accessories Product 47,Electronics,Accessories,1,29937.77,0,29937.77,13339.15,246.99,SELL040,SELL040,4.9,8
ORD01706,2025-03-01 03:00:00,Delivered,CUST0066,Other,Nagpur,Maharashtra,PROD0091,Audio Product 91,Electronics,Audio,1,20058.46,0,20058.46,5143.55,73.37,SELL033,SELL033,5.0,5
ORD01706,2025-03-01 03:00:00,Delivered,CUST0066,Other,Nagpur,Maharashtra,PROD0027,Women Product 27,Fashion,Women,2,46062.68,5,92125.36,22802.4,106.5,SELL038,SELL038,4.3,5
ORD01707,2025-10-24 12:00:00,Delivered,CUST0036,Female,New Delhi,Delhi,PROD0074,Sportswear Product 74,Sports,Sportswear,2,33252.23,15,66504.46,22737.04,46.97,SELL007,SELL007,4.3,5
ORD01708,2025-12-23 06:00:00,Delivered,CUST0288,Female,Warangal,Telangana,PROD0081,Fitness Product 81,Sports,Fitness,1,10618.71,20,10618.71,2385.52,487.69,SELL026,SELL026,4.3,10
ORD01709,2025-01-06 20:00:00,Delivered,CUST0044,Female,Surat,Gujarat,PROD0065,Haircare Product 65,Beauty,Haircare,1,48692.75,0,48692.75,15388.13,437.4,SELL031,SELL031,3.6,4
ORD01710,2025-01-12 07:00:00,Delivered,CUST0082,Male,Warangal,Telangana,PROD0064,Haircare Product 64,Beauty,Haircare,1,35368.08,5,35368.08,5898.94,391.87,SELL005,SELL005,3.8,5
ORD01711,2025-08-21 11:00:00,Delivered,CUST0254,Female,Pune,Maharashtra,PROD0020,Education Product 20,Books,Education,1,24269.93,5,24269.93,10093.16,380.8,SELL015,SELL015,3.9,6
ORD01712,2025-02-09 02:00:00,Delivered,CUST0258,Other,New Delhi,Delhi,PROD0041,Accessories Product 41,Fashion,Accessories,3,27903.66,20,83710.98,22238.43,478.43,SELL029,SELL029,3.6,7
ORD01712,2025-02-09 02:00:00,Delivered,CUST0258,Other,New Delhi,Delhi,PROD0099,Men Product 99,Fashion,Men,1,10809.97,15,10809.97,1634.65,126.71,SELL037,SELL037,3.6,4
ORD01713,2025-01-07 11:00:00,Delivered,CUST0012,Male,Surat,Gujarat,PROD0051,Men Product 51,Fashion,Men,1,42913.65,10,42913.65,9684.08,493.8,SELL039,SELL039,4.8,6
ORD01713,2025-01-07 11:00:00,Delivered,CUST0012,Male,Surat,Gujarat,PROD0088,Laptops Product 88,Electronics,Laptops,1,37672.51,5,37672.51,13327.4,43.76,SELL016,SELL016,4.2,7
ORD01714,2025-10-24 15:00:00,Processing,CUST0014,Female,Tirupati,Andhra Pradesh,PROD0026,Furniture Product 26,Home & Kitchen,Furniture,1,36128.85,0,36128.85,15831.77,426.86,SELL016,SELL016,4.2,
ORD01715,2025-05-27 22:00:00,Delivered,CUST0151,Female,New Delhi,Delhi,PROD0022,Skincare Product 22,Beauty,Skincare,1,10368.47,10,10368.47,3604.28,425.14,SELL030,SELL030,4.3,9
ORD01715,2025-05-27 22:00:00,Delivered,CUST0151,Female,New Delhi,Delhi,PROD0032,Furniture Product 32,Home & Kitchen,Furniture,1,41497.76,5,41497.76,16857.33,447.99,SELL032,SELL032,3.9,2
ORD01716,2025-12-18 11:00:00,Delivered,CUST0073,Female,Mumbai,Maharashtra,PROD0015,Sportswear Product 15,Sports,Sportswear,1,7286.06,0,7286.06,2590.55,300.77,SELL014,SELL014,4.3,7
ORD01717,2025-03-26 07:00:00,Delivered,CUST0266,Female,Nizamabad,Telangana,PROD0063,Audio Product 63,Electronics,Audio,1,13150.4,5,13150.4,2549.48,328.41,SELL013,SELL013,5.0,3
ORD01718,2025-07-30 08:00:00,Delivered,CUST0121,Other,Kochi,Kerala,PROD0036,Skincare Product 36,Beauty,Skincare,2,40233.95,15,80467.9,22725.06,154.9,SELL028,SELL028,4.0,7
ORD01718,2025-07-30 08:00:00,Delivered,CUST0121,Other,Kochi,Kerala,PROD0067,Accessories Product 67,Electronics,Accessories,1,3758.96,10,3758.96,782.44,91.23,SELL026,SELL026,4.3,7
ORD01719,2025-08-15 15:00:00,Delivered,CUST0295,Male,Coimbatore,Tamil Nadu,PROD0066,Haircare Product 66,Beauty,Haircare,1,41611.0,10,41611.0,9699.78,148.94,SELL007,SELL007,4.3,9
ORD01720,2025-12-26 12:00:00,Processing,CUST0110,Female,Mumbai,Maharashtra,PROD0040,Audio Product 40,Electronics,Audio,3,33678.01,15,101034.03,31243.05,442.4,SELL025,SELL025,3.9,
ORD01721,2025-06-24 10:00:00,Delivered,CUST0171,Male,Coimbatore,Tamil Nadu,PROD0023,Audio Product 23,Electronics,Audio,3,40147.29,5,120441.87,47250.21,383.94,SELL033,SELL033,5.0,10
ORD01721,2025-06-24 10:00:00,Delivered,CUST0171,Male,Coimbatore,Tamil Nadu,PROD0095,Furniture Product 95,Home & Kitchen,Furniture,1,38447.14,0,38447.14,15961.76,155.45,SELL015,SELL015,3.9,4
ORD01721,2025-06-24 10:00:00,Delivered,CUST0171,Male,Coimbatore,Tamil Nadu,PROD0051,Men Product 51,Fashion,Men,1,40529.56,15,40529.56,7299.99,348.03,SELL002,SELL002,4.5,8
ORD01722,2025-12-12 13:00:00,Shipped,CUST0182,Male,Vijayawada,Andhra Pradesh,PROD0012,Audio Product 12,Electronics,Audio,1,3352.65,5,3352.65,1321.59,490.33,SELL006,SELL006,4.5,
ORD01723,2025-09-25 12:00:00,Shipped,CUST0113,Male,Vijayawada,Andhra Pradesh,PROD0013,Education Product 13,Books,Education,2,12228.36,15,24456.72,3009.38,213.57,SELL029,SELL029,3.6,
ORD01724,2025-06-16 21:00:00,Delivered,CUST0298,Female,Kozhikode,Kerala,PROD0004,Makeup Product 4,Beauty,Makeup,1,26435.88,5,26435.88,5181.69,461.8,SELL039,SELL039,4.8,5
ORD01725,2025-01-10 07:00:00,Delivered,CUST0133,Female,Chennai,Tamil Nadu,PROD0096,Fitness Product 96,Sports,Fitness,2,41611.69,0,83223.38,25808.6,354.78,SELL031,SELL031,3.6,10
ORD01726,2025-12-30 03:00:00,Delivered,CUST0172,Female,Mysuru,Karnataka,PROD0079,Education Product 79,Books,Education,1,12668.18,0,12668.18,5312.64,94.95,SELL025,SELL025,3.9,10
ORD01727,2025-12-23 22:00:00,Cancelled,CUST0244,Female,Hyderabad,Telangana,PROD0065,Haircare Product 65,Beauty,Haircare,3,48692.75,0,146078.25,46164.39,484.42,SELL001,SELL001,4.5,
ORD01728,2025-11-28 14:00:00,Delivered,CUST0035,Male,Madurai,Tamil Nadu,PROD0090,Makeup Product 90,Beauty,Makeup,1,6706.12,0,6706.12,1416.69,346.85,SELL021,SELL021,4.2,2
ORD01728,2025-11-28 14:00:00,Delivered,CUST0035,Male,Madurai,Tamil Nadu,PROD0097,Women Product 97,Fashion,Women,2,7892.47,5,15784.94,2452.84,416.96,SELL027,SELL027,3.7,5
ORD01729,2025-11-07 15:00:00,Delivered,CUST0264,Male,Kochi,Kerala,PROD0012,Audio Product 12,Electronics,Audio,1,3352.65,5,3352.65,1321.59,474.59,SELL029,SELL029,3.6,4
ORD01730,2025-07-27 02:00:00,Delivered,CUST0230,Female,New Delhi,Delhi,PROD0100,Outdoor Product 100,Sports,Outdoor,1,6477.22,0,6477.22,2385.15,462.87,SELL020,SELL020,4.6,6
ORD01730,2025-07-27 02:00:00,Delivered,CUST0230,Female,New Delhi,Delhi,PROD0073,Women Product 73,Fashion,Women,1,42886.14,10,42886.14,14840.96,329.44,SELL019,SELL019,4.9,4
ORD01731,2025-04-14 20:00:00,Delivered,CUST0278,Male,Vijayawada,Andhra Pradesh,PROD0046,Makeup Product 46,Beauty,Makeup,2,37759.16,5,75518.32,21986.12,290.75,SELL026,SELL026,4.3,9
ORD01732,2025-05-21 20:00:00,Delivered,CUST0194,Male,Kozhikode,Kerala,PROD0067,Accessories Product 67,Electronics,Accessories,1,3758.96,10,3758.96,782.44,492.76,SELL036,SELL036,4.3,3
ORD01733,2025-01-20 21:00:00,Processing,CUST0240,Male,New Delhi,Delhi,PROD0001,Audio Product 1,Electronics,Audio,1,20392.01,20,20392.01,4236.18,86.05,SELL037,SELL037,3.6,
ORD01733,2025-01-20 21:00:00,Processing,CUST0240,Male,New Delhi,Delhi,PROD0063,Audio Product 63,Electronics,Audio,3,13842.53,0,41527.59,9724.83,209.46,SELL020,SELL020,4.6,
ORD01733,2025-01-20 21:00:00,Processing,CUST0240,Male,New Delhi,Delhi,PROD0094,Accessories Product 94,Electronics,Accessories,3,18740.16,20,56220.48,7752.3,432.44,SELL006,SELL006,4.5,
ORD01734,2025-07-05 09:00:00,Delivered,CUST0235,Male,Nagpur,Maharashtra,PROD0094,Accessories Product 94,Electronics,Accessories,3,19911.42,15,59734.26,11266.08,389.74,SELL034,SELL034,4.7,8
ORD01735,2025-10-14 21:00:00,Shipped,CUST0150,Female,New Delhi,Delhi,PROD0072,Fiction Product 72,Books,Fiction,2,3584.97,10,7169.94,1417.04,190.1,SELL036,SELL036,4.3,
ORD01736,2025-02-14 20:00:00,Delivered,CUST0081,Male,Coimbatore,Tamil Nadu,PROD0097,Women Product 97,Fashion,Women,1,7892.47,5,7892.47,1226.42,318.82,SELL031,SELL031,3.6,3
ORD01736,2025-02-14 20:00:00,Delivered,CUST0081,Male,Coimbatore,Tamil Nadu,PROD0022,Skincare Product 22,Beauty,Skincare,1,11520.52,0,11520.52,4756.33,284.34,SELL026,SELL026,4.3,10
ORD01736,2025-02-14 20:00:00,Delivered,CUST0081,Male,Coimbatore,Tamil Nadu,PROD0052,Sportswear Product 52,Sports,Sportswear,3,1072.39,15,3217.17,243.0,288.18,SELL024,SELL024,4.4,8
ORD01737,2025-07-29 09:00:00,Delivered,CUST0033,Female,Bengaluru,Karnataka,PROD0099,Men Product 99,Fashion,Men,1,10174.09,20,10174.09,998.77,252.02,SELL001,SELL001,4.5,4
ORD01737,2025-07-29 09:00:00,Delivered,CUST0033,Female,Bengaluru,Karnataka,PROD0092,Makeup Product 92,Beauty,Makeup,2,20687.06,0,41374.12,14044.56,51.92,SELL038,SELL038,4.3,10
ORD01737,2025-07-29 09:00:00,Delivered,CUST0033,Female,Bengaluru,Karnataka,PROD0001,Audio Product 1,Electronics,Audio,1,22941.01,10,22941.01,6785.18,278.03,SELL016,SELL016,4.2,8
ORD01738,2025-10-24 07:00:00,Delivered,CUST0223,Male,Mangaluru,Karnataka,PROD0005,Accessories Product 5,Electronics,Accessories,1,43201.48,5,43201.48,11171.12,309.12,SELL033,SELL033,5.0,9
ORD01738,2025-10-24 07:00:00,Delivered,CUST0223,Male,Mangaluru,Karnataka,PROD0074,Sportswear Product 74,Sports,Sportswear,1,39120.27,0,39120.27,17236.56,236.92,SELL028,SELL028,4.0,6
ORD01739,2025-09-01 09:00:00,Delivered,CUST0031,Male,New Delhi,Delhi,PROD0018,Women Product 18,Fashion,Women,1,31908.88,5,31908.88,5917.63,159.8,SELL028,SELL028,4.0,9
ORD01740,2025-09-13 15:00:00,Delivered,CUST0139,Female,Nagpur,Maharashtra,PROD0040,Audio Product 40,Electronics,Audio,2,35659.07,10,71318.14,24790.82,58.67,SELL022,SELL022,3.5,8
ORD01741,2025-04-21 04:00:00,Shipped,CUST0030,Male,Nizamabad,Telangana,PROD0022,Skincare Product 22,Beauty,Skincare,3,11520.52,0,34561.56,14268.99,34.75,SELL024,SELL024,4.4,
ORD01742,2025-05-13 01:00:00,Delivered,CUST0237,Male,Madurai,Tamil Nadu,PROD0019,Technology Product 19,Books,Technology,1,43362.08,5,43362.08,17106.01,254.96,SELL010,SELL010,4.2,4
ORD01743,2025-10-31 00:00:00,Delivered,CUST0295,Male,Coimbatore,Tamil Nadu,PROD0052,Sportswear Product 52,Sports,Sportswear,1,1261.63,0,1261.63,270.24,93.92,SELL027,SELL027,3.7,5
ORD01743,2025-10-31 00:00:00,Delivered,CUST0295,Male,Coimbatore,Tamil Nadu,PROD0093,Fitness Product 93,Sports,Fitness,1,5188.01,20,5188.01,1066.15,90.87,SELL028,SELL028,4.0,9
ORD01744,2025-08-27 04:00:00,Processing,CUST0119,Male,Coimbatore,Tamil Nadu,PROD0023,Audio Product 23,Electronics,Audio,1,40147.29,5,40147.29,15750.07,77.94,SELL012,SELL012,4.8,
ORD01745,2025-10-06 22:00:00,Delivered,CUST0004,Male,Nizamabad,Telangana,PROD0005,Accessories Product 5,Electronics,Accessories,1,45475.24,0,45475.24,13444.88,139.61,SELL029,SELL029,3.6,2
ORD01745,2025-10-06 22:00:00,Delivered,CUST0004,Male,Nizamabad,Telangana,PROD0027,Women Product 27,Fashion,Women,2,43638.33,10,87276.66,17953.7,282.58,SELL013,SELL013,5.0,5
ORD01745,2025-10-06 22:00:00,Delivered,CUST0004,Male,Nizamabad,Telangana,PROD0096,Fitness Product 96,Sports,Fitness,1,41611.69,0,41611.69,12904.3,217.35,SELL033,SELL033,5.0,10
ORD01746,2025-11-17 00:00:00,Delivered,CUST0281,Male,New Delhi,Delhi,PROD0091,Audio Product 91,Electronics,Audio,2,18052.61,10,36105.22,6275.4,83.43,SELL024,SELL024,4.4,7
ORD01747,2025-06-01 11:00:00,Shipped,CUST0198,Male,New Delhi,Delhi,PROD0019,Technology Product 19,Books,Technology,1,41079.86,10,41079.86,14823.79,402.03,SELL024,SELL024,4.4,
ORD01747,2025-06-01 11:00:00,Shipped,CUST0198,Male,New Delhi,Delhi,PROD0013,Education Product 13,Books,Education,1,14386.31,0,14386.31,3662.64,166.0,SELL030,SELL030,4.3,
ORD01748,2025-11-28 19:00:00,Delivered,CUST0102,Other,Hyderabad,Telangana,PROD0017,Fiction Product 17,Books,Fiction,4,15651.7,0,62606.8,21805.72,407.31,SELL034,SELL034,4.7,6
ORD01749,2025-04-22 21:00:00,Delivered,CUST0266,Female,Nizamabad,Telangana,PROD0077,Haircare Product 77,Beauty,Haircare,1,17819.79,5,17819.79,3638.38,346.87,SELL033,SELL033,5.0,9
ORD01750,2025-12-15 21:00:00,Delivered,CUST0042,Female,Kochi,Kerala,PROD0095,Furniture Product 95,Home & Kitchen,Furniture,1,34602.43,10,34602.43,12117.05,47.31,SELL034,SELL034,4.7,10
ORD01751,2025-02-17 09:00:00,Shipped,CUST0242,Male,Warangal,Telangana,PROD0072,Fiction Product 72,Books,Fiction,1,3584.97,10,3584.97,708.52,448.57,SELL038,SELL038,4.3,
ORD01752,2025-07-15 05:00:00,Delivered,CUST0241,Male,Tirupati,Andhra Pradesh,PROD0087,Furniture Product 87,Home & Kitchen,Furniture,1,37749.58,5,37749.58,10436.21,493.32,SELL029,SELL029,3.6,9
ORD01753,2025-04-13 17:00:00,Delivered,CUST0004,Male,Nizamabad,Telangana,PROD0056,Education Product 56,Books,Education,1,6542.77,5,6542.77,2099.74,271.37,SELL024,SELL024,4.4,4
ORD01754,2025-12-06 04:00:00,Delivered,CUST0009,Male,Visakhapatnam,Andhra Pradesh,PROD0049,Skincare Product 49,Beauty,Skincare,2,24669.42,20,49338.84,11412.54,194.93,SELL015,SELL015,3.9,8
ORD01755,2025-12-27 05:00:00,Delivered,CUST0105,Female,Hyderabad,Telangana,PROD0035,Accessories Product 35,Fashion,Accessories,1,36231.18,20,36231.18,9520.46,230.26,SELL037,SELL037,3.6,10
ORD01756,2025-03-05 01:00:00,Delivered,CUST0298,Female,Kozhikode,Kerala,PROD0094,Accessories Product 94,Electronics,Accessories,2,23425.2,0,46850.4,14538.28,433.66,SELL002,SELL002,4.5,3
ORD01757,2025-10-20 20:00:00,Delivered,CUST0286,Female,Madurai,Tamil Nadu,PROD0081,Fitness Product 81,Sports,Fitness,1,10618.71,20,10618.71,2385.52,403.63,SELL018,SELL018,4.1,5
ORD01758,2025-02-19 13:00:00,Delivered,CUST0254,Female,Pune,Maharashtra,PROD0082,Skincare Product 82,Beauty,Skincare,1,49819.16,0,49819.16,18577.28,383.08,SELL036,SELL036,4.3,3
ORD01759,2025-05-11 15:00:00,Shipped,CUST0154,Male,Madurai,Tamil Nadu,PROD0099,Men Product 99,Fashion,Men,2,11445.85,10,22891.7,4541.06,399.6,SELL036,SELL036,4.3,
ORD01760,2025-12-04 10:00:00,Delivered,CUST0016,Male,Madurai,Tamil Nadu,PROD0057,Women Product 57,Fashion,Women,2,41561.59,0,83123.18,22038.92,241.2,SELL035,SELL035,4.6,4
ORD01761,2025-08-16 08:00:00,Delivered,CUST0122,Female,Vadodara,Gujarat,PROD0066,Haircare Product 66,Beauty,Haircare,1,46234.45,0,46234.45,14323.23,104.14,SELL040,SELL040,4.9,4
ORD01761,2025-08-16 08:00:00,Delivered,CUST0122,Female,Vadodara,Gujarat,PROD0041,Accessories Product 41,Fashion,Accessories,1,34879.58,0,34879.58,14388.73,270.41,SELL021,SELL021,4.2,6
ORD01762,2025-11-08 20:00:00,Delivered,CUST0202,Female,New Delhi,Delhi,PROD0046,Makeup Product 46,Beauty,Makeup,1,39746.48,0,39746.48,12980.38,498.47,SELL034,SELL034,4.7,3
ORD01762,2025-11-08 20:00:00,Delivered,CUST0202,Female,New Delhi,Delhi,PROD0033,Haircare Product 33,Beauty,Haircare,2,25054.56,10,50109.12,17944.68,212.77,SELL012,SELL012,4.8,4
ORD01763,2025-01-24 06:00:00,Delivered,CUST0280,Male,Thrissur,Kerala,PROD0001,Audio Product 1,Electronics,Audio,1,25490.01,0,25490.01,9334.18,254.16,SELL020,SELL020,4.6,5
ORD01764,2025-12-03 23:00:00,Processing,CUST0063,Other,Kozhikode,Kerala,PROD0044,Sportswear Product 44,Sports,Sportswear,4,30541.78,0,122167.12,41014.08,300.04,SELL003,SELL003,4.7,
ORD01765,2025-12-30 16:00:00,Delivered,CUST0210,Female,Warangal,Telangana,PROD0006,Appliances Product 6,Home & Kitchen,Appliances,1,30349.04,0,30349.04,9548.74,131.84,SELL021,SELL021,4.2,4
ORD01765,2025-12-30 16:00:00,Delivered,CUST0210,Female,Warangal,Telangana,PROD0039,Audio Product 39,Electronics,Audio,2,10849.76,5,21699.52,7171.24,366.11,SELL009,SELL009,4.2,10
ORD01765,2025-12-30 16:00:00,Delivered,CUST0210,Female,Warangal,Telangana,PROD0016,Technology Product 16,Books,Technology,1,28212.54,15,28212.54,8801.75,272.34,SELL026,SELL026,4.3,2
ORD01766,2025-09-04 06:00:00,Shipped,CUST0174,Male,Kochi,Kerala,PROD0009,Decor Product 9,Home & Kitchen,Decor,2,42118.82,15,84237.64,15708.0,74.5,SELL019,SELL019,4.9,
ORD01766,2025-09-04 06:00:00,Shipped,CUST0174,Male,Kochi,Kerala,PROD0024,Sportswear Product 24,Sports,Sportswear,1,42002.53,5,42002.53,17234.66,55.76,SELL035,SELL035,4.6,
ORD01767,2025-10-24 03:00:00,Delivered,CUST0291,Female,Kozhikode,Kerala,PROD0046,Makeup Product 46,Beauty,Makeup,1,39746.48,0,39746.48,12980.38,412.1,SELL022,SELL022,3.5,8
ORD01768,2025-08-13 02:00:00,Delivered,CUST0273,Female,Mysuru,Karnataka,PROD0069,Education Product 69,Books,Education,1,13948.35,10,13948.35,2902.68,99.37,SELL001,SELL001,4.5,4
ORD01769,2025-01-09 15:00:00,Processing,CUST0188,Female,Pune,Maharashtra,PROD0076,Makeup Product 76,Beauty,Makeup,1,1861.17,0,1861.17,760.42,388.33,SELL015,SELL015,3.9,
ORD01770,2025-05-16 01:00:00,Delivered,CUST0289,Male,Vadodara,Gujarat,PROD0087,Furniture Product 87,Home & Kitchen,Furniture,3,37749.58,5,113248.74,31308.63,200.71,SELL005,SELL005,3.8,7
ORD01771,2025-01-04 12:00:00,Delivered,CUST0277,Male,Thrissur,Kerala,PROD0024,Sportswear Product 24,Sports,Sportswear,2,39791.87,10,79583.74,30048.0,460.92,SELL009,SELL009,4.2,5
ORD01771,2025-01-04 12:00:00,Delivered,CUST0277,Male,Thrissur,Kerala,PROD0054,Audio Product 54,Electronics,Audio,1,33557.04,15,33557.04,8168.31,473.3,SELL025,SELL025,3.9,6
ORD01771,2025-01-04 12:00:00,Delivered,CUST0277,Male,Thrissur,Kerala,PROD0095,Furniture Product 95,Home & Kitchen,Furniture,1,34602.43,10,34602.43,12117.05,108.97,SELL028,SELL028,4.0,3
ORD01772,2025-02-11 03:00:00,Delivered,CUST0278,Male,Vijayawada,Andhra Pradesh,PROD0030,Haircare Product 30,Beauty,Haircare,2,32750.13,15,65500.26,6928.1,121.96,SELL040,SELL040,4.9,10
ORD01773,2025-10-25 23:00:00,Processing,CUST0254,Female,Pune,Maharashtra,PROD0037,Haircare Product 37,Beauty,Haircare,1,44213.93,5,44213.93,13402.77,353.14,SELL022,SELL022,3.5,
ORD01774,2025-01-11 18:00:00,Delivered,CUST0054,Male,Nizamabad,Telangana,PROD0071,Audio Product 71,Electronics,Audio,3,29296.92,5,87890.76,26142.06,191.58,SELL004,SELL004,3.6,7
ORD01775,2025-01-04 16:00:00,Delivered,CUST0217,Male,Vadodara,Gujarat,PROD0072,Fiction Product 72,Books,Fiction,1,3584.97,10,3584.97,708.52,221.32,SELL017,SELL017,3.6,6
ORD01775,2025-01-04 16:00:00,Delivered,CUST0217,Male,Vadodara,Gujarat,PROD0099,Men Product 99,Fashion,Men,2,11445.85,10,22891.7,4541.06,355.14,SELL003,SELL003,4.7,7
ORD01775,2025-01-04 16:00:00,Delivered,CUST0217,Male,Vadodara,Gujarat,PROD0002,Skincare Product 2,Beauty,Skincare,3,3080.28,0,9240.84,2083.26,408.09,SELL032,SELL032,3.9,7
ORD01776,2025-05-24 18:00:00,Processing,CUST0135,Female,Warangal,Telangana,PROD0095,Furniture Product 95,Home & Kitchen,Furniture,2,32680.07,15,65360.14,20389.38,46.32,SELL022,SELL022,3.5,
ORD01777,2025-08-10 19:00:00,Delivered,CUST0204,Male,Bengaluru,Karnataka,PROD0045,Women Product 45,Fashion,Women,1,15232.27,0,15232.27,6658.14,491.92,SELL003,SELL003,4.7,6
ORD01777,2025-08-10 19:00:00,Delivered,CUST0204,Male,Bengaluru,Karnataka,PROD0074,Sportswear Product 74,Sports,Sportswear,1,35208.24,10,35208.24,13324.53,339.22,SELL006,SELL006,4.5,3
ORD01777,2025-08-10 19:00:00,Delivered,CUST0204,Male,Bengaluru,Karnataka,PROD0084,Skincare Product 84,Beauty,Skincare,1,42711.32,5,42711.32,12580.51,433.92,SELL019,SELL019,4.9,10
ORD01778,2025-06-11 06:00:00,Delivered,CUST0092,Female,New Delhi,Delhi,PROD0050,Skincare Product 50,Beauty,Skincare,1,29972.22,10,29972.22,10886.05,192.34,SELL039,SELL039,4.8,4
ORD01779,2025-03-13 16:00:00,Returned,CUST0254,Female,Pune,Maharashtra,PROD0092,Makeup Product 92,Beauty,Makeup,2,20687.06,0,41374.12,14044.56,456.12,SELL025,SELL025,3.9,
ORD01780,2025-03-08 19:00:00,Shipped,CUST0199,Male,Madurai,Tamil Nadu,PROD0050,Skincare Product 50,Beauty,Skincare,1,33302.47,0,33302.47,14216.3,119.13,SELL035,SELL035,4.6,
ORD01780,2025-03-08 19:00:00,Shipped,CUST0199,Male,Madurai,Tamil Nadu,PROD0018,Women Product 18,Fashion,Women,1,33588.29,0,33588.29,7597.04,472.38,SELL039,SELL039,4.8,
ORD01781,2025-11-30 01:00:00,Delivered,CUST0248,Male,Mumbai,Maharashtra,PROD0063,Audio Product 63,Electronics,Audio,1,13842.53,0,13842.53,3241.61,201.04,SELL019,SELL019,4.9,7
ORD01782,2025-02-14 22:00:00,Cancelled,CUST0106,Female,Kochi,Kerala,PROD0044,Sportswear Product 44,Sports,Sportswear,2,30541.78,0,61083.56,20507.04,180.88,SELL025,SELL025,3.9,
ORD01782,2025-02-14 22:00:00,Cancelled,CUST0106,Female,Kochi,Kerala,PROD0020,Education Product 20,Books,Education,2,25547.3,0,51094.6,22741.06,213.53,SELL034,SELL034,4.7,
ORD01782,2025-02-14 22:00:00,Cancelled,CUST0106,Female,Kochi,Kerala,PROD0096,Fitness Product 96,Sports,Fitness,1,41611.69,0,41611.69,12904.3,479.22,SELL005,SELL005,3.8,
ORD01783,2025-11-17 11:00:00,Processing,CUST0005,Male,Ahmedabad,Gujarat,PROD0025,Women Product 25,Fashion,Women,1,28464.86,5,28464.86,10737.3,224.44,SELL008,SELL008,3.9,
ORD01783,2025-11-17 11:00:00,Processing,CUST0005,Male,Ahmedabad,Gujarat,PROD0093,Fitness Product 93,Sports,Fitness,1,5512.26,15,5512.26,1390.4,138.07,SELL022,SELL022,3.5,
ORD01784,2025-11-06 02:00:00,Processing,CUST0004,Male,Nizamabad,Telangana,PROD0096,Fitness Product 96,Sports,Fitness,2,41611.69,0,83223.38,25808.6,358.22,SELL007,SELL007,4.3,
ORD01784,2025-11-06 02:00:00,Processing,CUST0004,Male,Nizamabad,Telangana,PROD0029,Skincare Product 29,Beauty,Skincare,1,18550.09,0,18550.09,3603.82,454.57,SELL005,SELL005,3.8,
ORD01784,2025-11-06 02:00:00,Processing,CUST0004,Male,Nizamabad,Telangana,PROD0093,Fitness Product 93,Sports,Fitness,1,6485.01,0,6485.01,2363.15,456.26,SELL032,SELL032,3.9,
ORD01785,2025-03-19 22:00:00,Processing,CUST0279,Male,Visakhapatnam,Andhra Pradesh,PROD0055,Technology Product 55,Books,Technology,1,29930.49,5,29930.49,6039.49,471.95,SELL015,SELL015,3.9,
ORD01785,2025-03-19 22:00:00,Processing,CUST0279,Male,Visakhapatnam,Andhra Pradesh,PROD0068,Appliances Product 68,Home & Kitchen,Appliances,1,16230.27,0,16230.27,6952.75,37.28,SELL034,SELL034,4.7,
ORD01785,2025-03-19 22:00:00,Processing,CUST0279,Male,Visakhapatnam,Andhra Pradesh,PROD0019,Technology Product 19,Books,Technology,2,43362.08,5,86724.16,34212.02,100.78,SELL003,SELL003,4.7,
ORD01786,2025-08-26 16:00:00,Shipped,CUST0177,Male,Mumbai,Maharashtra,PROD0043,Smartphones Product 43,Electronics,Smartphones,1,12333.11,5,12333.11,2266.18,162.65,SELL024,SELL024,4.4,
ORD01787,2025-09-15 16:00:00,Cancelled,CUST0154,Male,Madurai,Tamil Nadu,PROD0081,Fitness Product 81,Sports,Fitness,2,13273.39,0,26546.78,10080.4,181.31,SELL019,SELL019,4.9,
ORD01787,2025-09-15 16:00:00,Cancelled,CUST0154,Male,Madurai,Tamil Nadu,PROD0020,Education Product 20,Books,Education,1,21715.2,15,21715.2,7538.43,485.9,SELL021,SELL021,4.2,
ORD01787,2025-09-15 16:00:00,Cancelled,CUST0154,Male,Madurai,Tamil Nadu,PROD0041,Accessories Product 41,Fashion,Accessories,2,33135.6,5,66271.2,25289.5,185.63,SELL036,SELL036,4.3,
ORD01787,2025-09-15 16:00:00,Cancelled,CUST0154,Male,Madurai,Tamil Nadu,PROD0040,Audio Product 40,Electronics,Audio,1,37640.13,5,37640.13,14376.47,290.39,SELL016,SELL016,4.2,
ORD01788,2025-08-14 12:00:00,Delivered,CUST0135,Female,Warangal,Telangana,PROD0017,Fiction Product 17,Books,Fiction,1,14869.11,5,14869.11,4668.84,180.85,SELL035,SELL035,4.6,10
ORD01789,2025-11-17 15:00:00,Delivered,CUST0029,Male,Chennai,Tamil Nadu,PROD0050,Skincare Product 50,Beauty,Skincare,1,33302.47,0,33302.47,14216.3,204.57,SELL036,SELL036,4.3,10
ORD01790,2025-06-01 22:00:00,Processing,CUST0247,Female,Warangal,Telangana,PROD0001,Audio Product 1,Electronics,Audio,1,24215.51,5,24215.51,8059.68,160.36,SELL008,SELL008,3.9,
ORD01791,2025-06-30 22:00:00,Delivered,CUST0157,Female,Mumbai,Maharashtra,PROD0079,Education Product 79,Books,Education,1,12668.18,0,12668.18,5312.64,430.11,SELL031,SELL031,3.6,5
ORD01792,2025-10-25 14:00:00,Delivered,CUST0142,Female,Kochi,Kerala,PROD0004,Makeup Product 4,Beauty,Makeup,2,25044.52,10,50089.04,7580.66,172.2,SELL003,SELL003,4.7,3
ORD01793,2025-10-10 22:00:00,Delivered,CUST0183,Male,Vadodara,Gujarat,PROD0061,Makeup Product 61,Beauty,Makeup,1,20231.39,15,20231.39,6905.15,498.11,SELL033,SELL033,5.0,6
ORD01794,2025-09-13 19:00:00,Delivered,CUST0079,Female,Bengaluru,Karnataka,PROD0017,Fiction Product 17,Books,Fiction,3,14869.11,5,44607.33,14006.52,51.17,SELL032,SELL032,3.9,2
ORD01795,2025-11-05 10:00:00,Delivered,CUST0118,Female,Surat,Gujarat,PROD0058,Education Product 58,Books,Education,2,25343.09,20,50686.18,1957.48,373.96,SELL014,SELL014,4.3,2
ORD01796,2025-04-22 12:00:00,Delivered,CUST0269,Female,Chennai,Tamil Nadu,PROD0033,Haircare Product 33,Beauty,Haircare,1,26446.48,5,26446.48,10364.26,223.23,SELL030,SELL030,4.3,5
ORD01796,2025-04-22 12:00:00,Delivered,CUST0269,Female,Chennai,Tamil Nadu,PROD0001,Audio Product 1,Electronics,Audio,1,25490.01,0,25490.01,9334.18,484.48,SELL023,SELL023,4.2,7
ORD01797,2025-03-03 05:00:00,Shipped,CUST0080,Female,Hyderabad,Telangana,PROD0028,Education Product 28,Books,Education,1,9513.32,20,9513.32,2205.0,107.57,SELL033,SELL033,5.0,
ORD01798,2025-12-29 06:00:00,Delivered,CUST0134,Female,Tirupati,Andhra Pradesh,PROD0100,Outdoor Product 100,Sports,Outdoor,1,5181.78,20,5181.78,1089.71,232.52,SELL024,SELL024,4.4,8
ORD01799,2025-07-25 21:00:00,Cancelled,CUST0206,Female,Surat,Gujarat,PROD0030,Haircare Product 30,Beauty,Haircare,1,38529.57,0,38529.57,9243.49,459.65,SELL007,SELL007,4.3,
ORD01800,2025-10-15 02:00:00,Delivered,CUST0297,Male,Mangaluru,Karnataka,PROD0056,Education Product 56,Books,Education,1,6887.13,0,6887.13,2444.1,85.63,SELL007,SELL007,4.3,5
ORD01800,2025-10-15 02:00:00,Delivered,CUST0297,Male,Mangaluru,Karnataka,PROD0045,Women Product 45,Fashion,Women,2,14470.66,5,28941.32,11793.06,350.64,SELL025,SELL025,3.9,2
ORD01801,2025-05-10 20:00:00,Cancelled,CUST0193,Female,Pune,Maharashtra,PROD0075,Laptops Product 75,Electronics,Laptops,2,33133.97,15,66267.94,15677.54,409.05,SELL024,SELL024,4.4,
ORD01801,2025-05-10 20:00:00,Cancelled,CUST0193,Female,Pune,Maharashtra,PROD0045,Women Product 45,Fashion,Women,1,15232.27,0,15232.27,6658.14,64.43,SELL024,SELL024,4.4,
ORD01802,2025-07-29 06:00:00,Processing,CUST0107,Female,Mysuru,Karnataka,PROD0052,Sportswear Product 52,Sports,Sportswear,1,1198.55,5,1198.55,207.16,259.41,SELL030,SELL030,4.3,
ORD01803,2025-06-08 02:00:00,Delivered,CUST0107,Female,Mysuru,Karnataka,PROD0100,Outdoor Product 100,Sports,Outdoor,1,6153.36,5,6153.36,2061.29,285.88,SELL036,SELL036,4.3,5
ORD01804,2025-04-13 19:00:00,Delivered,CUST0099,Male,Kozhikode,Kerala,PROD0047,Accessories Product 47,Electronics,Accessories,1,29937.77,0,29937.77,13339.15,135.25,SELL002,SELL002,4.5,4
ORD01805,2025-04-04 23:00:00,Delivered,CUST0145,Female,Nagpur,Maharashtra,PROD0010,Fitness Product 10,Sports,Fitness,4,16518.53,10,66074.12,7499.92,70.9,SELL017,SELL017,3.6,10
ORD01806,2025-08-24 22:00:00,Delivered,CUST0129,Male,Bengaluru,Karnataka,PROD0078,Fitness Product 78,Sports,Fitness,1,22602.04,15,22602.04,5119.52,135.36,SELL006,SELL006,4.5,4
ORD01806,2025-08-24 22:00:00,Delivered,CUST0129,Male,Bengaluru,Karnataka,PROD0074,Sportswear Product 74,Sports,Sportswear,1,35208.24,10,35208.24,13324.53,298.98,SELL002,SELL002,4.5,8
ORD01807,2025-12-12 12:00:00,Delivered,CUST0300,Male,Kozhikode,Kerala,PROD0056,Education Product 56,Books,Education,1,6887.13,0,6887.13,2444.1,201.0,SELL020,SELL020,4.6,9
ORD01808,2025-07-05 19:00:00,Returned,CUST0137,Male,Kochi,Kerala,PROD0047,Accessories Product 47,Electronics,Accessories,1,29937.77,0,29937.77,13339.15,441.93,SELL029,SELL029,3.6,
ORD01809,2025-08-27 21:00:00,Delivered,CUST0050,Male,Surat,Gujarat,PROD0053,Accessories Product 53,Electronics,Accessories,1,49056.71,0,49056.71,18715.84,268.94,SELL038,SELL038,4.3,5
ORD01809,2025-08-27 21:00:00,Delivered,CUST0050,Male,Surat,Gujarat,PROD0001,Audio Product 1,Electronics,Audio,2,22941.01,10,45882.02,13570.36,227.45,SELL035,SELL035,4.6,7
ORD01810,2025-06-25 21:00:00,Delivered,CUST0269,Female,Chennai,Tamil Nadu,PROD0062,Fiction Product 62,Books,Fiction,1,14484.02,0,14484.02,3146.26,357.52,SELL038,SELL038,4.3,6
ORD01811,2025-05-20 15:00:00,Delivered,CUST0141,Female,New Delhi,Delhi,PROD0064,Haircare Product 64,Beauty,Haircare,2,33506.6,10,67013.2,8074.92,194.81,SELL028,SELL028,4.0,2
ORD01812,2025-06-21 16:00:00,Delivered,CUST0136,Female,Tirupati,Andhra Pradesh,PROD0075,Laptops Product 75,Electronics,Laptops,3,35083.03,10,105249.09,29363.49,193.97,SELL017,SELL017,3.6,6
ORD01813,2025-05-21 14:00:00,Processing,CUST0123,Female,Ahmedabad,Gujarat,PROD0017,Fiction Product 17,Books,Fiction,2,15651.7,0,31303.4,10902.86,262.72,SELL002,SELL002,4.5,
ORD01813,2025-05-21 14:00:00,Processing,CUST0123,Female,Ahmedabad,Gujarat,PROD0033,Haircare Product 33,Beauty,Haircare,1,26446.48,5,26446.48,10364.26,158.26,SELL039,SELL039,4.8,
ORD01814,2025-06-20 00:00:00,Delivered,CUST0133,Female,Chennai,Tamil Nadu,PROD0005,Accessories Product 5,Electronics,Accessories,1,43201.48,5,43201.48,11171.12,280.09,SELL031,SELL031,3.6,9
ORD01815,2025-04-06 23:00:00,Delivered,CUST0097,Male,Mumbai,Maharashtra,PROD0095,Furniture Product 95,Home & Kitchen,Furniture,1,32680.07,15,32680.07,10194.69,411.37,SELL034,SELL034,4.7,10
ORD01816,2025-06-30 00:00:00,Delivered,CUST0045,Male,Vijayawada,Andhra Pradesh,PROD0033,Haircare Product 33,Beauty,Haircare,2,23662.64,15,47325.28,15160.84,221.58,SELL003,SELL003,4.7,8
ORD01816,2025-06-30 00:00:00,Delivered,CUST0045,Male,Vijayawada,Andhra Pradesh,PROD0004,Makeup Product 4,Beauty,Makeup,1,26435.88,5,26435.88,5181.69,326.87,SELL034,SELL034,4.7,7
ORD01816,2025-06-30 00:00:00,Delivered,CUST0045,Male,Vijayawada,Andhra Pradesh,PROD0041,Accessories Product 41,Fashion,Accessories,1,29647.64,15,29647.64,9156.79,464.53,SELL028,SELL028,4.0,9
ORD01816,2025-06-30 00:00:00,Delivered,CUST0045,Male,Vijayawada,Andhra Pradesh,PROD0014,Technology Product 14,Books,Technology,1,41510.88,5,41510.88,13545.32,355.08,SELL030,SELL030,4.3,3
ORD01817,2025-08-10 23:00:00,Delivered,CUST0202,Female,New Delhi,Delhi,PROD0063,Audio Product 63,Electronics,Audio,2,13150.4,5,26300.8,5098.96,253.03,SELL013,SELL013,5.0,8
ORD01818,2025-02-05 01:00:00,Processing,CUST0146,Female,Nizamabad,Telangana,PROD0062,Fiction Product 62,Books,Fiction,1,12311.42,15,12311.42,973.66,184.11,SELL035,SELL035,4.6,
ORD01819,2025-10-31 14:00:00,Delivered,CUST0135,Female,Warangal,Telangana,PROD0031,Sportswear Product 31,Sports,Sportswear,1,21078.38,0,21078.38,8562.97,131.03,SELL002,SELL002,4.5,10
ORD01820,2025-05-19 22:00:00,Cancelled,CUST0191,Other,Vijayawada,Andhra Pradesh,PROD0045,Women Product 45,Fashion,Women,1,15232.27,0,15232.27,6658.14,249.65,SELL012,SELL012,4.8,
ORD01821,2025-06-21 13:00:00,Delivered,CUST0241,Male,Tirupati,Andhra Pradesh,PROD0090,Makeup Product 90,Beauty,Makeup,3,6370.81,5,19112.43,3244.14,142.4,SELL008,SELL008,3.9,8
ORD01821,2025-06-21 13:00:00,Delivered,CUST0241,Male,Tirupati,Andhra Pradesh,PROD0070,Skincare Product 70,Beauty,Skincare,3,29380.93,15,88142.79,21266.49,297.89,SELL026,SELL026,4.3,4
ORD01822,2025-06-02 21:00:00,Delivered,CUST0267,Male,Visakhapatnam,Andhra Pradesh,PROD0064,Haircare Product 64,Beauty,Haircare,1,31645.13,15,31645.13,2175.99,267.36,SELL029,SELL029,3.6,3
ORD01822,2025-06-02 21:00:00,Delivered,CUST0267,Male,Visakhapatnam,Andhra Pradesh,PROD0053,Accessories Product 53,Electronics,Accessories,1,49056.71,0,49056.71,18715.84,51.09,SELL001,SELL001,4.5,5
ORD01822,2025-06-02 21:00:00,Delivered,CUST0267,Male,Visakhapatnam,Andhra Pradesh,PROD0065,Haircare Product 65,Beauty,Haircare,2,46258.11,5,92516.22,25906.98,446.63,SELL026,SELL026,4.3,4
ORD01823,2025-04-15 17:00:00,Delivered,CUST0271,Female,Coimbatore,Tamil Nadu,PROD0026,Furniture Product 26,Home & Kitchen,Furniture,1,34322.41,5,34322.41,14025.33,391.32,SELL001,SELL001,4.5,7
ORD01824,2025-05-30 08:00:00,Delivered,CUST0004,Male,Nizamabad,Telangana,PROD0025,Women Product 25,Fashion,Women,2,28464.86,5,56929.72,21474.6,415.01,SELL008,SELL008,3.9,2
ORD01825,2025-02-12 13:00:00,Delivered,CUST0126,Male,Visakhapatnam,Andhra Pradesh,PROD0035,Accessories Product 35,Fashion,Accessories,4,38495.63,15,153982.52,47139.64,288.89,SELL017,SELL017,3.6,10
ORD01826,2025-01-13 06:00:00,Returned,CUST0111,Male,Kozhikode,Kerala,PROD0048,Sportswear Product 48,Sports,Sportswear,1,11057.78,10,11057.78,3823.96,190.87,SELL028,SELL028,4.0,
ORD01827,2025-04-16 20:00:00,Delivered,CUST0082,Male,Warangal,Telangana,PROD0052,Sportswear Product 52,Sports,Sportswear,1,1261.63,0,1261.63,270.24,312.19,SELL025,SELL025,3.9,8
ORD01828,2025-07-24 11:00:00,Delivered,CUST0184,Male,Pune,Maharashtra,PROD0083,Skincare Product 83,Beauty,Skincare,1,6033.65,5,6033.65,1078.04,408.39,SELL038,SELL038,4.3,4
ORD01829,2025-04-17 05:00:00,Delivered,CUST0238,Female,Vadodara,Gujarat,PROD0028,Education Product 28,Books,Education,1,10107.9,15,10107.9,2799.58,32.06,SELL006,SELL006,4.5,10
ORD01830,2025-12-25 01:00:00,Delivered,CUST0072,Male,Surat,Gujarat,PROD0008,Men Product 8,Fashion,Men,1,25351.31,0,25351.31,10226.95,355.77,SELL020,SELL020,4.6,8
ORD01831,2025-06-27 09:00:00,Delivered,CUST0029,Male,Chennai,Tamil Nadu,PROD0057,Women Product 57,Fashion,Women,1,35327.35,15,35327.35,4785.22,305.85,SELL032,SELL032,3.9,10
ORD01832,2025-06-18 20:00:00,Delivered,CUST0139,Female,Nagpur,Maharashtra,PROD0011,Haircare Product 11,Beauty,Haircare,1,38779.62,0,38779.62,10342.43,348.89,SELL035,SELL035,4.6,7
ORD01833,2025-05-21 04:00:00,Delivered,CUST0224,Female,Warangal,Telangana,PROD0047,Accessories Product 47,Electronics,Accessories,1,26943.99,10,26943.99,10345.37,393.78,SELL024,SELL024,4.4,8
ORD01834,2025-05-05 01:00:00,Cancelled,CUST0022,Female,Kochi,Kerala,PROD0080,Fiction Product 80,Books,Fiction,1,23823.57,5,23823.57,7410.72,212.21,SELL020,SELL020,4.6,
ORD01834,2025-05-05 01:00:00,Cancelled,CUST0022,Female,Kochi,Kerala,PROD0043,Smartphones Product 43,Electronics,Smartphones,1,11684.0,10,11684.0,1617.07,168.26,SELL022,SELL022,3.5,
ORD01835,2025-09-19 18:00:00,Delivered,CUST0016,Male,Madurai,Tamil Nadu,PROD0031,Sportswear Product 31,Sports,Sportswear,1,17916.62,15,17916.62,5401.21,224.1,SELL022,SELL022,3.5,6
ORD01836,2025-06-20 16:00:00,Delivered,CUST0189,Female,Nizamabad,Telangana,PROD0085,Audio Product 85,Electronics,Audio,1,33475.03,0,33475.03,8650.75,240.1,SELL029,SELL029,3.6,5
ORD01836,2025-06-20 16:00:00,Delivered,CUST0189,Female,Nizamabad,Telangana,PROD0020,Education Product 20,Books,Education,1,21715.2,15,21715.2,7538.43,157.61,SELL029,SELL029,3.6,6
ORD01837,2025-04-22 16:00:00,Delivered,CUST0065,Male,Coimbatore,Tamil Nadu,PROD0032,Furniture Product 32,Home & Kitchen,Furniture,1,43681.85,0,43681.85,19041.42,261.93,SELL039,SELL039,4.8,9
ORD01837,2025-04-22 16:00:00,Delivered,CUST0065,Male,Coimbatore,Tamil Nadu,PROD0062,Fiction Product 62,Books,Fiction,2,12311.42,15,24622.84,1947.32,311.93,SELL019,SELL019,4.9,8
ORD01838,2025-12-19 23:00:00,Delivered,CUST0292,Male,Vijayawada,Andhra Pradesh,PROD0014,Technology Product 14,Books,Technology,1,39326.09,10,39326.09,11360.53,190.23,SELL028,SELL028,4.0,2
ORD01838,2025-12-19 23:00:00,Delivered,CUST0292,Male,Vijayawada,Andhra Pradesh,PROD0056,Education Product 56,Books,Education,2,6542.77,5,13085.54,4199.48,102.4,SELL027,SELL027,3.7,10
ORD01839,2025-08-09 14:00:00,Delivered,CUST0231,Male,Visakhapatnam,Andhra Pradesh,PROD0020,Education Product 20,Books,Education,1,22992.57,10,22992.57,8815.8,216.73,SELL010,SELL010,4.2,10
ORD01840,2025-12-22 20:00:00,Delivered,CUST0058,Female,Madurai,Tamil Nadu,PROD0007,Accessories Product 7,Electronics,Accessories,1,4319.38,20,4319.38,39.07,188.1,SELL004,SELL004,3.6,4
ORD01841,2025-08-11 05:00:00,Cancelled,CUST0187,Male,Kochi,Kerala,PROD0028,Education Product 28,Books,Education,2,10107.9,15,20215.8,5599.16,224.87,SELL031,SELL031,3.6,
ORD01841,2025-08-11 05:00:00,Cancelled,CUST0187,Male,Kochi,Kerala,PROD0027,Women Product 27,Fashion,Women,1,41213.98,15,41213.98,6552.5,318.0,SELL033,SELL033,5.0,
ORD01841,2025-08-11 05:00:00,Cancelled,CUST0187,Male,Kochi,Kerala,PROD0048,Sportswear Product 48,Sports,Sportswear,1,10443.46,15,10443.46,3209.64,302.85,SELL001,SELL001,4.5,
ORD01842,2025-02-10 15:00:00,Delivered,CUST0103,Female,Thrissur,Kerala,PROD0099,Men Product 99,Fashion,Men,1,11445.85,10,11445.85,2270.53,244.69,SELL011,SELL011,3.8,5
ORD01843,2025-02-05 21:00:00,Delivered,CUST0125,Male,New Delhi,Delhi,PROD0067,Accessories Product 67,Electronics,Accessories,1,4176.62,0,4176.62,1200.1,71.36,SELL023,SELL023,4.2,2
ORD01843,2025-02-05 21:00:00,Delivered,CUST0125,Male,New Delhi,Delhi,PROD0065,Haircare Product 65,Beauty,Haircare,1,43823.47,10,43823.47,10518.85,122.54,SELL024,SELL024,4.4,4
ORD01843,2025-02-05 21:00:00,Delivered,CUST0125,Male,New Delhi,Delhi,PROD0070,Skincare Product 70,Beauty,Skincare,1,32837.51,5,32837.51,10545.41,126.17,SELL006,SELL006,4.5,7
ORD01844,2025-12-29 06:00:00,Cancelled,CUST0122,Female,Vadodara,Gujarat,PROD0001,Audio Product 1,Electronics,Audio,1,22941.01,10,22941.01,6785.18,273.82,SELL016,SELL016,4.2,
ORD01845,2025-10-14 17:00:00,Delivered,CUST0033,Female,Bengaluru,Karnataka,PROD0067,Accessories Product 67,Electronics,Accessories,2,3967.79,5,7935.58,1982.54,146.78,SELL027,SELL027,3.7,10
ORD01845,2025-10-14 17:00:00,Delivered,CUST0033,Female,Bengaluru,Karnataka,PROD0013,Education Product 13,Books,Education,2,12228.36,15,24456.72,3009.38,377.4,SELL018,SELL018,4.1,9
ORD01845,2025-10-14 17:00:00,Delivered,CUST0033,Female,Bengaluru,Karnataka,PROD0097,Women Product 97,Fashion,Women,1,7892.47,5,7892.47,1226.42,73.57,SELL035,SELL035,4.6,4
ORD01846,2025-08-11 09:00:00,Delivered,CUST0208,Female,Mumbai,Maharashtra,PROD0004,Makeup Product 4,Beauty,Makeup,1,26435.88,5,26435.88,5181.69,390.25,SELL017,SELL017,3.6,10
ORD01847,2025-07-28 07:00:00,Delivered,CUST0223,Male,Mangaluru,Karnataka,PROD0089,Skincare Product 89,Beauty,Skincare,1,15473.91,15,15473.91,2648.5,172.11,SELL036,SELL036,4.3,6
ORD01848,2025-06-06 08:00:00,Delivered,CUST0046,Male,Chennai,Tamil Nadu,PROD0091,Audio Product 91,Electronics,Audio,1,17049.69,15,17049.69,2134.78,185.23,SELL022,SELL022,3.5,8
ORD01849,2025-03-20 20:00:00,Delivered,CUST0006,Male,Mangaluru,Karnataka,PROD0073,Women Product 73,Fashion,Women,2,45268.71,5,90537.42,34447.06,213.52,SELL018,SELL018,4.1,9
ORD01849,2025-03-20 20:00:00,Delivered,CUST0006,Male,Mangaluru,Karnataka,PROD0049,Skincare Product 49,Beauty,Skincare,1,26211.26,15,26211.26,7248.11,340.81,SELL034,SELL034,4.7,5
ORD01850,2025-03-16 07:00:00,Delivered,CUST0296,Male,Chennai,Tamil Nadu,PROD0035,Accessories Product 35,Fashion,Accessories,1,45288.98,0,45288.98,18578.26,454.56,SELL025,SELL025,3.9,8
ORD01851,2025-01-28 12:00:00,Delivered,CUST0139,Female,Nagpur,Maharashtra,PROD0039,Audio Product 39,Electronics,Audio,3,10849.76,5,32549.28,10756.86,144.97,SELL034,SELL034,4.7,5
ORD01852,2025-10-27 12:00:00,Delivered,CUST0168,Male,Bengaluru,Karnataka,PROD0085,Audio Product 85,Electronics,Audio,2,31801.28,5,63602.56,13954.0,211.13,SELL024,SELL024,4.4,3
ORD01852,2025-10-27 12:00:00,Delivered,CUST0168,Male,Bengaluru,Karnataka,PROD0052,Sportswear Product 52,Sports,Sportswear,1,1198.55,5,1198.55,207.16,61.54,SELL001,SELL001,4.5,8
ORD01853,2025-11-30 13:00:00,Delivered,CUST0246,Male,Chennai,Tamil Nadu,PROD0054,Audio Product 54,Electronics,Audio,1,39478.87,0,39478.87,14090.14,223.21,SELL015,SELL015,3.9,5
ORD01854,2025-04-01 01:00:00,Delivered,CUST0130,Female,Coimbatore,Tamil Nadu,PROD0057,Women Product 57,Fashion,Women,1,41561.59,0,41561.59,11019.46,203.27,SELL017,SELL017,3.6,5
ORD01855,2025-09-28 11:00:00,Delivered,CUST0293,Female,Visakhapatnam,Andhra Pradesh,PROD0081,Fitness Product 81,Sports,Fitness,1,13273.39,0,13273.39,5040.2,430.54,SELL007,SELL007,4.3,2
ORD01856,2025-04-06 22:00:00,Delivered,CUST0096,Female,Pune,Maharashtra,PROD0091,Audio Product 91,Electronics,Audio,1,19055.54,5,19055.54,4140.63,307.79,SELL014,SELL014,4.3,10
ORD01857,2025-04-17 06:00:00,Delivered,CUST0066,Other,Nagpur,Maharashtra,PROD0065,Haircare Product 65,Beauty,Haircare,1,46258.11,5,46258.11,12953.49,89.65,SELL032,SELL032,3.9,6
ORD01857,2025-04-17 06:00:00,Delivered,CUST0066,Other,Nagpur,Maharashtra,PROD0079,Education Product 79,Books,Education,1,12668.18,0,12668.18,5312.64,453.08,SELL006,SELL006,4.5,8
ORD01857,2025-04-17 06:00:00,Delivered,CUST0066,Other,Nagpur,Maharashtra,PROD0010,Fitness Product 10,Sports,Fitness,1,16518.53,10,16518.53,1874.98,200.07,SELL019,SELL019,4.9,2
ORD01857,2025-04-17 06:00:00,Delivered,CUST0066,Other,Nagpur,Maharashtra,PROD0095,Furniture Product 95,Home & Kitchen,Furniture,1,32680.07,15,32680.07,10194.69,252.35,SELL039,SELL039,4.8,3
ORD01858,2025-05-29 06:00:00,Delivered,CUST0058,Female,Madurai,Tamil Nadu,PROD0001,Audio Product 1,Electronics,Audio,1,21666.51,15,21666.51,5510.68,368.19,SELL031,SELL031,3.6,9
ORD01859,2025-02-25 12:00:00,Delivered,CUST0072,Male,Surat,Gujarat,PROD0059,Accessories Product 59,Electronics,Accessories,1,1776.45,15,1776.45,513.23,50.55,SELL029,SELL029,3.6,4
ORD01859,2025-02-25 12:00:00,Delivered,CUST0072,Male,Surat,Gujarat,PROD0015,Sportswear Product 15,Sports,Sportswear,1,7286.06,0,7286.06,2590.55,162.54,SELL016,SELL016,4.2,8
ORD01859,2025-02-25 12:00:00,Delivered,CUST0072,Male,Surat,Gujarat,PROD0037,Haircare Product 37,Beauty,Haircare,1,44213.93,5,44213.93,13402.77,195.15,SELL006,SELL006,4.5,4
ORD01860,2025-07-02 10:00:00,Delivered,CUST0212,Male,Bengaluru,Karnataka,PROD0043,Smartphones Product 43,Electronics,Smartphones,1,12333.11,5,12333.11,2266.18,95.26,SELL022,SELL022,3.5,10
ORD01861,2025-03-15 14:00:00,Delivered,CUST0030,Male,Nizamabad,Telangana,PROD0096,Fitness Product 96,Sports,Fitness,1,39531.11,5,39531.11,10823.72,31.29,SELL036,SELL036,4.3,2
ORD01861,2025-03-15 14:00:00,Delivered,CUST0030,Male,Nizamabad,Telangana,PROD0088,Laptops Product 88,Electronics,Laptops,3,35689.74,10,107069.22,34033.89,486.59,SELL030,SELL030,4.3,5
ORD01861,2025-03-15 14:00:00,Delivered,CUST0030,Male,Nizamabad,Telangana,PROD0056,Education Product 56,Books,Education,2,6887.13,0,13774.26,4888.2,210.04,SELL006,SELL006,4.5,5
ORD01862,2025-04-07 18:00:00,Shipped,CUST0187,Male,Kochi,Kerala,PROD0048,Sportswear Product 48,Sports,Sportswear,1,11057.78,10,11057.78,3823.96,359.41,SELL018,SELL018,4.1,
ORD01863,2025-06-19 15:00:00,Shipped,CUST0215,Female,Warangal,Telangana,PROD0014,Technology Product 14,Books,Technology,1,43695.66,0,43695.66,15730.1,113.02,SELL034,SELL034,4.7,
ORD01864,2025-02-26 18:00:00,Delivered,CUST0170,Female,Kochi,Kerala,PROD0084,Skincare Product 84,Beauty,Skincare,2,42711.32,5,85422.64,25161.02,45.41,SELL021,SELL021,4.2,8
ORD01864,2025-02-26 18:00:00,Delivered,CUST0170,Female,Kochi,Kerala,PROD0009,Decor Product 9,Home & Kitchen,Decor,1,44596.4,10,44596.4,10331.58,119.47,SELL021,SELL021,4.2,6
ORD01865,2025-05-02 00:00:00,Delivered,CUST0104,Male,Surat,Gujarat,PROD0060,Kitchen Product 60,Home & Kitchen,Kitchen,1,13558.26,15,13558.26,3449.85,452.86,SELL004,SELL004,3.6,2
ORD01866,2025-04-30 14:00:00,Processing,CUST0135,Female,Warangal,Telangana,PROD0060,Kitchen Product 60,Home & Kitchen,Kitchen,2,14355.8,10,28711.6,8494.78,237.19,SELL001,SELL001,4.5,
ORD01867,2025-12-15 07:00:00,Processing,CUST0283,Male,Hyderabad,Telangana,PROD0061,Makeup Product 61,Beauty,Makeup,1,20231.39,15,20231.39,6905.15,283.37,SELL006,SELL006,4.5,
ORD01868,2025-01-19 11:00:00,Delivered,CUST0192,Female,Tirupati,Andhra Pradesh,PROD0100,Outdoor Product 100,Sports,Outdoor,2,6477.22,0,12954.44,4770.3,56.89,SELL002,SELL002,4.5,10
ORD01868,2025-01-19 11:00:00,Delivered,CUST0192,Female,Tirupati,Andhra Pradesh,PROD0073,Women Product 73,Fashion,Women,2,40503.58,15,81007.16,24916.8,307.14,SELL023,SELL023,4.2,6
ORD01868,2025-01-19 11:00:00,Delivered,CUST0192,Female,Tirupati,Andhra Pradesh,PROD0031,Sportswear Product 31,Sports,Sportswear,1,20024.46,5,20024.46,7509.05,146.25,SELL025,SELL025,3.9,9
ORD01869,2025-11-26 15:00:00,Delivered,CUST0148,Female,Kozhikode,Kerala,PROD0006,Appliances Product 6,Home & Kitchen,Appliances,2,25796.68,15,51593.36,9992.76,169.13,SELL023,SELL023,4.2,6
ORD01869,2025-11-26 15:00:00,Delivered,CUST0148,Female,Kozhikode,Kerala,PROD0050,Skincare Product 50,Beauty,Skincare,2,26641.98,20,53283.96,15111.62,187.0,SELL023,SELL023,4.2,3
ORD01870,2025-01-11 21:00:00,Delivered,CUST0240,Male,New Delhi,Delhi,PROD0074,Sportswear Product 74,Sports,Sportswear,1,33252.23,15,33252.23,11368.52,250.42,SELL017,SELL017,3.6,3
ORD01871,2025-02-26 18:00:00,Delivered,CUST0231,Male,Visakhapatnam,Andhra Pradesh,PROD0081,Fitness Product 81,Sports,Fitness,2,11282.38,15,22564.76,6098.38,60.48,SELL025,SELL025,3.9,8
ORD01872,2025-11-07 07:00:00,Delivered,CUST0014,Female,Tirupati,Andhra Pradesh,PROD0074,Sportswear Product 74,Sports,Sportswear,2,39120.27,0,78240.54,34473.12,249.66,SELL001,SELL001,4.5,5
ORD01873,2025-09-28 00:00:00,Delivered,CUST0087,Male,Mumbai,Maharashtra,PROD0060,Kitchen Product 60,Home & Kitchen,Kitchen,2,15950.89,0,31901.78,11684.96,345.38,SELL032,SELL032,3.9,6
ORD01873,2025-09-28 00:00:00,Delivered,CUST0087,Male,Mumbai,Maharashtra,PROD0063,Audio Product 63,Electronics,Audio,1,13150.4,5,13150.4,2549.48,90.84,SELL030,SELL030,4.3,5
ORD01874,2025-08-11 00:00:00,Cancelled,CUST0157,Female,Mumbai,Maharashtra,PROD0047,Accessories Product 47,Electronics,Accessories,2,23950.22,20,47900.44,14703.2,414.19,SELL037,SELL037,3.6,
ORD01874,2025-08-11 00:00:00,Cancelled,CUST0157,Female,Mumbai,Maharashtra,PROD0050,Skincare Product 50,Beauty,Skincare,1,28307.1,15,28307.1,9220.93,453.74,SELL010,SELL010,4.2,
ORD01874,2025-08-11 00:00:00,Cancelled,CUST0157,Female,Mumbai,Maharashtra,PROD0090,Makeup Product 90,Beauty,Makeup,3,6370.81,5,19112.43,3244.14,142.87,SELL008,SELL008,3.9,
ORD01875,2025-05-25 23:00:00,Delivered,CUST0236,Other,Warangal,Telangana,PROD0064,Haircare Product 64,Beauty,Haircare,1,35368.08,5,35368.08,5898.94,154.87,SELL023,SELL023,4.2,2
ORD01876,2025-10-05 03:00:00,Delivered,CUST0186,Male,Hyderabad,Telangana,PROD0066,Haircare Product 66,Beauty,Haircare,3,46234.45,0,138703.35,42969.69,242.03,SELL029,SELL029,3.6,5
ORD01877,2025-12-02 17:00:00,Delivered,CUST0171,Male,Coimbatore,Tamil Nadu,PROD0076,Makeup Product 76,Beauty,Makeup,2,1861.17,0,3722.34,1520.84,97.96,SELL031,SELL031,3.6,3
ORD01878,2025-08-07 20:00:00,Delivered,CUST0131,Female,Vijayawada,Andhra Pradesh,PROD0012,Audio Product 12,Electronics,Audio,1,3352.65,5,3352.65,1321.59,118.9,SELL037,SELL037,3.6,2
ORD01879,2025-10-12 15:00:00,Delivered,CUST0126,Male,Visakhapatnam,Andhra Pradesh,PROD0066,Haircare Product 66,Beauty,Haircare,1,46234.45,0,46234.45,14323.23,426.26,SELL031,SELL031,3.6,3
ORD01880,2025-09-09 08:00:00,Delivered,CUST0282,Male,Mumbai,Maharashtra,PROD0076,Makeup Product 76,Beauty,Makeup,1,1675.05,10,1675.05,574.3,87.44,SELL038,SELL038,4.3,8
ORD01881,2025-03-12 18:00:00,Delivered,CUST0066,Other,Nagpur,Maharashtra,PROD0002,Skincare Product 2,Beauty,Skincare,1,3080.28,0,3080.28,694.42,368.97,SELL016,SELL016,4.2,8
ORD01882,2025-06-16 15:00:00,Delivered,CUST0162,Male,Hyderabad,Telangana,PROD0011,Haircare Product 11,Beauty,Haircare,1,32962.68,15,32962.68,4525.49,344.58,SELL020,SELL020,4.6,5
ORD01882,2025-06-16 15:00:00,Delivered,CUST0162,Male,Hyderabad,Telangana,PROD0059,Accessories Product 59,Electronics,Accessories,1,2089.94,0,2089.94,826.72,194.38,SELL014,SELL014,4.3,8
ORD01883,2025-06-30 01:00:00,Shipped,CUST0254,Female,Pune,Maharashtra,PROD0080,Fiction Product 80,Books,Fiction,1,22569.7,10,22569.7,6156.85,118.4,SELL018,SELL018,4.1,
ORD01884,2025-11-26 11:00:00,Returned,CUST0231,Male,Visakhapatnam,Andhra Pradesh,PROD0074,Sportswear Product 74,Sports,Sportswear,1,37164.26,5,37164.26,15280.55,418.59,SELL007,SELL007,4.3,
ORD01885,2025-01-09 12:00:00,Delivered,CUST0167,Male,Vijayawada,Andhra Pradesh,PROD0035,Accessories Product 35,Fashion,Accessories,2,45288.98,0,90577.96,37156.52,366.92,SELL018,SELL018,4.1,8
ORD01886,2025-05-14 19:00:00,Delivered,CUST0243,Male,Tirupati,Andhra Pradesh,PROD0001,Audio Product 1,Electronics,Audio,2,22941.01,10,45882.02,13570.36,267.32,SELL007,SELL007,4.3,4
ORD01887,2025-03-21 20:00:00,Delivered,CUST0110,Female,Mumbai,Maharashtra,PROD0068,Appliances Product 68,Home & Kitchen,Appliances,2,13795.73,15,27591.46,9036.42,66.46,SELL020,SELL020,4.6,4
ORD01888,2025-08-23 11:00:00,Delivered,CUST0154,Male,Madurai,Tamil Nadu,PROD0037,Haircare Product 37,Beauty,Haircare,1,46540.98,0,46540.98,15729.82,472.18,SELL011,SELL011,3.8,10
ORD01888,2025-08-23 11:00:00,Delivered,CUST0154,Male,Madurai,Tamil Nadu,PROD0088,Laptops Product 88,Electronics,Laptops,1,31724.22,20,31724.22,7379.11,31.53,SELL021,SELL021,4.2,6
ORD01889,2025-11-15 22:00:00,Delivered,CUST0200,Female,New Delhi,Delhi,PROD0063,Audio Product 63,Electronics,Audio,2,13842.53,0,27685.06,6483.22,168.7,SELL006,SELL006,4.5,7
ORD01890,2025-08-30 21:00:00,Delivered,CUST0133,Female,Chennai,Tamil Nadu,PROD0032,Furniture Product 32,Home & Kitchen,Furniture,2,43681.85,0,87363.7,38082.84,237.5,SELL034,SELL034,4.7,7
ORD01890,2025-08-30 21:00:00,Delivered,CUST0133,Female,Chennai,Tamil Nadu,PROD0074,Sportswear Product 74,Sports,Sportswear,1,39120.27,0,39120.27,17236.56,92.73,SELL023,SELL023,4.2,6
ORD01891,2025-04-01 00:00:00,Processing,CUST0044,Female,Surat,Gujarat,PROD0052,Sportswear Product 52,Sports,Sportswear,1,1261.63,0,1261.63,270.24,315.47,SELL005,SELL005,3.8,
ORD01892,2025-03-04 06:00:00,Delivered,CUST0139,Female,Nagpur,Maharashtra,PROD0002,Skincare Product 2,Beauty,Skincare,1,2618.24,15,2618.24,232.38,406.06,SELL034,SELL034,4.7,3
ORD01892,2025-03-04 06:00:00,Delivered,CUST0139,Female,Nagpur,Maharashtra,PROD0018,Women Product 18,Fashion,Women,1,31908.88,5,31908.88,5917.63,386.74,SELL005,SELL005,3.8,6
ORD01893,2025-08-31 17:00:00,Delivered,CUST0192,Female,Tirupati,Andhra Pradesh,PROD0039,Audio Product 39,Electronics,Audio,1,9707.68,15,9707.68,2443.54,435.51,SELL012,SELL012,4.8,2
ORD01893,2025-08-31 17:00:00,Delivered,CUST0192,Female,Tirupati,Andhra Pradesh,PROD0076,Makeup Product 76,Beauty,Makeup,2,1861.17,0,3722.34,1520.84,303.96,SELL007,SELL007,4.3,10
ORD01894,2025-02-13 06:00:00,Shipped,CUST0004,Male,Nizamabad,Telangana,PROD0074,Sportswear Product 74,Sports,Sportswear,1,39120.27,0,39120.27,17236.56,431.72,SELL038,SELL038,4.3,
ORD01895,2025-02-25 14:00:00,Delivered,CUST0016,Male,Madurai,Tamil Nadu,PROD0083,Skincare Product 83,Beauty,Skincare,1,5080.97,20,5080.97,125.36,271.34,SELL020,SELL020,4.6,7
ORD01895,2025-02-25 14:00:00,Delivered,CUST0016,Male,Madurai,Tamil Nadu,PROD0039,Audio Product 39,Electronics,Audio,1,10849.76,5,10849.76,3585.62,169.73,SELL034,SELL034,4.7,9
ORD01895,2025-02-25 14:00:00,Delivered,CUST0016,Male,Madurai,Tamil Nadu,PROD0090,Makeup Product 90,Beauty,Makeup,2,6706.12,0,13412.24,2833.38,117.71,SELL005,SELL005,3.8,8
ORD01896,2025-11-07 03:00:00,Processing,CUST0168,Male,Bengaluru,Karnataka,PROD0016,Technology Product 16,Books,Technology,1,33191.22,0,33191.22,13780.43,83.43,SELL021,SELL021,4.2,
ORD01897,2025-04-08 01:00:00,Delivered,CUST0051,Male,Mysuru,Karnataka,PROD0069,Education Product 69,Books,Education,2,15498.17,0,30996.34,8905.0,116.02,SELL011,SELL011,3.8,4
ORD01898,2025-05-09 12:00:00,Delivered,CUST0076,Male,Mysuru,Karnataka,PROD0100,Outdoor Product 100,Sports,Outdoor,1,6477.22,0,6477.22,2385.15,146.04,SELL011,SELL011,3.8,4
ORD01899,2025-03-23 07:00:00,Delivered,CUST0130,Female,Coimbatore,Tamil Nadu,PROD0050,Skincare Product 50,Beauty,Skincare,1,33302.47,0,33302.47,14216.3,461.8,SELL002,SELL002,4.5,7
ORD01900,2025-09-10 20:00:00,Delivered,CUST0275,Male,Ahmedabad,Gujarat,PROD0039,Audio Product 39,Electronics,Audio,1,11420.8,0,11420.8,4156.66,48.67,SELL032,SELL032,3.9,3
ORD01900,2025-09-10 20:00:00,Delivered,CUST0275,Male,Ahmedabad,Gujarat,PROD0007,Accessories Product 7,Electronics,Accessories,1,5399.22,0,5399.22,1118.91,353.43,SELL022,SELL022,3.5,3
ORD01900,2025-09-10 20:00:00,Delivered,CUST0275,Male,Ahmedabad,Gujarat,PROD0070,Skincare Product 70,Beauty,Skincare,1,34565.8,0,34565.8,12273.7,46.82,SELL002,SELL002,4.5,2
ORD01901,2025-12-19 21:00:00,Shipped,CUST0010,Female,New Delhi,Delhi,PROD0019,Technology Product 19,Books,Technology,2,38797.65,15,77595.3,25083.16,94.66,SELL019,SELL019,4.9,
ORD01902,2025-12-08 17:00:00,Delivered,CUST0224,Female,Warangal,Telangana,PROD0056,Education Product 56,Books,Education,1,6887.13,0,6887.13,2444.1,117.08,SELL015,SELL015,3.9,10
ORD01902,2025-12-08 17:00:00,Delivered,CUST0224,Female,Warangal,Telangana,PROD0097,Women Product 97,Fashion,Women,2,7061.68,15,14123.36,791.26,109.55,SELL036,SELL036,4.3,6
ORD01902,2025-12-08 17:00:00,Delivered,CUST0224,Female,Warangal,Telangana,PROD0093,Fitness Product 93,Sports,Fitness,1,5512.26,15,5512.26,1390.4,334.61,SELL033,SELL033,5.0,10
ORD01902,2025-12-08 17:00:00,Delivered,CUST0224,Female,Warangal,Telangana,PROD0091,Audio Product 91,Electronics,Audio,2,19055.54,5,38111.08,8281.26,335.93,SELL011,SELL011,3.8,8
ORD01903,2025-04-03 20:00:00,Processing,CUST0141,Female,New Delhi,Delhi,PROD0030,Haircare Product 30,Beauty,Haircare,1,36603.09,5,36603.09,7317.01,140.57,SELL034,SELL034,4.7,
ORD01903,2025-04-03 20:00:00,Processing,CUST0141,Female,New Delhi,Delhi,PROD0011,Haircare Product 11,Beauty,Haircare,2,34901.66,10,69803.32,12928.94,308.79,SELL006,SELL006,4.5,
ORD01904,2025-01-30 11:00:00,Delivered,CUST0240,Male,New Delhi,Delhi,PROD0064,Haircare Product 64,Beauty,Haircare,1,33506.6,10,33506.6,4037.46,289.24,SELL031,SELL031,3.6,3
ORD01905,2025-04-12 11:00:00,Delivered,CUST0205,Male,Vadodara,Gujarat,PROD0099,Men Product 99,Fashion,Men,1,10809.97,15,10809.97,1634.65,411.58,SELL005,SELL005,3.8,2
ORD01906,2025-05-24 23:00:00,Delivered,CUST0283,Male,Hyderabad,Telangana,PROD0043,Smartphones Product 43,Electronics,Smartphones,1,11034.89,15,11034.89,967.96,417.5,SELL022,SELL022,3.5,8
ORD01907,2025-06-29 09:00:00,Delivered,CUST0035,Male,Madurai,Tamil Nadu,PROD0096,Fitness Product 96,Sports,Fitness,1,39531.11,5,39531.11,10823.72,175.05,SELL007,SELL007,4.3,8
ORD01908,2025-07-25 11:00:00,Delivered,CUST0118,Female,Surat,Gujarat,PROD0033,Haircare Product 33,Beauty,Haircare,1,23662.64,15,23662.64,7580.42,455.64,SELL032,SELL032,3.9,2
ORD01908,2025-07-25 11:00:00,Delivered,CUST0118,Female,Surat,Gujarat,PROD0009,Decor Product 9,Home & Kitchen,Decor,1,49551.55,0,49551.55,15286.73,437.1,SELL010,SELL010,4.2,2
ORD01909,2025-12-14 05:00:00,Delivered,CUST0102,Other,Hyderabad,Telangana,PROD0057,Women Product 57,Fashion,Women,2,35327.35,15,70654.7,9570.44,413.52,SELL005,SELL005,3.8,4
ORD01910,2025-12-16 23:00:00,Delivered,CUST0227,Male,Mumbai,Maharashtra,PROD0021,Women Product 21,Fashion,Women,2,40435.07,15,80870.14,19763.92,228.86,SELL029,SELL029,3.6,8
ORD01911,2025-06-06 19:00:00,Shipped,CUST0045,Male,Vijayawada,Andhra Pradesh,PROD0003,Smartphones Product 3,Electronics,Smartphones,1,30846.67,0,30846.67,9657.84,143.15,SELL035,SELL035,4.6,
ORD01912,2025-10-25 08:00:00,Delivered,CUST0172,Female,Mysuru,Karnataka,PROD0013,Education Product 13,Books,Education,2,14386.31,0,28772.62,7325.28,477.36,SELL016,SELL016,4.2,2
ORD01912,2025-10-25 08:00:00,Delivered,CUST0172,Female,Mysuru,Karnataka,PROD0066,Haircare Product 66,Beauty,Haircare,2,39299.28,15,78598.56,14776.12,90.62,SELL006,SELL006,4.5,6
ORD01912,2025-10-25 08:00:00,Delivered,CUST0172,Female,Mysuru,Karnataka,PROD0003,Smartphones Product 3,Electronics,Smartphones,1,30846.67,0,30846.67,9657.84,148.83,SELL033,SELL033,5.0,8
ORD01913,2025-02-02 13:00:00,Delivered,CUST0217,Male,Vadodara,Gujarat,PROD0025,Women Product 25,Fashion,Women,1,26966.71,10,26966.71,9239.15,254.78,SELL005,SELL005,3.8,2
ORD01913,2025-02-02 13:00:00,Delivered,CUST0217,Male,Vadodara,Gujarat,PROD0024,Sportswear Product 24,Sports,Sportswear,1,44213.19,0,44213.19,19445.32,39.68,SELL001,SELL001,4.5,3
ORD01914,2025-06-07 09:00:00,Delivered,CUST0105,Female,Hyderabad,Telangana,PROD0003,Smartphones Product 3,Electronics,Smartphones,1,30846.67,0,30846.67,9657.84,167.38,SELL026,SELL026,4.3,9
ORD01914,2025-06-07 09:00:00,Delivered,CUST0105,Female,Hyderabad,Telangana,PROD0038,Makeup Product 38,Beauty,Makeup,1,18854.58,0,18854.58,6518.69,186.96,SELL013,SELL013,5.0,6
ORD01915,2025-12-17 21:00:00,Delivered,CUST0076,Male,Mysuru,Karnataka,PROD0089,Skincare Product 89,Beauty,Skincare,1,18204.6,0,18204.6,5379.19,207.55,SELL030,SELL030,4.3,7
ORD01916,2025-10-11 15:00:00,Delivered,CUST0299,Male,New Delhi,Delhi,PROD0061,Makeup Product 61,Beauty,Makeup,3,20231.39,15,60694.17,20715.45,132.34,SELL029,SELL029,3.6,5
ORD01917,2025-02-13 17:00:00,Returned,CUST0275,Male,Ahmedabad,Gujarat,PROD0021,Women Product 21,Fashion,Women,1,45192.14,5,45192.14,14639.03,48.25,SELL003,SELL003,4.7,
ORD01918,2025-09-19 02:00:00,Delivered,CUST0210,Female,Warangal,Telangana,PROD0015,Sportswear Product 15,Sports,Sportswear,1,6557.45,10,6557.45,1861.94,264.36,SELL035,SELL035,4.6,10
ORD01919,2025-11-17 20:00:00,Shipped,CUST0127,Female,New Delhi,Delhi,PROD0043,Smartphones Product 43,Electronics,Smartphones,1,12333.11,5,12333.11,2266.18,390.6,SELL040,SELL040,4.9,
ORD01920,2025-07-05 08:00:00,Shipped,CUST0017,Male,Warangal,Telangana,PROD0058,Education Product 58,Books,Education,2,31678.86,0,63357.72,14629.02,44.62,SELL006,SELL006,4.5,
ORD01921,2025-03-13 01:00:00,Delivered,CUST0005,Male,Ahmedabad,Gujarat,PROD0059,Accessories Product 59,Electronics,Accessories,2,2089.94,0,4179.88,1653.44,352.79,SELL036,SELL036,4.3,3
ORD01922,2025-12-11 10:00:00,Delivered,CUST0113,Male,Vijayawada,Andhra Pradesh,PROD0067,Accessories Product 67,Electronics,Accessories,2,3967.79,5,7935.58,1982.54,358.32,SELL038,SELL038,4.3,8
ORD01923,2025-11-26 22:00:00,Processing,CUST0085,Female,New Delhi,Delhi,PROD0005,Accessories Product 5,Electronics,Accessories,1,45475.24,0,45475.24,13444.88,343.06,SELL003,SELL003,4.7,
ORD01924,2025-02-04 03:00:00,Shipped,CUST0254,Female,Pune,Maharashtra,PROD0086,Sportswear Product 86,Sports,Sportswear,1,14695.52,0,14695.52,5422.82,473.49,SELL032,SELL032,3.9,
ORD01925,2025-10-10 13:00:00,Delivered,CUST0160,Female,New Delhi,Delhi,PROD0020,Education Product 20,Books,Education,1,21715.2,15,21715.2,7538.43,263.86,SELL019,SELL019,4.9,4
ORD01925,2025-10-10 13:00:00,Delivered,CUST0160,Female,New Delhi,Delhi,PROD0056,Education Product 56,Books,Education,1,6542.77,5,6542.77,2099.74,68.62,SELL017,SELL017,3.6,6
ORD01925,2025-10-10 13:00:00,Delivered,CUST0160,Female,New Delhi,Delhi,PROD0017,Fiction Product 17,Books,Fiction,3,14869.11,5,44607.33,14006.52,249.11,SELL002,SELL002,4.5,6
ORD01926,2025-12-04 09:00:00,Delivered,CUST0147,Female,Surat,Gujarat,PROD0049,Skincare Product 49,Beauty,Skincare,2,29294.94,5,58589.88,20663.58,318.38,SELL028,SELL028,4.0,3
ORD01927,2025-04-20 20:00:00,Shipped,CUST0031,Male,New Delhi,Delhi,PROD0013,Education Product 13,Books,Education,1,13666.99,5,13666.99,2943.32,378.12,SELL030,SELL030,4.3,
ORD01928,2025-05-26 14:00:00,Delivered,CUST0083,Male,Mumbai,Maharashtra,PROD0088,Laptops Product 88,Electronics,Laptops,1,35689.74,10,35689.74,11344.63,165.55,SELL006,SELL006,4.5,2
ORD01928,2025-05-26 14:00:00,Delivered,CUST0083,Male,Mumbai,Maharashtra,PROD0025,Women Product 25,Fashion,Women,1,25468.56,15,25468.56,7741.0,463.49,SELL009,SELL009,4.2,8
ORD01928,2025-05-26 14:00:00,Delivered,CUST0083,Male,Mumbai,Maharashtra,PROD0008,Men Product 8,Fashion,Men,2,25351.31,0,50702.62,20453.9,399.96,SELL025,SELL025,3.9,8
ORD01929,2025-01-12 07:00:00,Delivered,CUST0030,Male,Nizamabad,Telangana,PROD0020,Education Product 20,Books,Education,2,21715.2,15,43430.4,15076.86,250.43,SELL023,SELL023,4.2,9
ORD01930,2025-04-18 12:00:00,Delivered,CUST0170,Female,Kochi,Kerala,PROD0016,Technology Product 16,Books,Technology,2,33191.22,0,66382.44,27560.86,329.38,SELL005,SELL005,3.8,10
ORD01931,2025-11-24 04:00:00,Delivered,CUST0014,Female,Tirupati,Andhra Pradesh,PROD0084,Skincare Product 84,Beauty,Skincare,1,44959.28,0,44959.28,14828.47,439.44,SELL014,SELL014,4.3,10
ORD01931,2025-11-24 04:00:00,Delivered,CUST0014,Female,Tirupati,Andhra Pradesh,PROD0075,Laptops Product 75,Electronics,Laptops,1,35083.03,10,35083.03,9787.83,154.45,SELL012,SELL012,4.8,6
ORD01932,2025-04-13 17:00:00,Delivered,CUST0188,Female,Pune,Maharashtra,PROD0053,Accessories Product 53,Electronics,Accessories,3,49056.71,0,147170.13,56147.52,389.29,SELL007,SELL007,4.3,7
ORD01933,2025-12-26 02:00:00,Delivered,CUST0212,Male,Bengaluru,Karnataka,PROD0098,Appliances Product 98,Home & Kitchen,Appliances,1,47387.29,0,47387.29,14685.21,279.08,SELL021,SELL021,4.2,9
ORD01934,2025-11-10 18:00:00,Shipped,CUST0139,Female,Nagpur,Maharashtra,PROD0025,Women Product 25,Fashion,Women,1,28464.86,5,28464.86,10737.3,308.79,SELL009,SELL009,4.2,
ORD01935,2025-09-18 16:00:00,Delivered,CUST0088,Female,New Delhi,Delhi,PROD0064,Haircare Product 64,Beauty,Haircare,1,33506.6,10,33506.6,4037.46,449.11,SELL033,SELL033,5.0,5
ORD01936,2025-05-13 09:00:00,Processing,CUST0185,Female,Nizamabad,Telangana,PROD0064,Haircare Product 64,Beauty,Haircare,1,33506.6,10,33506.6,4037.46,158.53,SELL031,SELL031,3.6,
ORD01936,2025-05-13 09:00:00,Processing,CUST0185,Female,Nizamabad,Telangana,PROD0063,Audio Product 63,Electronics,Audio,1,13150.4,5,13150.4,2549.48,45.94,SELL025,SELL025,3.9,
ORD01937,2025-08-11 00:00:00,Delivered,CUST0025,Female,Nizamabad,Telangana,PROD0039,Audio Product 39,Electronics,Audio,1,9136.64,20,9136.64,1872.5,345.65,SELL035,SELL035,4.6,4
ORD01938,2025-10-15 11:00:00,Processing,CUST0117,Male,Surat,Gujarat,PROD0075,Laptops Product 75,Electronics,Laptops,1,38981.14,0,38981.14,13685.94,427.83,SELL007,SELL007,4.3,
ORD01939,2025-11-05 13:00:00,Delivered,CUST0102,Other,Hyderabad,Telangana,PROD0079,Education Product 79,Books,Education,2,11401.36,10,22802.72,8091.64,250.31,SELL010,SELL010,4.2,3
ORD01939,2025-11-05 13:00:00,Delivered,CUST0102,Other,Hyderabad,Telangana,PROD0029,Skincare Product 29,Beauty,Skincare,1,17622.59,5,17622.59,2676.32,93.96,SELL029,SELL029,3.6,8
ORD01940,2025-12-28 15:00:00,Delivered,CUST0054,Male,Nizamabad,Telangana,PROD0017,Fiction Product 17,Books,Fiction,1,13303.94,15,13303.94,3103.67,382.27,SELL024,SELL024,4.4,7
ORD01941,2025-05-07 21:00:00,Delivered,CUST0153,Female,Tirupati,Andhra Pradesh,PROD0020,Education Product 20,Books,Education,1,22992.57,10,22992.57,8815.8,144.11,SELL037,SELL037,3.6,2
ORD01941,2025-05-07 21:00:00,Delivered,CUST0153,Female,Tirupati,Andhra Pradesh,PROD0059,Accessories Product 59,Electronics,Accessories,2,1985.44,5,3970.88,1444.44,457.85,SELL006,SELL006,4.5,4
ORD01941,2025-05-07 21:00:00,Delivered,CUST0153,Female,Tirupati,Andhra Pradesh,PROD0072,Fiction Product 72,Books,Fiction,1,3983.3,0,3983.3,1106.85,465.43,SELL037,SELL037,3.6,6
ORD01942,2025-09-17 03:00:00,Delivered,CUST0234,Male,Madurai,Tamil Nadu,PROD0037,Haircare Product 37,Beauty,Haircare,1,46540.98,0,46540.98,15729.82,137.43,SELL010,SELL010,4.2,4
ORD01943,2025-01-13 05:00:00,Delivered,CUST0144,Male,Kochi,Kerala,PROD0017,Fiction Product 17,Books,Fiction,1,14869.11,5,14869.11,4668.84,461.52,SELL031,SELL031,3.6,5
ORD01944,2025-07-19 10:00:00,Delivered,CUST0143,Male,Surat,Gujarat,PROD0065,Haircare Product 65,Beauty,Haircare,3,38954.2,20,116862.6,16948.74,194.6,SELL006,SELL006,4.5,10
ORD01945,2025-01-20 15:00:00,Shipped,CUST0083,Male,Mumbai,Maharashtra,PROD0022,Skincare Product 22,Beauty,Skincare,3,9792.44,15,29377.32,9084.75,237.91,SELL034,SELL034,4.7,
ORD01946,2025-04-16 19:00:00,Delivered,CUST0094,Male,Nagpur,Maharashtra,PROD0082,Skincare Product 82,Beauty,Skincare,2,49819.16,0,99638.32,37154.56,237.02,SELL013,SELL013,5.0,5
ORD01946,2025-04-16 19:00:00,Delivered,CUST0094,Male,Nagpur,Maharashtra,PROD0059,Accessories Product 59,Electronics,Accessories,1,1880.95,10,1880.95,617.73,301.88,SELL014,SELL014,4.3,7
ORD01947,2025-01-22 00:00:00,Delivered,CUST0062,Female,Thrissur,Kerala,PROD0033,Haircare Product 33,Beauty,Haircare,2,25054.56,10,50109.12,17944.68,478.27,SELL013,SELL013,5.0,6
ORD01948,2025-04-21 15:00:00,Delivered,CUST0176,Male,Tirupati,Andhra Pradesh,PROD0004,Makeup Product 4,Beauty,Makeup,1,26435.88,5,26435.88,5181.69,292.93,SELL023,SELL023,4.2,6
ORD01949,2025-01-27 15:00:00,Delivered,CUST0186,Male,Hyderabad,Telangana,PROD0030,Haircare Product 30,Beauty,Haircare,1,30823.66,20,30823.66,1537.58,447.87,SELL009,SELL009,4.2,2
ORD01949,2025-01-27 15:00:00,Delivered,CUST0186,Male,Hyderabad,Telangana,PROD0014,Technology Product 14,Books,Technology,3,39326.09,10,117978.27,34081.59,273.08,SELL018,SELL018,4.1,9
ORD01950,2025-12-17 22:00:00,Delivered,CUST0082,Male,Warangal,Telangana,PROD0090,Makeup Product 90,Beauty,Makeup,1,6370.81,5,6370.81,1081.38,366.61,SELL002,SELL002,4.5,3
ORD01951,2025-12-02 20:00:00,Delivered,CUST0288,Female,Warangal,Telangana,PROD0075,Laptops Product 75,Electronics,Laptops,1,38981.14,0,38981.14,13685.94,498.1,SELL018,SELL018,4.1,3
ORD01952,2025-04-18 02:00:00,Shipped,CUST0121,Other,Kochi,Kerala,PROD0067,Accessories Product 67,Electronics,Accessories,3,4176.62,0,12529.86,3600.3,199.57,SELL030,SELL030,4.3,
ORD01952,2025-04-18 02:00:00,Shipped,CUST0121,Other,Kochi,Kerala,PROD0093,Fitness Product 93,Sports,Fitness,1,6485.01,0,6485.01,2363.15,36.47,SELL040,SELL040,4.9,
ORD01953,2025-11-06 09:00:00,Cancelled,CUST0002,Male,Mangaluru,Karnataka,PROD0094,Accessories Product 94,Electronics,Accessories,3,23425.2,0,70275.6,21807.42,271.22,SELL015,SELL015,3.9,
ORD01953,2025-11-06 09:00:00,Cancelled,CUST0002,Male,Mangaluru,Karnataka,PROD0036,Skincare Product 36,Beauty,Skincare,1,42600.65,10,42600.65,13729.23,272.37,SELL035,SELL035,4.6,
ORD01953,2025-11-06 09:00:00,Cancelled,CUST0002,Male,Mangaluru,Karnataka,PROD0016,Technology Product 16,Books,Technology,1,29872.1,10,29872.1,10461.31,188.9,SELL032,SELL032,3.9,
ORD01954,2025-06-21 01:00:00,Delivered,CUST0156,Male,New Delhi,Delhi,PROD0051,Men Product 51,Fashion,Men,2,47681.83,0,95363.66,28904.52,113.65,SELL019,SELL019,4.9,2
ORD01954,2025-06-21 01:00:00,Delivered,CUST0156,Male,New Delhi,Delhi,PROD0053,Accessories Product 53,Electronics,Accessories,3,49056.71,0,147170.13,56147.52,458.3,SELL028,SELL028,4.0,9
ORD01954,2025-06-21 01:00:00,Delivered,CUST0156,Male,New Delhi,Delhi,PROD0080,Fiction Product 80,Books,Fiction,2,25077.44,0,50154.88,17329.18,174.98,SELL019,SELL019,4.9,4
ORD01955,2025-12-16 22:00:00,Delivered,CUST0024,Other,Vadodara,Gujarat,PROD0034,Fitness Product 34,Sports,Fitness,3,12988.69,10,38966.07,6232.77,124.56,SELL013,SELL013,5.0,10
ORD01955,2025-12-16 22:00:00,Delivered,CUST0024,Other,Vadodara,Gujarat,PROD0085,Audio Product 85,Electronics,Audio,3,33475.03,0,100425.09,25952.25,398.53,SELL037,SELL037,3.6,7
ORD01956,2025-01-18 14:00:00,Delivered,CUST0132,Female,Warangal,Telangana,PROD0073,Women Product 73,Fashion,Women,1,45268.71,5,45268.71,17223.53,321.68,SELL024,SELL024,4.4,2
ORD01956,2025-01-18 14:00:00,Delivered,CUST0132,Female,Warangal,Telangana,PROD0066,Haircare Product 66,Beauty,Haircare,1,41611.0,10,41611.0,9699.78,470.5,SELL006,SELL006,4.5,4
ORD01957,2025-08-18 19:00:00,Delivered,CUST0259,Female,Kozhikode,Kerala,PROD0028,Education Product 28,Books,Education,1,9513.32,20,9513.32,2205.0,161.01,SELL031,SELL031,3.6,5
ORD01957,2025-08-18 19:00:00,Delivered,CUST0259,Female,Kozhikode,Kerala,PROD0059,Accessories Product 59,Electronics,Accessories,2,2089.94,0,4179.88,1653.44,378.05,SELL014,SELL014,4.3,2
ORD01958,2025-05-07 14:00:00,Delivered,CUST0133,Female,Chennai,Tamil Nadu,PROD0081,Fitness Product 81,Sports,Fitness,1,13273.39,0,13273.39,5040.2,406.85,SELL038,SELL038,4.3,7
ORD01959,2025-12-23 18:00:00,Delivered,CUST0222,Female,New Delhi,Delhi,PROD0029,Skincare Product 29,Beauty,Skincare,1,18550.09,0,18550.09,3603.82,190.88,SELL011,SELL011,3.8,2
ORD01959,2025-12-23 18:00:00,Delivered,CUST0222,Female,New Delhi,Delhi,PROD0086,Sportswear Product 86,Sports,Sportswear,1,13960.74,5,13960.74,4688.04,448.78,SELL032,SELL032,3.9,8
ORD01960,2025-05-08 00:00:00,Delivered,CUST0080,Female,Hyderabad,Telangana,PROD0074,Sportswear Product 74,Sports,Sportswear,2,39120.27,0,78240.54,34473.12,140.04,SELL023,SELL023,4.2,8
ORD01961,2025-01-04 18:00:00,Delivered,CUST0011,Other,Coimbatore,Tamil Nadu,PROD0063,Audio Product 63,Electronics,Audio,1,12458.28,10,12458.28,1857.36,357.96,SELL014,SELL014,4.3,9
ORD01961,2025-01-04 18:00:00,Delivered,CUST0011,Other,Coimbatore,Tamil Nadu,PROD0069,Education Product 69,Books,Education,1,13173.44,15,13173.44,2127.77,156.27,SELL014,SELL014,4.3,3
ORD01962,2025-06-23 20:00:00,Delivered,CUST0208,Female,Mumbai,Maharashtra,PROD0069,Education Product 69,Books,Education,2,13948.35,10,27896.7,5805.36,433.78,SELL040,SELL040,4.9,6
ORD01962,2025-06-23 20:00:00,Delivered,CUST0208,Female,Mumbai,Maharashtra,PROD0035,Accessories Product 35,Fashion,Accessories,2,45288.98,0,90577.96,37156.52,264.22,SELL029,SELL029,3.6,10
ORD01963,2025-05-23 07:00:00,Delivered,CUST0051,Male,Mysuru,Karnataka,PROD0094,Accessories Product 94,Electronics,Accessories,2,21082.68,10,42165.36,9853.24,496.16,SELL006,SELL006,4.5,7
ORD01963,2025-05-23 07:00:00,Delivered,CUST0051,Male,Mysuru,Karnataka,PROD0076,Makeup Product 76,Beauty,Makeup,1,1768.11,5,1768.11,667.36,68.75,SELL019,SELL019,4.9,5
ORD01964,2025-05-03 16:00:00,Processing,CUST0196,Male,Mumbai,Maharashtra,PROD0046,Makeup Product 46,Beauty,Makeup,2,35771.83,10,71543.66,18011.46,421.25,SELL031,SELL031,3.6,
ORD01965,2025-08-08 03:00:00,Delivered,CUST0224,Female,Warangal,Telangana,PROD0009,Decor Product 9,Home & Kitchen,Decor,1,47073.97,5,47073.97,12809.15,444.72,SELL018,SELL018,4.1,5
ORD01966,2025-08-29 05:00:00,Delivered,CUST0257,Male,Bengaluru,Karnataka,PROD0082,Skincare Product 82,Beauty,Skincare,1,44837.24,10,44837.24,13595.36,300.83,SELL011,SELL011,3.8,5
ORD01967,2025-03-04 10:00:00,Delivered,CUST0082,Male,Warangal,Telangana,PROD0028,Education Product 28,Books,Education,1,11891.65,0,11891.65,4583.33,270.38,SELL001,SELL001,4.5,3
ORD01967,2025-03-04 10:00:00,Delivered,CUST0082,Male,Warangal,Telangana,PROD0018,Women Product 18,Fashion,Women,1,28550.05,15,28550.05,2558.8,257.0,SELL023,SELL023,4.2,9
ORD01968,2025-02-26 23:00:00,Cancelled,CUST0137,Male,Kochi,Kerala,PROD0041,Accessories Product 41,Fashion,Accessories,1,29647.64,15,29647.64,9156.79,301.06,SELL027,SELL027,3.7,
ORD01969,2025-08-14 20:00:00,Delivered,CUST0190,Female,Mysuru,Karnataka,PROD0097,Women Product 97,Fashion,Women,2,7892.47,5,15784.94,2452.84,434.82,SELL031,SELL031,3.6,3
ORD01969,2025-08-14 20:00:00,Delivered,CUST0190,Female,Mysuru,Karnataka,PROD0052,Sportswear Product 52,Sports,Sportswear,3,1261.63,0,3784.89,810.72,195.81,SELL031,SELL031,3.6,6
ORD01969,2025-08-14 20:00:00,Delivered,CUST0190,Female,Mysuru,Karnataka,PROD0048,Sportswear Product 48,Sports,Sportswear,1,11057.78,10,11057.78,3823.96,190.75,SELL001,SELL001,4.5,9
ORD01970,2025-02-06 15:00:00,Delivered,CUST0095,Female,Vadodara,Gujarat,PROD0068,Appliances Product 68,Home & Kitchen,Appliances,1,15418.76,5,15418.76,6141.24,498.15,SELL009,SELL009,4.2,7
ORD01971,2025-08-09 02:00:00,Delivered,CUST0003,Male,Ahmedabad,Gujarat,PROD0078,Fitness Product 78,Sports,Fitness,1,25261.1,5,25261.1,7778.58,398.31,SELL011,SELL011,3.8,7
ORD01972,2025-02-01 12:00:00,Shipped,CUST0018,Female,New Delhi,Delhi,PROD0026,Furniture Product 26,Home & Kitchen,Furniture,1,30709.52,15,30709.52,10412.44,150.76,SELL016,SELL016,4.2,
ORD01972,2025-02-01 12:00:00,Shipped,CUST0018,Female,New Delhi,Delhi,PROD0075,Laptops Product 75,Electronics,Laptops,1,37032.08,5,37032.08,11736.88,119.26,SELL004,SELL004,3.6,
ORD01972,2025-02-01 12:00:00,Shipped,CUST0018,Female,New Delhi,Delhi,PROD0005,Accessories Product 5,Electronics,Accessories,2,45475.24,0,90950.48,26889.76,415.77,SELL037,SELL037,3.6,
ORD01973,2025-12-09 00:00:00,Delivered,CUST0135,Female,Warangal,Telangana,PROD0064,Haircare Product 64,Beauty,Haircare,1,33506.6,10,33506.6,4037.46,197.08,SELL021,SELL021,4.2,6
ORD01974,2025-11-08 14:00:00,Cancelled,CUST0211,Male,New Delhi,Delhi,PROD0041,Accessories Product 41,Fashion,Accessories,3,27903.66,20,83710.98,22238.43,443.46,SELL005,SELL005,3.8,
ORD01975,2025-06-18 11:00:00,Cancelled,CUST0124,Male,Pune,Maharashtra,PROD0032,Furniture Product 32,Home & Kitchen,Furniture,2,41497.76,5,82995.52,33714.66,408.64,SELL014,SELL014,4.3,
ORD01976,2025-08-12 21:00:00,Delivered,CUST0276,Female,Tirupati,Andhra Pradesh,PROD0088,Laptops Product 88,Electronics,Laptops,3,35689.74,10,107069.22,34033.89,312.0,SELL025,SELL025,3.9,3
ORD01977,2025-03-08 08:00:00,Processing,CUST0222,Female,New Delhi,Delhi,PROD0091,Audio Product 91,Electronics,Audio,1,19055.54,5,19055.54,4140.63,446.1,SELL011,SELL011,3.8,
ORD01978,2025-09-06 18:00:00,Delivered,CUST0060,Female,Mumbai,Maharashtra,PROD0007,Accessories Product 7,Electronics,Accessories,1,4319.38,20,4319.38,39.07,413.87,SELL001,SELL001,4.5,4
ORD01978,2025-09-06 18:00:00,Delivered,CUST0060,Female,Mumbai,Maharashtra,PROD0012,Audio Product 12,Electronics,Audio,2,3176.2,10,6352.4,2290.28,57.32,SELL032,SELL032,3.9,10
ORD01979,2025-04-07 17:00:00,Cancelled,CUST0005,Male,Ahmedabad,Gujarat,PROD0100,Outdoor Product 100,Sports,Outdoor,1,6153.36,5,6153.36,2061.29,327.94,SELL024,SELL024,4.4,
ORD01980,2025-03-29 09:00:00,Shipped,CUST0196,Male,Mumbai,Maharashtra,PROD0005,Accessories Product 5,Electronics,Accessories,1,43201.48,5,43201.48,11171.12,132.02,SELL007,SELL007,4.3,
ORD01981,2025-09-25 04:00:00,Delivered,CUST0019,Male,Kochi,Kerala,PROD0087,Furniture Product 87,Home & Kitchen,Furniture,1,39736.4,0,39736.4,12423.03,140.46,SELL035,SELL035,4.6,4
ORD01982,2025-02-03 21:00:00,Delivered,CUST0146,Female,Nizamabad,Telangana,PROD0039,Audio Product 39,Electronics,Audio,2,11420.8,0,22841.6,8313.32,259.29,SELL013,SELL013,5.0,6
ORD01983,2025-05-07 05:00:00,Delivered,CUST0109,Female,Kochi,Kerala,PROD0078,Fitness Product 78,Sports,Fitness,1,26590.63,0,26590.63,9108.11,172.07,SELL002,SELL002,4.5,4
ORD01983,2025-05-07 05:00:00,Delivered,CUST0109,Female,Kochi,Kerala,PROD0060,Kitchen Product 60,Home & Kitchen,Kitchen,1,13558.26,15,13558.26,3449.85,35.65,SELL013,SELL013,5.0,4
ORD01984,2025-03-08 15:00:00,Delivered,CUST0124,Male,Pune,Maharashtra,PROD0033,Haircare Product 33,Beauty,Haircare,1,26446.48,5,26446.48,10364.26,238.59,SELL029,SELL029,3.6,2
ORD01985,2025-05-28 14:00:00,Cancelled,CUST0055,Female,Kozhikode,Kerala,PROD0044,Sportswear Product 44,Sports,Sportswear,1,27487.6,10,27487.6,7199.34,301.24,SELL016,SELL016,4.2,
ORD01986,2025-02-05 11:00:00,Delivered,CUST0072,Male,Surat,Gujarat,PROD0029,Skincare Product 29,Beauty,Skincare,1,17622.59,5,17622.59,2676.32,252.1,SELL016,SELL016,4.2,4
ORD01987,2025-04-03 09:00:00,Shipped,CUST0259,Female,Kozhikode,Kerala,PROD0073,Women Product 73,Fashion,Women,1,42886.14,10,42886.14,14840.96,50.4,SELL009,SELL009,4.2,
ORD01987,2025-04-03 09:00:00,Shipped,CUST0259,Female,Kozhikode,Kerala,PROD0009,Decor Product 9,Home & Kitchen,Decor,3,44596.4,10,133789.2,30994.74,81.53,SELL029,SELL029,3.6,
ORD01988,2025-08-25 21:00:00,Processing,CUST0162,Male,Hyderabad,Telangana,PROD0095,Furniture Product 95,Home & Kitchen,Furniture,1,34602.43,10,34602.43,12117.05,492.02,SELL006,SELL006,4.5,
ORD01989,2025-12-01 23:00:00,Delivered,CUST0201,Female,Mysuru,Karnataka,PROD0033,Haircare Product 33,Beauty,Haircare,1,27838.4,0,27838.4,11756.18,155.51,SELL026,SELL026,4.3,10
ORD01989,2025-12-01 23:00:00,Delivered,CUST0201,Female,Mysuru,Karnataka,PROD0025,Women Product 25,Fashion,Women,1,29963.01,0,29963.01,12235.45,395.72,SELL017,SELL017,3.6,10
ORD01990,2025-12-20 22:00:00,Delivered,CUST0081,Male,Coimbatore,Tamil Nadu,PROD0057,Women Product 57,Fashion,Women,2,41561.59,0,83123.18,22038.92,103.89,SELL026,SELL026,4.3,3
ORD01991,2025-08-17 17:00:00,Delivered,CUST0260,Female,Tirupati,Andhra Pradesh,PROD0025,Women Product 25,Fashion,Women,1,29963.01,0,29963.01,12235.45,306.36,SELL024,SELL024,4.4,7
ORD01991,2025-08-17 17:00:00,Delivered,CUST0260,Female,Tirupati,Andhra Pradesh,PROD0070,Skincare Product 70,Beauty,Skincare,2,34565.8,0,69131.6,24547.4,488.47,SELL004,SELL004,3.6,4
ORD01991,2025-08-17 17:00:00,Delivered,CUST0260,Female,Tirupati,Andhra Pradesh,PROD0097,Women Product 97,Fashion,Women,1,7061.68,15,7061.68,395.63,333.33,SELL022,SELL022,3.5,2
ORD01992,2025-10-10 13:00:00,Delivered,CUST0190,Female,Mysuru,Karnataka,PROD0084,Skincare Product 84,Beauty,Skincare,1,42711.32,5,42711.32,12580.51,131.8,SELL019,SELL019,4.9,10
ORD01992,2025-10-10 13:00:00,Delivered,CUST0190,Female,Mysuru,Karnataka,PROD0004,Makeup Product 4,Beauty,Makeup,2,23653.15,15,47306.3,4797.92,196.24,SELL012,SELL012,4.8,7
ORD01992,2025-10-10 13:00:00,Delivered,CUST0190,Female,Mysuru,Karnataka,PROD0031,Sportswear Product 31,Sports,Sportswear,2,20024.46,5,40048.92,15018.1,470.99,SELL027,SELL027,3.7,4
ORD01993,2025-03-03 14:00:00,Delivered,CUST0171,Male,Coimbatore,Tamil Nadu,PROD0066,Haircare Product 66,Beauty,Haircare,2,39299.28,15,78598.56,14776.12,264.86,SELL007,SELL007,4.3,3
ORD01993,2025-03-03 14:00:00,Delivered,CUST0171,Male,Coimbatore,Tamil Nadu,PROD0047,Accessories Product 47,Electronics,Accessories,2,28440.88,5,56881.76,23684.52,414.0,SELL037,SELL037,3.6,9
ORD01994,2025-01-22 20:00:00,Processing,CUST0007,Male,Coimbatore,Tamil Nadu,PROD0096,Fitness Product 96,Sports,Fitness,1,39531.11,5,39531.11,10823.72,215.73,SELL021,SELL021,4.2,
ORD01995,2025-03-23 05:00:00,Returned,CUST0289,Male,Vadodara,Gujarat,PROD0046,Makeup Product 46,Beauty,Makeup,3,35771.83,10,107315.49,27017.19,424.41,SELL031,SELL031,3.6,
ORD01996,2025-01-24 08:00:00,Delivered,CUST0212,Male,Bengaluru,Karnataka,PROD0024,Sportswear Product 24,Sports,Sportswear,2,44213.19,0,88426.38,38890.64,66.41,SELL040,SELL040,4.9,8
ORD01997,2025-01-09 19:00:00,Shipped,CUST0063,Other,Kozhikode,Kerala,PROD0086,Sportswear Product 86,Sports,Sportswear,1,14695.52,0,14695.52,5422.82,329.84,SELL013,SELL013,5.0,
ORD01998,2025-07-21 04:00:00,Delivered,CUST0291,Female,Kozhikode,Kerala,PROD0086,Sportswear Product 86,Sports,Sportswear,2,14695.52,0,29391.04,10845.64,55.58,SELL038,SELL038,4.3,10
ORD01999,2025-07-26 14:00:00,Delivered,CUST0256,Female,Kochi,Kerala,PROD0020,Education Product 20,Books,Education,1,24269.93,5,24269.93,10093.16,214.3,SELL020,SELL020,4.6,2
ORD02000,2025-11-21 09:00:00,Delivered,CUST0290,Male,Mumbai,Maharashtra,PROD0046,Makeup Product 46,Beauty,Makeup,1,39746.48,0,39746.48,12980.38,114.96,SELL002,SELL002,4.5,3
ORD02000,2025-11-21 09:00:00,Delivered,CUST0290,Male,Mumbai,Maharashtra,PROD0094,Accessories Product 94,Electronics,Accessories,1,22253.94,5,22253.94,6097.88,116.65,SELL028,SELL028,4.0,4
