order_id,customer_id,order_date,order_status,payment_method,shipping_state
ORD00001,CUST0164,2025-03-25 12:00:00,Returned,Debit Card,Tamil Nadu
ORD00002,CUST0299,2025-06-07 23:00:00,Processing,Debit Card,Delhi
ORD00003,CUST0076,2025-12-15 07:00:00,Delivered,Cash on Delivery,Karnataka
ORD00004,CUST0032,2025-12-28 04:00:00,Delivered,Credit Card,Andhra Pradesh
ORD00005,CUST0248,2025-04-09 07:00:00,Delivered,UPI,Maharashtra
ORD00006,CUST0104,2025-10-03 08:00:00,Cancelled,Debit Card,Gujarat
ORD00007,CUST0052,2025-12-15 04:00:00,Delivered,Credit Card,Kerala
ORD00008,CUST0119,2025-10-01 23:00:00,Delivered,Cash on Delivery,Tamil Nadu
ORD00009,CUST0149,2025-01-20 00:00:00,Delivered,Debit Card,Andhra Pradesh
ORD00010,CUST0084,2025-08-23 20:00:00,Delivered,UPI,Gujarat
ORD00011,CUST0004,2025-05-14 12:00:00,Delivered,Net Banking,Telangana
ORD00012,CUST0258,2025-12-27 09:00:00,Delivered,Debit Card,Delhi
ORD00013,CUST0276,2025-12-07 06:00:00,Shipped,Debit Card,Andhra Pradesh
ORD00014,CUST0060,2025-12-15 06:00:00,Delivered,Credit Card,Maharashtra
ORD00015,CUST0203,2025-05-11 00:00:00,Delivered,Debit Card,Kerala
ORD00016,CUST0216,2025-07-11 12:00:00,Delivered,Cash on Delivery,Andhra Pradesh
ORD00017,CUST0002,2025-01-12 09:00:00,Delivered,Debit Card,Karnataka
ORD00018,CUST0017,2025-12-05 13:00:00,Delivered,Cash on Delivery,Telangana
ORD00019,CUST0120,2025-10-04 06:00:00,Delivered,Net Banking,Telangana
ORD00020,CUST0196,2025-09-26 10:00:00,Delivered,Credit Card,Maharashtra
ORD00021,CUST0214,2025-10-13 16:00:00,Delivered,UPI,Kerala
ORD00022,CUST0097,2025-10-28 23:00:00,Delivered,UPI,Maharashtra
ORD00023,CUST0185,2025-09-20 15:00:00,Delivered,Net Banking,Telangana
ORD00024,CUST0195,2025-10-19 07:00:00,Delivered,Debit Card,Karnataka
ORD00025,CUST0031,2025-09-26 01:00:00,Shipped,UPI,Delhi
ORD00026,CUST0248,2025-12-04 15:00:00,Delivered,Credit Card,Maharashtra
ORD00027,CUST0055,2025-02-19 16:00:00,Delivered,UPI,Kerala
ORD00028,CUST0195,2025-07-13 17:00:00,Delivered,Debit Card,Karnataka
ORD00029,CUST0244,2025-05-19 01:00:00,Processing,Debit Card,Telangana
ORD00030,CUST0040,2025-06-03 05:00:00,Delivered,Credit Card,Andhra Pradesh
ORD00031,CUST0028,2025-02-20 13:00:00,Delivered,UPI,Karnataka
ORD00032,CUST0193,2025-08-10 05:00:00,Delivered,Debit Card,Maharashtra
ORD00033,CUST0163,2025-07-04 03:00:00,Delivered,Cash on Delivery,Andhra Pradesh
ORD00034,CUST0198,2025-01-07 09:00:00,Delivered,Net Banking,Delhi
ORD00035,CUST0223,2025-05-22 13:00:00,Delivered,Net Banking,Karnataka
ORD00036,CUST0246,2025-06-10 05:00:00,Cancelled,Cash on Delivery,Tamil Nadu
ORD00037,CUST0108,2025-08-13 09:00:00,Shipped,UPI,Delhi
ORD00038,CUST0279,2025-01-19 11:00:00,Delivered,Net Banking,Andhra Pradesh
ORD00039,CUST0192,2025-07-20 14:00:00,Shipped,Debit Card,Andhra Pradesh
ORD00040,CUST0073,2025-06-28 09:00:00,Delivered,Net Banking,Maharashtra
ORD00041,CUST0056,2025-12-13 05:00:00,Processing,Debit Card,Telangana
ORD00042,CUST0015,2025-11-11 06:00:00,Delivered,Credit Card,Karnataka
ORD00043,CUST0271,2025-11-24 10:00:00,Delivered,Debit Card,Tamil Nadu
ORD00044,CUST0061,2025-05-03 09:00:00,Delivered,Credit Card,Maharashtra
ORD00045,CUST0089,2025-10-12 05:00:00,Delivered,UPI,Gujarat
ORD00046,CUST0252,2025-08-01 22:00:00,Shipped,Credit Card,Kerala
ORD00047,CUST0282,2025-09-19 03:00:00,Delivered,UPI,Maharashtra
ORD00048,CUST0085,2025-11-12 04:00:00,Shipped,Net Banking,Delhi
ORD00049,CUST0049,2025-03-11 13:00:00,Processing,Cash on Delivery,Telangana
ORD00050,CUST0213,2025-07-12 14:00:00,Delivered,Net Banking,Tamil Nadu
ORD00051,CUST0235,2025-11-22 21:00:00,Delivered,Net Banking,Maharashtra
ORD00052,CUST0025,2025-01-24 03:00:00,Delivered,Net Banking,Telangana
ORD00053,CUST0120,2025-08-08 20:00:00,Delivered,UPI,Telangana
ORD00054,CUST0245,2025-02-06 07:00:00,Delivered,Debit Card,Tamil Nadu
ORD00055,CUST0005,2025-11-09 20:00:00,Delivered,Credit Card,Gujarat
ORD00056,CUST0128,2025-10-11 19:00:00,Delivered,Debit Card,Telangana
ORD00057,CUST0271,2025-01-07 11:00:00,Cancelled,UPI,Tamil Nadu
ORD00058,CUST0111,2025-01-21 01:00:00,Cancelled,Credit Card,Kerala
ORD00059,CUST0080,2025-10-02 10:00:00,Delivered,Debit Card,Telangana
ORD00060,CUST0062,2025-01-07 22:00:00,Delivered,UPI,Kerala
ORD00061,CUST0016,2025-06-21 13:00:00,Delivered,UPI,Tamil Nadu
ORD00062,CUST0294,2025-12-12 23:00:00,Delivered,Debit Card,Delhi
ORD00063,CUST0139,2025-02-09 18:00:00,Delivered,Credit Card,Maharashtra
ORD00064,CUST0168,2025-02-14 17:00:00,Delivered,Credit Card,Karnataka
ORD00065,CUST0013,2025-04-30 17:00:00,Delivered,Net Banking,Delhi
ORD00066,CUST0235,2025-02-13 18:00:00,Delivered,UPI,Maharashtra
ORD00067,CUST0163,2025-08-20 08:00:00,Delivered,Cash on Delivery,Andhra Pradesh
ORD00068,CUST0047,2025-03-22 21:00:00,Delivered,Debit Card,Gujarat
ORD00069,CUST0016,2025-07-27 14:00:00,Delivered,Credit Card,Tamil Nadu
ORD00070,CUST0191,2025-12-18 20:00:00,Cancelled,UPI,Andhra Pradesh
ORD00071,CUST0141,2025-05-24 14:00:00,Processing,UPI,Delhi
ORD00072,CUST0128,2025-11-19 17:00:00,Shipped,Cash on Delivery,Telangana
ORD00073,CUST0144,2025-01-30 15:00:00,Delivered,Net Banking,Kerala
ORD00074,CUST0015,2025-12-27 22:00:00,Delivered,Credit Card,Karnataka
ORD00075,CUST0166,2025-01-31 00:00:00,Delivered,Debit Card,Andhra Pradesh
ORD00076,CUST0081,2025-08-12 20:00:00,Cancelled,Debit Card,Tamil Nadu
ORD00077,CUST0290,2025-02-23 15:00:00,Delivered,Debit Card,Maharashtra
ORD00078,CUST0084,2025-08-20 02:00:00,Shipped,UPI,Gujarat
ORD00079,CUST0048,2025-06-23 19:00:00,Returned,Cash on Delivery,Kerala
ORD00080,CUST0210,2025-12-23 17:00:00,Delivered,Debit Card,Telangana
ORD00081,CUST0246,2025-04-13 03:00:00,Delivered,UPI,Tamil Nadu
ORD00082,CUST0196,2025-07-09 05:00:00,Delivered,UPI,Maharashtra
ORD00083,CUST0117,2025-10-11 01:00:00,Shipped,Net Banking,Gujarat
ORD00084,CUST0293,2025-12-13 19:00:00,Delivered,Cash on Delivery,Andhra Pradesh
ORD00085,CUST0267,2025-08-23 00:00:00,Shipped,Debit Card,Andhra Pradesh
ORD00086,CUST0289,2025-02-21 09:00:00,Processing,Cash on Delivery,Gujarat
ORD00087,CUST0020,2025-07-22 10:00:00,Delivered,UPI,Maharashtra
ORD00088,CUST0051,2025-04-27 04:00:00,Delivered,Debit Card,Karnataka
ORD00089,CUST0192,2025-01-29 16:00:00,Shipped,UPI,Andhra Pradesh
ORD00090,CUST0128,2025-01-17 14:00:00,Delivered,Credit Card,Telangana
ORD00091,CUST0283,2025-06-29 11:00:00,Delivered,Cash on Delivery,Telangana
ORD00092,CUST0243,2025-03-09 20:00:00,Delivered,Net Banking,Andhra Pradesh
ORD00093,CUST0300,2025-02-22 00:00:00,Delivered,Debit Card,Kerala
ORD00094,CUST0167,2025-05-22 08:00:00,Delivered,Cash on Delivery,Andhra Pradesh
ORD00095,CUST0255,2025-06-01 08:00:00,Processing,Credit Card,Kerala
ORD00096,CUST0260,2025-06-03 05:00:00,Shipped,Cash on Delivery,Andhra Pradesh
ORD00097,CUST0046,2025-04-24 11:00:00,Delivered,Cash on Delivery,Tamil Nadu
ORD00098,CUST0153,2025-07-31 01:00:00,Processing,UPI,Andhra Pradesh
ORD00099,CUST0030,2025-01-03 14:00:00,Delivered,Net Banking,Telangana
ORD00100,CUST0272,2025-04-08 00:00:00,Delivered,Debit Card,Telangana
ORD00101,CUST0176,2025-09-08 11:00:00,Delivered,UPI,Andhra Pradesh
ORD00102,CUST0025,2025-11-01 01:00:00,Delivered,Debit Card,Telangana
ORD00103,CUST0215,2025-02-23 16:00:00,Delivered,UPI,Telangana
ORD00104,CUST0281,2025-09-12 06:00:00,Delivered,Credit Card,Delhi
ORD00105,CUST0132,2025-11-26 07:00:00,Delivered,Cash on Delivery,Telangana
ORD00106,CUST0005,2025-03-12 21:00:00,Delivered,Credit Card,Gujarat
ORD00107,CUST0054,2025-08-02 18:00:00,Delivered,Credit Card,Telangana
ORD00108,CUST0248,2025-09-07 03:00:00,Processing,Credit Card,Maharashtra
ORD00109,CUST0049,2025-08-10 21:00:00,Delivered,Credit Card,Telangana
ORD00110,CUST0085,2025-02-08 15:00:00,Delivered,Credit Card,Delhi
ORD00111,CUST0162,2025-03-02 15:00:00,Delivered,UPI,Telangana
ORD00112,CUST0288,2025-04-16 20:00:00,Delivered,Cash on Delivery,Telangana
ORD00113,CUST0114,2025-01-02 10:00:00,Delivered,Debit Card,Karnataka
ORD00114,CUST0055,2025-05-11 19:00:00,Delivered,UPI,Kerala
ORD00115,CUST0235,2025-12-04 18:00:00,Cancelled,UPI,Maharashtra
ORD00116,CUST0091,2025-12-21 18:00:00,Delivered,Net Banking,Tamil Nadu
ORD00117,CUST0141,2025-07-23 10:00:00,Returned,Credit Card,Delhi
ORD00118,CUST0112,2025-04-13 06:00:00,Delivered,UPI,Maharashtra
ORD00119,CUST0214,2025-12-12 23:00:00,Processing,Credit Card,Kerala
ORD00120,CUST0129,2025-03-16 01:00:00,Delivered,UPI,Karnataka
ORD00121,CUST0148,2025-12-21 21:00:00,Delivered,Credit Card,Kerala
ORD00122,CUST0280,2025-11-05 06:00:00,Shipped,Cash on Delivery,Kerala
ORD00123,CUST0083,2025-10-27 08:00:00,Delivered,Credit Card,Maharashtra
ORD00124,CUST0038,2025-12-29 10:00:00,Delivered,Cash on Delivery,Tamil Nadu
ORD00125,CUST0005,2025-02-28 21:00:00,Delivered,UPI,Gujarat
ORD00126,CUST0050,2025-03-27 17:00:00,Delivered,Debit Card,Gujarat
ORD00127,CUST0223,2025-11-28 02:00:00,Delivered,UPI,Karnataka
ORD00128,CUST0231,2025-11-19 12:00:00,Delivered,UPI,Andhra Pradesh
ORD00129,CUST0155,2025-11-07 02:00:00,Delivered,Cash on Delivery,Maharashtra
ORD00130,CUST0192,2025-01-06 17:00:00,Processing,UPI,Andhra Pradesh
ORD00131,CUST0109,2025-07-31 20:00:00,Shipped,UPI,Kerala
ORD00132,CUST0282,2025-08-25 20:00:00,Delivered,UPI,Maharashtra
ORD00133,CUST0163,2025-09-06 14:00:00,Delivered,Debit Card,Andhra Pradesh
ORD00134,CUST0224,2025-05-22 11:00:00,Delivered,Debit Card,Telangana
ORD00135,CUST0101,2025-05-15 23:00:00,Processing,UPI,Maharashtra
ORD00136,CUST0242,2025-12-01 04:00:00,Delivered,UPI,Telangana
ORD00137,CUST0082,2025-04-02 18:00:00,Cancelled,Debit Card,Telangana
ORD00138,CUST0021,2025-11-29 10:00:00,Delivered,Cash on Delivery,Delhi
ORD00139,CUST0265,2025-05-09 12:00:00,Returned,UPI,Gujarat
ORD00140,CUST0118,2025-08-01 10:00:00,Delivered,Credit Card,Gujarat
ORD00141,CUST0076,2025-01-29 05:00:00,Delivered,UPI,Karnataka
ORD00142,CUST0247,2025-03-29 07:00:00,Shipped,Debit Card,Telangana
ORD00143,CUST0215,2025-03-18 19:00:00,Delivered,Credit Card,Telangana
ORD00144,CUST0268,2025-08-04 11:00:00,Processing,Debit Card,Telangana
ORD00145,CUST0296,2025-09-25 03:00:00,Delivered,Credit Card,Tamil Nadu
ORD00146,CUST0212,2025-10-10 17:00:00,Delivered,Credit Card,Karnataka
ORD00147,CUST0083,2025-02-21 06:00:00,Delivered,Net Banking,Maharashtra
ORD00148,CUST0046,2025-02-02 08:00:00,Delivered,UPI,Tamil Nadu
ORD00149,CUST0090,2025-11-24 15:00:00,Delivered,UPI,Gujarat
ORD00150,CUST0181,2025-12-09 12:00:00,Delivered,UPI,Kerala
ORD00151,CUST0295,2025-01-03 08:00:00,Delivered,Credit Card,Tamil Nadu
ORD00152,CUST0289,2025-09-05 07:00:00,Delivered,Cash on Delivery,Gujarat
ORD00153,CUST0212,2025-06-30 16:00:00,Delivered,Debit Card,Karnataka
ORD00154,CUST0138,2025-04-04 23:00:00,Delivered,Cash on Delivery,Kerala
ORD00155,CUST0062,2025-02-10 21:00:00,Cancelled,Credit Card,Kerala
ORD00156,CUST0066,2025-01-28 16:00:00,Shipped,Credit Card,Maharashtra
ORD00157,CUST0298,2025-02-21 10:00:00,Delivered,Net Banking,Kerala
ORD00158,CUST0206,2025-05-24 14:00:00,Delivered,UPI,Gujarat
ORD00159,CUST0077,2025-08-31 00:00:00,Delivered,Credit Card,Telangana
ORD00160,CUST0231,2025-06-21 08:00:00,Delivered,Credit Card,Andhra Pradesh
ORD00161,CUST0146,2025-07-01 10:00:00,Delivered,Credit Card,Telangana
ORD00162,CUST0163,2025-12-01 09:00:00,Delivered,Debit Card,Andhra Pradesh
ORD00163,CUST0108,2025-03-27 12:00:00,Delivered,UPI,Delhi
ORD00164,CUST0159,2025-04-28 07:00:00,Delivered,Credit Card,Telangana
ORD00165,CUST0281,2025-08-16 04:00:00,Cancelled,Debit Card,Delhi
ORD00166,CUST0227,2025-06-07 11:00:00,Delivered,UPI,Maharashtra
ORD00167,CUST0245,2025-06-03 00:00:00,Shipped,Net Banking,Tamil Nadu
ORD00168,CUST0140,2025-05-26 20:00:00,Delivered,Net Banking,Kerala
ORD00169,CUST0138,2025-03-06 22:00:00,Delivered,UPI,Kerala
ORD00170,CUST0075,2025-01-29 08:00:00,Shipped,UPI,Karnataka
ORD00171,CUST0227,2025-05-07 23:00:00,Returned,UPI,Maharashtra
ORD00172,CUST0267,2025-03-04 08:00:00,Delivered,UPI,Andhra Pradesh
ORD00173,CUST0300,2025-03-03 12:00:00,Shipped,UPI,Kerala
ORD00174,CUST0275,2025-02-24 04:00:00,Delivered,UPI,Gujarat
ORD00175,CUST0287,2025-05-31 17:00:00,Delivered,UPI,Andhra Pradesh
ORD00176,CUST0135,2025-10-05 11:00:00,Delivered,Net Banking,Telangana
ORD00177,CUST0165,2025-02-26 03:00:00,Delivered,UPI,Gujarat
ORD00178,CUST0132,2025-01-26 11:00:00,Delivered,Debit Card,Telangana
ORD00179,CUST0266,2025-02-19 03:00:00,Delivered,Credit Card,Telangana
ORD00180,CUST0235,2025-12-26 21:00:00,Delivered,UPI,Maharashtra
ORD00181,CUST0282,2025-06-16 11:00:00,Delivered,Debit Card,Maharashtra
ORD00182,CUST0001,2025-01-18 09:00:00,Delivered,Credit Card,Andhra Pradesh
ORD00183,CUST0284,2025-09-19 17:00:00,Delivered,Debit Card,Maharashtra
ORD00184,CUST0112,2025-02-09 23:00:00,Delivered,Credit Card,Maharashtra
ORD00185,CUST0223,2025-08-02 03:00:00,Processing,UPI,Karnataka
ORD00186,CUST0026,2025-12-11 23:00:00,Returned,Cash on Delivery,Delhi
ORD00187,CUST0205,2025-05-15 02:00:00,Delivered,Credit Card,Gujarat
ORD00188,CUST0046,2025-02-27 21:00:00,Delivered,Credit Card,Tamil Nadu
ORD00189,CUST0075,2025-08-14 01:00:00,Processing,UPI,Karnataka
ORD00190,CUST0148,2025-01-08 10:00:00,Delivered,UPI,Kerala
ORD00191,CUST0193,2025-10-26 21:00:00,Delivered,UPI,Maharashtra
ORD00192,CUST0056,2025-01-10 09:00:00,Processing,Debit Card,Telangana
ORD00193,CUST0012,2025-01-21 07:00:00,Processing,UPI,Gujarat
ORD00194,CUST0016,2025-10-12 08:00:00,Delivered,Credit Card,Tamil Nadu
ORD00195,CUST0160,2025-11-06 10:00:00,Delivered,UPI,Delhi
ORD00196,CUST0290,2025-03-22 10:00:00,Delivered,Credit Card,Maharashtra
ORD00197,CUST0078,2025-04-07 03:00:00,Delivered,UPI,Andhra Pradesh
ORD00198,CUST0258,2025-11-06 15:00:00,Delivered,Credit Card,Delhi
ORD00199,CUST0105,2025-02-03 05:00:00,Processing,Cash on Delivery,Telangana
ORD00200,CUST0161,2025-07-21 19:00:00,Cancelled,Debit Card,Andhra Pradesh
ORD00201,CUST0266,2025-10-03 12:00:00,Returned,UPI,Telangana
ORD00202,CUST0047,2025-09-14 03:00:00,Delivered,Debit Card,Gujarat
ORD00203,CUST0233,2025-02-16 08:00:00,Delivered,Debit Card,Tamil Nadu
ORD00204,CUST0082,2025-07-13 17:00:00,Delivered,Net Banking,Telangana
ORD00205,CUST0148,2025-11-17 05:00:00,Delivered,UPI,Kerala
ORD00206,CUST0122,2025-04-22 18:00:00,Delivered,Credit Card,Gujarat
ORD00207,CUST0179,2025-01-19 04:00:00,Shipped,Debit Card,Karnataka
ORD00208,CUST0288,2025-04-01 14:00:00,Delivered,Credit Card,Telangana
ORD00209,CUST0030,2025-02-25 18:00:00,Delivered,Debit Card,Telangana
ORD00210,CUST0067,2025-11-11 18:00:00,Delivered,Debit Card,Telangana
ORD00211,CUST0006,2025-11-24 06:00:00,Delivered,UPI,Karnataka
ORD00212,CUST0100,2025-06-19 10:00:00,Processing,Credit Card,Delhi
ORD00213,CUST0267,2025-06-03 18:00:00,Delivered,UPI,Andhra Pradesh
ORD00214,CUST0274,2025-03-26 18:00:00,Delivered,UPI,Delhi
ORD00215,CUST0104,2025-02-17 14:00:00,Delivered,Net Banking,Gujarat
ORD00216,CUST0265,2025-12-13 04:00:00,Delivered,UPI,Gujarat
ORD00217,CUST0012,2025-10-23 09:00:00,Delivered,UPI,Gujarat
ORD00218,CUST0264,2025-02-22 06:00:00,Delivered,Credit Card,Kerala
ORD00219,CUST0183,2025-06-09 10:00:00,Shipped,Debit Card,Gujarat
ORD00220,CUST0241,2025-04-29 07:00:00,Delivered,Cash on Delivery,Andhra Pradesh
ORD00221,CUST0088,2025-05-25 11:00:00,Delivered,UPI,Delhi
ORD00222,CUST0221,2025-08-11 18:00:00,Shipped,Credit Card,Kerala
ORD00223,CUST0208,2025-02-05 19:00:00,Delivered,Net Banking,Maharashtra
ORD00224,CUST0077,2025-08-20 17:00:00,Delivered,Debit Card,Telangana
ORD00225,CUST0046,2025-10-26 00:00:00,Delivered,Credit Card,Tamil Nadu
ORD00226,CUST0208,2025-07-15 13:00:00,Delivered,Debit Card,Maharashtra
ORD00227,CUST0074,2025-09-07 21:00:00,Delivered,Cash on Delivery,Gujarat
ORD00228,CUST0197,2025-07-01 07:00:00,Delivered,Debit Card,Kerala
ORD00229,CUST0270,2025-05-24 14:00:00,Delivered,Credit Card,Delhi
ORD00230,CUST0274,2025-01-06 15:00:00,Delivered,Cash on Delivery,Delhi
ORD00231,CUST0289,2025-05-14 01:00:00,Delivered,Debit Card,Gujarat
ORD00232,CUST0130,2025-03-09 19:00:00,Delivered,Net Banking,Tamil Nadu
ORD00233,CUST0121,2025-09-06 05:00:00,Shipped,Net Banking,Kerala
ORD00234,CUST0122,2025-12-05 14:00:00,Delivered,UPI,Gujarat
ORD00235,CUST0243,2025-05-15 04:00:00,Delivered,Credit Card,Andhra Pradesh
ORD00236,CUST0172,2025-05-19 08:00:00,Shipped,UPI,Karnataka
ORD00237,CUST0006,2025-12-11 00:00:00,Shipped,UPI,Karnataka
ORD00238,CUST0063,2025-12-29 03:00:00,Delivered,Debit Card,Kerala
ORD00239,CUST0166,2025-05-12 05:00:00,Shipped,UPI,Andhra Pradesh
ORD00240,CUST0202,2025-04-02 20:00:00,Delivered,UPI,Delhi
ORD00241,CUST0010,2025-09-12 04:00:00,Delivered,UPI,Delhi
ORD00242,CUST0277,2025-04-26 00:00:00,Delivered,Debit Card,Kerala
ORD00243,CUST0042,2025-08-24 09:00:00,Delivered,UPI,Kerala
ORD00244,CUST0072,2025-01-19 06:00:00,Delivered,Cash on Delivery,Gujarat
ORD00245,CUST0022,2025-07-27 03:00:00,Delivered,Debit Card,Kerala
ORD00246,CUST0050,2025-08-22 19:00:00,Delivered,Debit Card,Gujarat
ORD00247,CUST0206,2025-06-16 03:00:00,Returned,Debit Card,Gujarat
ORD00248,CUST0052,2025-11-20 19:00:00,Delivered,UPI,Kerala
ORD00249,CUST0065,2025-04-16 04:00:00,Delivered,Credit Card,Tamil Nadu
ORD00250,CUST0260,2025-04-23 14:00:00,Shipped,Debit Card,Andhra Pradesh
ORD00251,CUST0172,2025-11-12 14:00:00,Delivered,Debit Card,Karnataka
ORD00252,CUST0118,2025-02-26 10:00:00,Delivered,UPI,Gujarat
ORD00253,CUST0233,2025-04-02 12:00:00,Delivered,Credit Card,Tamil Nadu
ORD00254,CUST0088,2025-06-25 07:00:00,Processing,Debit Card,Delhi
ORD00255,CUST0243,2025-08-25 08:00:00,Delivered,Credit Card,Andhra Pradesh
ORD00256,CUST0214,2025-01-23 01:00:00,Returned,Debit Card,Kerala
ORD00257,CUST0112,2025-03-09 11:00:00,Delivered,Debit Card,Maharashtra
ORD00258,CUST0095,2025-07-09 20:00:00,Delivered,Debit Card,Gujarat
ORD00259,CUST0042,2025-11-14 10:00:00,Delivered,UPI,Kerala
ORD00260,CUST0105,2025-03-12 10:00:00,Delivered,UPI,Telangana
ORD00261,CUST0150,2025-08-20 19:00:00,Delivered,Debit Card,Delhi
ORD00262,CUST0243,2025-06-27 13:00:00,Delivered,Debit Card,Andhra Pradesh
ORD00263,CUST0281,2025-08-16 14:00:00,Delivered,UPI,Delhi
ORD00264,CUST0083,2025-12-31 17:00:00,Delivered,Cash on Delivery,Maharashtra
ORD00265,CUST0191,2025-08-18 17:00:00,Returned,Credit Card,Andhra Pradesh
ORD00266,CUST0243,2025-05-29 18:00:00,Delivered,Net Banking,Andhra Pradesh
ORD00267,CUST0101,2025-01-12 02:00:00,Delivered,Credit Card,Maharashtra
ORD00268,CUST0185,2025-07-23 04:00:00,Delivered,Credit Card,Telangana
ORD00269,CUST0213,2025-08-15 09:00:00,Delivered,Debit Card,Tamil Nadu
ORD00270,CUST0213,2025-03-31 17:00:00,Delivered,Credit Card,Tamil Nadu
ORD00271,CUST0115,2025-01-14 00:00:00,Delivered,UPI,Delhi
ORD00272,CUST0186,2025-10-25 15:00:00,Delivered,Net Banking,Telangana
ORD00273,CUST0070,2025-07-02 05:00:00,Delivered,Credit Card,Tamil Nadu
ORD00274,CUST0181,2025-03-15 00:00:00,Delivered,UPI,Kerala
ORD00275,CUST0273,2025-12-31 17:00:00,Delivered,Net Banking,Karnataka
ORD00276,CUST0158,2025-03-06 06:00:00,Delivered,UPI,Karnataka
ORD00277,CUST0064,2025-11-05 06:00:00,Delivered,UPI,Tamil Nadu
ORD00278,CUST0124,2025-09-16 18:00:00,Delivered,Net Banking,Maharashtra
ORD00279,CUST0110,2025-09-16 22:00:00,Delivered,Debit Card,Maharashtra
ORD00280,CUST0064,2025-08-27 03:00:00,Delivered,Credit Card,Tamil Nadu
ORD00281,CUST0228,2025-04-26 17:00:00,Delivered,Cash on Delivery,Delhi
ORD00282,CUST0087,2025-02-03 11:00:00,Returned,Credit Card,Maharashtra
ORD00283,CUST0016,2025-02-20 23:00:00,Delivered,UPI,Tamil Nadu
ORD00284,CUST0010,2025-01-17 13:00:00,Processing,UPI,Delhi
ORD00285,CUST0252,2025-12-04 17:00:00,Delivered,Debit Card,Kerala
ORD00286,CUST0014,2025-11-17 10:00:00,Delivered,Credit Card,Andhra Pradesh
ORD00287,CUST0087,2025-01-11 17:00:00,Delivered,Credit Card,Maharashtra
ORD00288,CUST0251,2025-02-21 22:00:00,Delivered,Credit Card,Gujarat
ORD00289,CUST0206,2025-04-26 19:00:00,Delivered,UPI,Gujarat
ORD00290,CUST0155,2025-09-16 09:00:00,Delivered,Credit Card,Maharashtra
ORD00291,CUST0256,2025-04-20 21:00:00,Cancelled,Debit Card,Kerala
ORD00292,CUST0147,2025-11-27 05:00:00,Delivered,Debit Card,Gujarat
ORD00293,CUST0104,2025-03-23 08:00:00,Delivered,UPI,Gujarat
ORD00294,CUST0209,2025-07-06 21:00:00,Delivered,UPI,Andhra Pradesh
ORD00295,CUST0169,2025-10-27 23:00:00,Delivered,Debit Card,Maharashtra
ORD00296,CUST0058,2025-06-12 17:00:00,Delivered,Debit Card,Tamil Nadu
ORD00297,CUST0123,2025-05-10 17:00:00,Delivered,Debit Card,Gujarat
ORD00298,CUST0018,2025-05-21 02:00:00,Shipped,Cash on Delivery,Delhi
ORD00299,CUST0168,2025-08-21 22:00:00,Delivered,UPI,Karnataka
ORD00300,CUST0211,2025-06-13 14:00:00,Delivered,Debit Card,Delhi
ORD00301,CUST0118,2025-02-15 14:00:00,Delivered,Debit Card,Gujarat
ORD00302,CUST0233,2025-12-11 15:00:00,Delivered,Debit Card,Tamil Nadu
ORD00303,CUST0135,2025-05-01 19:00:00,Delivered,UPI,Telangana
ORD00304,CUST0132,2025-02-07 03:00:00,Delivered,UPI,Telangana
ORD00305,CUST0155,2025-07-22 21:00:00,Delivered,Cash on Delivery,Maharashtra
ORD00306,CUST0134,2025-03-01 10:00:00,Delivered,UPI,Andhra Pradesh
ORD00307,CUST0226,2025-01-28 06:00:00,Delivered,UPI,Gujarat
ORD00308,CUST0235,2025-09-10 03:00:00,Shipped,Net Banking,Maharashtra
ORD00309,CUST0270,2025-10-20 05:00:00,Delivered,UPI,Delhi
ORD00310,CUST0055,2025-06-15 04:00:00,Delivered,Credit Card,Kerala
ORD00311,CUST0167,2025-10-19 04:00:00,Delivered,UPI,Andhra Pradesh
ORD00312,CUST0046,2025-01-11 06:00:00,Delivered,Net Banking,Tamil Nadu
ORD00313,CUST0199,2025-09-01 08:00:00,Delivered,Credit Card,Tamil Nadu
ORD00314,CUST0149,2025-08-28 13:00:00,Delivered,Net Banking,Andhra Pradesh
ORD00315,CUST0024,2025-02-12 13:00:00,Processing,UPI,Gujarat
ORD00316,CUST0055,2025-08-11 17:00:00,Delivered,Credit Card,Kerala
ORD00317,CUST0203,2025-06-04 02:00:00,Delivered,UPI,Kerala
ORD00318,CUST0045,2025-06-04 14:00:00,Delivered,Credit Card,Andhra Pradesh
ORD00319,CUST0297,2025-11-02 23:00:00,Delivered,UPI,Karnataka
ORD00320,CUST0162,2025-10-11 02:00:00,Delivered,Debit Card,Telangana
ORD00321,CUST0113,2025-10-28 21:00:00,Delivered,Debit Card,Andhra Pradesh
ORD00322,CUST0083,2025-11-15 06:00:00,Delivered,Debit Card,Maharashtra
ORD00323,CUST0010,2025-07-03 08:00:00,Delivered,UPI,Delhi
ORD00324,CUST0286,2025-05-17 04:00:00,Shipped,Cash on Delivery,Tamil Nadu
ORD00325,CUST0053,2025-10-15 01:00:00,Delivered,UPI,Kerala
ORD00326,CUST0079,2025-11-28 11:00:00,Delivered,UPI,Karnataka
ORD00327,CUST0185,2025-11-19 21:00:00,Delivered,Net Banking,Telangana
ORD00328,CUST0044,2025-06-23 10:00:00,Delivered,Net Banking,Gujarat
ORD00329,CUST0215,2025-07-25 21:00:00,Delivered,Cash on Delivery,Telangana
ORD00330,CUST0227,2025-12-24 11:00:00,Processing,Net Banking,Maharashtra
ORD00331,CUST0110,2025-02-17 16:00:00,Delivered,Credit Card,Maharashtra
ORD00332,CUST0057,2025-01-31 11:00:00,Delivered,Credit Card,Andhra Pradesh
ORD00333,CUST0180,2025-06-03 09:00:00,Delivered,Net Banking,Karnataka
ORD00334,CUST0233,2025-02-20 04:00:00,Delivered,Net Banking,Tamil Nadu
ORD00335,CUST0300,2025-09-13 20:00:00,Delivered,Credit Card,Kerala
ORD00336,CUST0109,2025-08-22 15:00:00,Delivered,UPI,Kerala
ORD00337,CUST0111,2025-04-04 23:00:00,Delivered,UPI,Kerala
ORD00338,CUST0230,2025-03-18 23:00:00,Delivered,Net Banking,Delhi
ORD00339,CUST0013,2025-10-20 20:00:00,Shipped,Debit Card,Delhi
ORD00340,CUST0258,2025-01-10 03:00:00,Delivered,Credit Card,Delhi
ORD00341,CUST0024,2025-09-09 00:00:00,Delivered,UPI,Gujarat
ORD00342,CUST0158,2025-07-28 21:00:00,Delivered,Debit Card,Karnataka
ORD00343,CUST0027,2025-04-14 07:00:00,Delivered,Debit Card,Telangana
ORD00344,CUST0127,2025-10-12 20:00:00,Shipped,UPI,Delhi
ORD00345,CUST0276,2025-08-05 17:00:00,Delivered,UPI,Andhra Pradesh
ORD00346,CUST0024,2025-03-24 23:00:00,Delivered,UPI,Gujarat
ORD00347,CUST0140,2025-05-06 21:00:00,Returned,Credit Card,Kerala
ORD00348,CUST0202,2025-10-03 02:00:00,Shipped,Debit Card,Delhi
ORD00349,CUST0064,2025-08-25 11:00:00,Cancelled,Credit Card,Tamil Nadu
ORD00350,CUST0019,2025-05-24 15:00:00,Processing,Debit Card,Kerala
ORD00351,CUST0090,2025-02-03 18:00:00,Delivered,UPI,Gujarat
ORD00352,CUST0273,2025-11-11 08:00:00,Delivered,Cash on Delivery,Karnataka
ORD00353,CUST0186,2025-09-22 01:00:00,Processing,UPI,Telangana
ORD00354,CUST0039,2025-05-08 06:00:00,Delivered,UPI,Telangana
ORD00355,CUST0175,2025-01-28 10:00:00,Delivered,UPI,Gujarat
ORD00356,CUST0066,2025-02-01 14:00:00,Delivered,Debit Card,Maharashtra
ORD00357,CUST0233,2025-07-16 14:00:00,Shipped,Cash on Delivery,Tamil Nadu
ORD00358,CUST0294,2025-03-06 20:00:00,Delivered,Credit Card,Delhi
ORD00359,CUST0160,2025-10-26 17:00:00,Shipped,UPI,Delhi
ORD00360,CUST0287,2025-01-28 13:00:00,Delivered,Cash on Delivery,Andhra Pradesh
ORD00361,CUST0172,2025-11-12 09:00:00,Delivered,UPI,Karnataka
ORD00362,CUST0205,2025-04-05 00:00:00,Delivered,UPI,Gujarat
ORD00363,CUST0113,2025-05-15 23:00:00,Delivered,Net Banking,Andhra Pradesh
ORD00364,CUST0057,2025-06-23 06:00:00,Delivered,UPI,Andhra Pradesh
ORD00365,CUST0098,2025-04-09 17:00:00,Delivered,Credit Card,Delhi
ORD00366,CUST0086,2025-09-18 12:00:00,Delivered,Debit Card,Telangana
ORD00367,CUST0299,2025-11-29 01:00:00,Delivered,Cash on Delivery,Delhi
ORD00368,CUST0152,2025-08-16 16:00:00,Delivered,Debit Card,Maharashtra
ORD00369,CUST0136,2025-11-27 02:00:00,Delivered,UPI,Andhra Pradesh
ORD00370,CUST0169,2025-05-09 09:00:00,Delivered,Net Banking,Maharashtra
ORD00371,CUST0207,2025-07-27 18:00:00,Delivered,UPI,Telangana
ORD00372,CUST0256,2025-12-04 11:00:00,Delivered,Credit Card,Kerala
ORD00373,CUST0291,2025-11-19 19:00:00,Processing,Debit Card,Kerala
ORD00374,CUST0088,2025-02-23 21:00:00,Delivered,UPI,Delhi
ORD00375,CUST0189,2025-09-23 00:00:00,Delivered,Net Banking,Telangana
ORD00376,CUST0067,2025-04-16 09:00:00,Delivered,Debit Card,Telangana
ORD00377,CUST0229,2025-02-02 12:00:00,Delivered,UPI,Tamil Nadu
ORD00378,CUST0178,2025-12-25 22:00:00,Shipped,Credit Card,Telangana
ORD00379,CUST0081,2025-05-21 20:00:00,Delivered,Debit Card,Tamil Nadu
ORD00380,CUST0237,2025-01-14 02:00:00,Delivered,Debit Card,Tamil Nadu
ORD00381,CUST0237,2025-02-04 02:00:00,Delivered,UPI,Tamil Nadu
ORD00382,CUST0006,2025-12-13 08:00:00,Delivered,Credit Card,Karnataka
ORD00383,CUST0200,2025-12-20 09:00:00,Delivered,Debit Card,Delhi
ORD00384,CUST0173,2025-04-09 21:00:00,Delivered,UPI,Karnataka
ORD00385,CUST0062,2025-04-29 06:00:00,Delivered,Credit Card,Kerala
ORD00386,CUST0211,2025-06-04 19:00:00,Delivered,Cash on Delivery,Delhi
ORD00387,CUST0247,2025-02-04 10:00:00,Delivered,Cash on Delivery,Telangana
ORD00388,CUST0064,2025-06-08 07:00:00,Delivered,Net Banking,Tamil Nadu
ORD00389,CUST0228,2025-06-18 04:00:00,Delivered,Debit Card,Delhi
ORD00390,CUST0114,2025-11-08 12:00:00,Delivered,UPI,Karnataka
ORD00391,CUST0105,2025-05-01 16:00:00,Delivered,Debit Card,Telangana
ORD00392,CUST0217,2025-09-16 19:00:00,Delivered,Net Banking,Gujarat
ORD00393,CUST0288,2025-11-07 15:00:00,Delivered,UPI,Telangana
ORD00394,CUST0203,2025-07-11 12:00:00,Delivered,Debit Card,Kerala
ORD00395,CUST0261,2025-12-30 15:00:00,Delivered,Credit Card,Gujarat
ORD00396,CUST0134,2025-11-06 14:00:00,Cancelled,UPI,Andhra Pradesh
ORD00397,CUST0266,2025-04-07 13:00:00,Delivered,Credit Card,Telangana
ORD00398,CUST0056,2025-11-22 18:00:00,Shipped,Credit Card,Telangana
ORD00399,CUST0088,2025-04-01 11:00:00,Delivered,UPI,Delhi
ORD00400,CUST0099,2025-05-13 13:00:00,Delivered,Cash on Delivery,Kerala
ORD00401,CUST0005,2025-02-01 08:00:00,Delivered,UPI,Gujarat
ORD00402,CUST0002,2025-08-22 22:00:00,Delivered,Net Banking,Karnataka
ORD00403,CUST0264,2025-07-31 21:00:00,Delivered,Cash on Delivery,Kerala
ORD00404,CUST0052,2025-07-17 09:00:00,Delivered,Debit Card,Kerala
ORD00405,CUST0109,2025-03-29 21:00:00,Delivered,UPI,Kerala
ORD00406,CUST0064,2025-12-07 04:00:00,Processing,Debit Card,Tamil Nadu
ORD00407,CUST0224,2025-04-30 07:00:00,Delivered,UPI,Telangana
ORD00408,CUST0296,2025-01-01 09:00:00,Delivered,Credit Card,Tamil Nadu
ORD00409,CUST0164,2025-06-08 16:00:00,Returned,UPI,Tamil Nadu
ORD00410,CUST0250,2025-07-20 09:00:00,Returned,Debit Card,Delhi
ORD00411,CUST0248,2025-05-30 04:00:00,Delivered,Net Banking,Maharashtra
ORD00412,CUST0087,2025-01-29 03:00:00,Delivered,Credit Card,Maharashtra
ORD00413,CUST0155,2025-12-19 19:00:00,Cancelled,Debit Card,Maharashtra
ORD00414,CUST0116,2025-01-12 18:00:00,Delivered,Debit Card,Gujarat
ORD00415,CUST0202,2025-10-12 17:00:00,Shipped,Credit Card,Delhi
ORD00416,CUST0063,2025-01-21 04:00:00,Delivered,Debit Card,Kerala
ORD00417,CUST0128,2025-06-03 01:00:00,Cancelled,Credit Card,Telangana
ORD00418,CUST0051,2025-12-06 01:00:00,Delivered,UPI,Karnataka
ORD00419,CUST0218,2025-12-22 04:00:00,Delivered,UPI,Gujarat
ORD00420,CUST0140,2025-03-16 07:00:00,Delivered,UPI,Kerala
ORD00421,CUST0145,2025-10-10 08:00:00,Delivered,Cash on Delivery,Maharashtra
ORD00422,CUST0190,2025-12-29 07:00:00,Delivered,Credit Card,Karnataka
ORD00423,CUST0118,2025-06-06 20:00:00,Shipped,Cash on Delivery,Gujarat
ORD00424,CUST0006,2025-08-06 21:00:00,Delivered,Debit Card,Karnataka
ORD00425,CUST0218,2025-12-26 17:00:00,Delivered,UPI,Gujarat
ORD00426,CUST0277,2025-03-02 09:00:00,Delivered,UPI,Kerala
ORD00427,CUST0169,2025-06-02 11:00:00,Delivered,Credit Card,Maharashtra
ORD00428,CUST0080,2025-12-03 08:00:00,Delivered,Credit Card,Telangana
ORD00429,CUST0003,2025-07-03 22:00:00,Delivered,UPI,Gujarat
ORD00430,CUST0251,2025-10-09 15:00:00,Shipped,Debit Card,Gujarat
ORD00431,CUST0223,2025-09-03 09:00:00,Delivered,UPI,Karnataka
ORD00432,CUST0102,2025-08-31 22:00:00,Shipped,UPI,Telangana
ORD00433,CUST0219,2025-01-10 19:00:00,Delivered,Net Banking,Delhi
ORD00434,CUST0144,2025-06-29 22:00:00,Delivered,UPI,Kerala
ORD00435,CUST0172,2025-06-05 03:00:00,Delivered,UPI,Karnataka
ORD00436,CUST0022,2025-10-28 20:00:00,Shipped,UPI,Kerala
ORD00437,CUST0023,2025-03-07 06:00:00,Delivered,Debit Card,Karnataka
ORD00438,CUST0149,2025-01-24 18:00:00,Delivered,Cash on Delivery,Andhra Pradesh
ORD00439,CUST0005,2025-09-20 14:00:00,Delivered,Debit Card,Gujarat
ORD00440,CUST0128,2025-04-18 17:00:00,Delivered,Debit Card,Telangana
ORD00441,CUST0055,2025-12-19 12:00:00,Cancelled,UPI,Kerala
ORD00442,CUST0080,2025-08-17 07:00:00,Delivered,Credit Card,Telangana
ORD00443,CUST0093,2025-11-28 09:00:00,Delivered,UPI,Maharashtra
ORD00444,CUST0052,2025-09-27 04:00:00,Delivered,Net Banking,Kerala
ORD00445,CUST0007,2025-01-05 03:00:00,Delivered,Net Banking,Tamil Nadu
ORD00446,CUST0137,2025-11-18 17:00:00,Delivered,Net Banking,Kerala
ORD00447,CUST0197,2025-12-18 22:00:00,Shipped,UPI,Kerala
ORD00448,CUST0023,2025-11-06 04:00:00,Delivered,Credit Card,Karnataka
ORD00449,CUST0040,2025-01-02 04:00:00,Shipped,UPI,Andhra Pradesh
ORD00450,CUST0181,2025-06-13 15:00:00,Delivered,Debit Card,Kerala
ORD00451,CUST0045,2025-05-01 11:00:00,Delivered,Cash on Delivery,Andhra Pradesh
ORD00452,CUST0151,2025-08-24 04:00:00,Shipped,Credit Card,Delhi
ORD00453,CUST0191,2025-01-28 22:00:00,Delivered,Debit Card,Andhra Pradesh
ORD00454,CUST0214,2025-03-18 05:00:00,Delivered,UPI,Kerala
ORD00455,CUST0284,2025-12-31 08:00:00,Processing,Credit Card,Maharashtra
ORD00456,CUST0201,2025-04-05 23:00:00,Returned,Debit Card,Karnataka
ORD00457,CUST0015,2025-05-03 09:00:00,Delivered,UPI,Karnataka
ORD00458,CUST0290,2025-01-23 18:00:00,Returned,Credit Card,Maharashtra
ORD00459,CUST0067,2025-12-26 21:00:00,Delivered,Credit Card,Telangana
ORD00460,CUST0041,2025-11-17 02:00:00,Cancelled,UPI,Tamil Nadu
ORD00461,CUST0021,2025-12-31 21:00:00,Delivered,UPI,Delhi
ORD00462,CUST0281,2025-02-14 15:00:00,Delivered,UPI,Delhi
ORD00463,CUST0227,2025-11-29 04:00:00,Cancelled,Cash on Delivery,Maharashtra
ORD00464,CUST0192,2025-02-12 21:00:00,Delivered,Credit Card,Andhra Pradesh
ORD00465,CUST0222,2025-04-13 12:00:00,Delivered,UPI,Delhi
ORD00466,CUST0017,2025-11-04 12:00:00,Delivered,Net Banking,Telangana
ORD00467,CUST0048,2025-08-08 10:00:00,Cancelled,UPI,Kerala
ORD00468,CUST0008,2025-03-19 14:00:00,Cancelled,Credit Card,Delhi
ORD00469,CUST0097,2025-08-04 22:00:00,Delivered,UPI,Maharashtra
ORD00470,CUST0256,2025-11-29 14:00:00,Delivered,Credit Card,Kerala
ORD00471,CUST0146,2025-12-04 22:00:00,Delivered,Debit Card,Telangana
ORD00472,CUST0196,2025-02-28 06:00:00,Shipped,Cash on Delivery,Maharashtra
ORD00473,CUST0124,2025-01-03 13:00:00,Delivered,UPI,Maharashtra
ORD00474,CUST0296,2025-08-08 04:00:00,Cancelled,Credit Card,Tamil Nadu
ORD00475,CUST0134,2025-10-11 05:00:00,Cancelled,UPI,Andhra Pradesh
ORD00476,CUST0233,2025-11-21 20:00:00,Shipped,UPI,Tamil Nadu
ORD00477,CUST0074,2025-11-18 00:00:00,Delivered,Debit Card,Gujarat
ORD00478,CUST0201,2025-02-21 15:00:00,Shipped,Credit Card,Karnataka
ORD00479,CUST0291,2025-11-20 19:00:00,Shipped,UPI,Kerala
ORD00480,CUST0266,2025-09-20 04:00:00,Delivered,Credit Card,Telangana
ORD00481,CUST0151,2025-08-28 23:00:00,Shipped,Credit Card,Delhi
ORD00482,CUST0220,2025-04-13 18:00:00,Delivered,Cash on Delivery,Gujarat
ORD00483,CUST0272,2025-06-30 12:00:00,Delivered,UPI,Telangana
ORD00484,CUST0288,2025-02-03 12:00:00,Delivered,UPI,Telangana
ORD00485,CUST0163,2025-06-13 06:00:00,Delivered,Net Banking,Andhra Pradesh
ORD00486,CUST0155,2025-05-21 10:00:00,Delivered,Credit Card,Maharashtra
ORD00487,CUST0063,2025-07-11 19:00:00,Delivered,UPI,Kerala
ORD00488,CUST0276,2025-01-03 22:00:00,Processing,UPI,Andhra Pradesh
ORD00489,CUST0236,2025-03-03 04:00:00,Delivered,UPI,Telangana
ORD00490,CUST0043,2025-06-30 17:00:00,Shipped,UPI,Andhra Pradesh
ORD00491,CUST0271,2025-09-21 10:00:00,Shipped,UPI,Tamil Nadu
ORD00492,CUST0263,2025-04-14 12:00:00,Delivered,UPI,Gujarat
ORD00493,CUST0096,2025-05-17 00:00:00,Delivered,Credit Card,Maharashtra
ORD00494,CUST0051,2025-01-26 20:00:00,Delivered,Cash on Delivery,Karnataka
ORD00495,CUST0113,2025-02-28 01:00:00,Processing,Debit Card,Andhra Pradesh
ORD00496,CUST0254,2025-04-16 05:00:00,Shipped,Credit Card,Maharashtra
ORD00497,CUST0088,2025-06-11 21:00:00,Delivered,UPI,Delhi
ORD00498,CUST0181,2025-08-31 18:00:00,Delivered,Cash on Delivery,Kerala
ORD00499,CUST0049,2025-02-21 09:00:00,Shipped,Credit Card,Telangana
ORD00500,CUST0248,2025-02-27 08:00:00,Delivered,Debit Card,Maharashtra
ORD00501,CUST0231,2025-09-27 05:00:00,Delivered,Debit Card,Andhra Pradesh
ORD00502,CUST0291,2025-06-27 09:00:00,Delivered,UPI,Kerala
ORD00503,CUST0008,2025-08-21 01:00:00,Delivered,Net Banking,Delhi
ORD00504,CUST0258,2025-12-07 17:00:00,Delivered,UPI,Delhi
ORD00505,CUST0103,2025-06-04 09:00:00,Delivered,Credit Card,Kerala
ORD00506,CUST0219,2025-08-27 13:00:00,Cancelled,Credit Card,Delhi
ORD00507,CUST0290,2025-05-31 01:00:00,Delivered,Credit Card,Maharashtra
ORD00508,CUST0149,2025-10-17 15:00:00,Delivered,Net Banking,Andhra Pradesh
ORD00509,CUST0155,2025-11-18 09:00:00,Delivered,Cash on Delivery,Maharashtra
ORD00510,CUST0259,2025-08-16 12:00:00,Delivered,UPI,Kerala
ORD00511,CUST0238,2025-08-02 13:00:00,Delivered,UPI,Gujarat
ORD00512,CUST0182,2025-03-13 14:00:00,Processing,Credit Card,Andhra Pradesh
ORD00513,CUST0174,2025-08-24 22:00:00,Shipped,UPI,Kerala
ORD00514,CUST0270,2025-05-13 04:00:00,Delivered,Debit Card,Delhi
ORD00515,CUST0166,2025-04-29 23:00:00,Shipped,UPI,Andhra Pradesh
ORD00516,CUST0090,2025-06-14 03:00:00,Delivered,Credit Card,Gujarat
ORD00517,CUST0045,2025-10-26 00:00:00,Delivered,Debit Card,Andhra Pradesh
ORD00518,CUST0071,2025-02-04 14:00:00,Delivered,Credit Card,Kerala
ORD00519,CUST0129,2025-07-19 22:00:00,Delivered,Cash on Delivery,Karnataka
ORD00520,CUST0299,2025-08-30 08:00:00,Delivered,UPI,Delhi
ORD00521,CUST0253,2025-02-07 18:00:00,Processing,Debit Card,Tamil Nadu
ORD00522,CUST0139,2025-01-22 03:00:00,Delivered,Credit Card,Maharashtra
ORD00523,CUST0283,2025-09-04 01:00:00,Delivered,Credit Card,Telangana
ORD00524,CUST0275,2025-10-18 01:00:00,Returned,UPI,Gujarat
ORD00525,CUST0040,2025-05-09 17:00:00,Delivered,Debit Card,Andhra Pradesh
ORD00526,CUST0144,2025-02-10 06:00:00,Processing,Net Banking,Kerala
ORD00527,CUST0059,2025-01-11 15:00:00,Shipped,UPI,Gujarat
ORD00528,CUST0195,2025-04-05 21:00:00,Delivered,UPI,Karnataka
ORD00529,CUST0015,2025-06-24 23:00:00,Shipped,Credit Card,Karnataka
ORD00530,CUST0196,2025-08-28 23:00:00,Returned,UPI,Maharashtra
ORD00531,CUST0138,2025-12-04 08:00:00,Shipped,Net Banking,Kerala
ORD00532,CUST0246,2025-11-23 17:00:00,Delivered,UPI,Tamil Nadu
ORD00533,CUST0117,2025-11-19 05:00:00,Delivered,Debit Card,Gujarat
ORD00534,CUST0132,2025-01-09 21:00:00,Shipped,Net Banking,Telangana
ORD00535,CUST0037,2025-11-25 13:00:00,Processing,UPI,Tamil Nadu
ORD00536,CUST0262,2025-09-18 18:00:00,Delivered,Cash on Delivery,Kerala
ORD00537,CUST0115,2025-10-17 16:00:00,Returned,Debit Card,Delhi
ORD00538,CUST0151,2025-05-05 10:00:00,Delivered,Net Banking,Delhi
ORD00539,CUST0186,2025-12-01 15:00:00,Delivered,Credit Card,Telangana
ORD00540,CUST0161,2025-03-02 02:00:00,Delivered,Credit Card,Andhra Pradesh
ORD00541,CUST0052,2025-03-06 01:00:00,Shipped,UPI,Kerala
ORD00542,CUST0173,2025-06-22 18:00:00,Delivered,UPI,Karnataka
ORD00543,CUST0069,2025-04-04 23:00:00,Shipped,Cash on Delivery,Karnataka
ORD00544,CUST0050,2025-04-29 09:00:00,Delivered,UPI,Gujarat
ORD00545,CUST0221,2025-09-23 08:00:00,Delivered,Debit Card,Kerala
ORD00546,CUST0055,2025-04-29 21:00:00,Delivered,UPI,Kerala
ORD00547,CUST0190,2025-04-15 09:00:00,Cancelled,Debit Card,Karnataka
ORD00548,CUST0253,2025-05-15 02:00:00,Processing,Cash on Delivery,Tamil Nadu
ORD00549,CUST0038,2025-12-28 22:00:00,Delivered,Cash on Delivery,Tamil Nadu
ORD00550,CUST0145,2025-03-09 06:00:00,Delivered,UPI,Maharashtra
ORD00551,CUST0093,2025-06-03 07:00:00,Processing,Debit Card,Maharashtra
ORD00552,CUST0148,2025-08-03 14:00:00,Delivered,Debit Card,Kerala
ORD00553,CUST0251,2025-11-04 13:00:00,Delivered,UPI,Gujarat
ORD00554,CUST0218,2025-07-24 08:00:00,Processing,UPI,Gujarat
ORD00555,CUST0057,2025-11-11 19:00:00,Delivered,Debit Card,Andhra Pradesh
ORD00556,CUST0149,2025-03-24 11:00:00,Delivered,UPI,Andhra Pradesh
ORD00557,CUST0044,2025-02-09 02:00:00,Delivered,Debit Card,Gujarat
ORD00558,CUST0166,2025-08-06 16:00:00,Delivered,UPI,Andhra Pradesh
ORD00559,CUST0260,2025-05-06 12:00:00,Delivered,Credit Card,Andhra Pradesh
ORD00560,CUST0160,2025-06-20 04:00:00,Shipped,Cash on Delivery,Delhi
ORD00561,CUST0291,2025-04-30 01:00:00,Shipped,UPI,Kerala
ORD00562,CUST0280,2025-09-13 10:00:00,Cancelled,UPI,Kerala
ORD00563,CUST0086,2025-04-12 14:00:00,Processing,UPI,Telangana
ORD00564,CUST0139,2025-09-25 10:00:00,Delivered,Credit Card,Maharashtra
ORD00565,CUST0070,2025-03-26 16:00:00,Delivered,Credit Card,Tamil Nadu
ORD00566,CUST0032,2025-11-16 14:00:00,Delivered,UPI,Andhra Pradesh
ORD00567,CUST0040,2025-10-31 04:00:00,Delivered,UPI,Andhra Pradesh
ORD00568,CUST0108,2025-03-28 00:00:00,Shipped,Cash on Delivery,Delhi
ORD00569,CUST0287,2025-07-21 12:00:00,Shipped,Debit Card,Andhra Pradesh
ORD00570,CUST0062,2025-10-13 13:00:00,Delivered,UPI,Kerala
ORD00571,CUST0159,2025-06-18 03:00:00,Processing,Cash on Delivery,Telangana
ORD00572,CUST0293,2025-01-16 22:00:00,Processing,Cash on Delivery,Andhra Pradesh
ORD00573,CUST0043,2025-08-03 03:00:00,Delivered,Debit Card,Andhra Pradesh
ORD00574,CUST0163,2025-12-30 05:00:00,Processing,Debit Card,Andhra Pradesh
ORD00575,CUST0076,2025-05-17 02:00:00,Delivered,UPI,Karnataka
ORD00576,CUST0096,2025-06-12 18:00:00,Delivered,UPI,Maharashtra
ORD00577,CUST0068,2025-06-08 01:00:00,Delivered,UPI,Andhra Pradesh
ORD00578,CUST0251,2025-07-01 18:00:00,Delivered,Net Banking,Gujarat
ORD00579,CUST0107,2025-06-25 22:00:00,Cancelled,Credit Card,Karnataka
ORD00580,CUST0240,2025-10-28 10:00:00,Delivered,Credit Card,Delhi
ORD00581,CUST0096,2025-07-03 09:00:00,Delivered,Credit Card,Maharashtra
ORD00582,CUST0248,2025-12-14 12:00:00,Delivered,Cash on Delivery,Maharashtra
ORD00583,CUST0269,2025-04-12 18:00:00,Delivered,UPI,Tamil Nadu
ORD00584,CUST0003,2025-09-02 05:00:00,Delivered,Credit Card,Gujarat
ORD00585,CUST0202,2025-10-01 02:00:00,Delivered,Debit Card,Delhi
ORD00586,CUST0118,2025-03-12 15:00:00,Delivered,UPI,Gujarat
ORD00587,CUST0092,2025-03-25 12:00:00,Delivered,Net Banking,Delhi
ORD00588,CUST0006,2025-09-06 20:00:00,Cancelled,Credit Card,Karnataka
ORD00589,CUST0187,2025-02-27 05:00:00,Returned,Credit Card,Kerala
ORD00590,CUST0233,2025-08-11 01:00:00,Delivered,UPI,Tamil Nadu
ORD00591,CUST0278,2025-05-17 05:00:00,Delivered,Credit Card,Andhra Pradesh
ORD00592,CUST0075,2025-11-21 15:00:00,Delivered,UPI,Karnataka
ORD00593,CUST0173,2025-11-23 23:00:00,Delivered,Credit Card,Karnataka
ORD00594,CUST0026,2025-07-11 18:00:00,Delivered,Net Banking,Delhi
ORD00595,CUST0237,2025-11-03 20:00:00,Delivered,UPI,Tamil Nadu
ORD00596,CUST0244,2025-10-13 00:00:00,Delivered,UPI,Telangana
ORD00597,CUST0250,2025-10-15 11:00:00,Delivered,Debit Card,Delhi
ORD00598,CUST0012,2025-05-26 17:00:00,Delivered,Cash on Delivery,Gujarat
ORD00599,CUST0206,2025-10-09 13:00:00,Delivered,UPI,Gujarat
ORD00600,CUST0201,2025-04-26 12:00:00,Delivered,Credit Card,Karnataka
ORD00601,CUST0298,2025-12-01 13:00:00,Returned,Credit Card,Kerala
ORD00602,CUST0167,2025-11-09 07:00:00,Delivered,Debit Card,Andhra Pradesh
ORD00603,CUST0106,2025-10-23 14:00:00,Delivered,Debit Card,Kerala
ORD00604,CUST0082,2025-05-06 14:00:00,Delivered,UPI,Telangana
ORD00605,CUST0013,2025-08-13 15:00:00,Shipped,UPI,Delhi
ORD00606,CUST0058,2025-03-28 11:00:00,Delivered,Credit Card,Tamil Nadu
ORD00607,CUST0291,2025-05-21 19:00:00,Delivered,UPI,Kerala
ORD00608,CUST0151,2025-03-21 23:00:00,Shipped,UPI,Delhi
ORD00609,CUST0177,2025-11-26 04:00:00,Delivered,Credit Card,Maharashtra
ORD00610,CUST0159,2025-04-16 07:00:00,Delivered,Debit Card,Telangana
ORD00611,CUST0269,2025-04-27 23:00:00,Delivered,Debit Card,Tamil Nadu
ORD00612,CUST0029,2025-08-17 18:00:00,Delivered,UPI,Tamil Nadu
ORD00613,CUST0033,2025-03-09 16:00:00,Delivered,UPI,Karnataka
ORD00614,CUST0154,2025-10-19 00:00:00,Delivered,Net Banking,Tamil Nadu
ORD00615,CUST0154,2025-05-16 17:00:00,Delivered,UPI,Tamil Nadu
ORD00616,CUST0241,2025-09-11 05:00:00,Delivered,Net Banking,Andhra Pradesh
ORD00617,CUST0110,2025-06-07 16:00:00,Delivered,Net Banking,Maharashtra
ORD00618,CUST0243,2025-12-01 19:00:00,Shipped,Net Banking,Andhra Pradesh
ORD00619,CUST0141,2025-01-10 22:00:00,Delivered,Debit Card,Delhi
ORD00620,CUST0241,2025-01-24 21:00:00,Delivered,Cash on Delivery,Andhra Pradesh
ORD00621,CUST0242,2025-03-10 23:00:00,Delivered,Cash on Delivery,Telangana
ORD00622,CUST0161,2025-07-04 14:00:00,Delivered,UPI,Andhra Pradesh
ORD00623,CUST0072,2025-03-03 20:00:00,Delivered,Credit Card,Gujarat
ORD00624,CUST0276,2025-09-09 09:00:00,Delivered,Debit Card,Andhra Pradesh
ORD00625,CUST0098,2025-02-07 21:00:00,Delivered,UPI,Delhi
ORD00626,CUST0010,2025-01-05 07:00:00,Delivered,UPI,Delhi
ORD00627,CUST0296,2025-03-20 06:00:00,Shipped,UPI,Tamil Nadu
ORD00628,CUST0104,2025-06-05 05:00:00,Delivered,UPI,Gujarat
ORD00629,CUST0195,2025-01-26 14:00:00,Delivered,UPI,Karnataka
ORD00630,CUST0184,2025-06-12 13:00:00,Delivered,Cash on Delivery,Maharashtra
ORD00631,CUST0185,2025-06-08 02:00:00,Delivered,Net Banking,Telangana
ORD00632,CUST0215,2025-03-30 05:00:00,Cancelled,Cash on Delivery,Telangana
ORD00633,CUST0170,2025-01-15 15:00:00,Delivered,Cash on Delivery,Kerala
ORD00634,CUST0058,2025-09-01 14:00:00,Returned,Net Banking,Tamil Nadu
ORD00635,CUST0245,2025-09-10 23:00:00,Shipped,Debit Card,Tamil Nadu
ORD00636,CUST0095,2025-12-04 09:00:00,Delivered,Cash on Delivery,Gujarat
ORD00637,CUST0198,2025-11-20 01:00:00,Shipped,Cash on Delivery,Delhi
ORD00638,CUST0208,2025-08-20 06:00:00,Delivered,UPI,Maharashtra
ORD00639,CUST0135,2025-02-02 11:00:00,Delivered,UPI,Telangana
ORD00640,CUST0259,2025-04-04 12:00:00,Shipped,Cash on Delivery,Kerala
ORD00641,CUST0289,2025-09-29 16:00:00,Delivered,Credit Card,Gujarat
ORD00642,CUST0218,2025-04-14 08:00:00,Delivered,Cash on Delivery,Gujarat
ORD00643,CUST0160,2025-04-17 23:00:00,Delivered,Cash on Delivery,Delhi
ORD00644,CUST0201,2025-10-30 06:00:00,Delivered,Credit Card,Karnataka
ORD00645,CUST0233,2025-03-20 02:00:00,Processing,Net Banking,Tamil Nadu
ORD00646,CUST0124,2025-12-07 15:00:00,Shipped,Cash on Delivery,Maharashtra
ORD00647,CUST0183,2025-02-12 00:00:00,Delivered,Net Banking,Gujarat
ORD00648,CUST0266,2025-12-08 12:00:00,Delivered,UPI,Telangana
ORD00649,CUST0021,2025-06-27 20:00:00,Shipped,Net Banking,Delhi
ORD00650,CUST0051,2025-05-30 13:00:00,Shipped,Debit Card,Karnataka
ORD00651,CUST0083,2025-04-18 17:00:00,Shipped,Credit Card,Maharashtra
ORD00652,CUST0117,2025-06-12 09:00:00,Delivered,Debit Card,Gujarat
ORD00653,CUST0082,2025-03-28 10:00:00,Delivered,UPI,Telangana
ORD00654,CUST0135,2025-03-16 22:00:00,Delivered,Credit Card,Telangana
ORD00655,CUST0126,2025-10-08 04:00:00,Delivered,UPI,Andhra Pradesh
ORD00656,CUST0099,2025-07-31 05:00:00,Shipped,Debit Card,Kerala
ORD00657,CUST0165,2025-12-26 07:00:00,Shipped,Debit Card,Gujarat
ORD00658,CUST0012,2025-10-14 14:00:00,Delivered,UPI,Gujarat
ORD00659,CUST0111,2025-12-05 14:00:00,Delivered,Debit Card,Kerala
ORD00660,CUST0062,2025-02-06 19:00:00,Delivered,Credit Card,Kerala
ORD00661,CUST0294,2025-12-25 21:00:00,Delivered,Credit Card,Delhi
ORD00662,CUST0103,2025-04-27 11:00:00,Returned,Debit Card,Kerala
ORD00663,CUST0289,2025-07-11 02:00:00,Cancelled,UPI,Gujarat
ORD00664,CUST0260,2025-03-18 14:00:00,Delivered,UPI,Andhra Pradesh
ORD00665,CUST0034,2025-06-23 07:00:00,Delivered,UPI,Maharashtra
ORD00666,CUST0051,2025-09-24 02:00:00,Delivered,Credit Card,Karnataka
ORD00667,CUST0207,2025-08-11 12:00:00,Delivered,UPI,Telangana
ORD00668,CUST0097,2025-02-15 09:00:00,Processing,Debit Card,Maharashtra
ORD00669,CUST0027,2025-12-17 13:00:00,Delivered,Credit Card,Telangana
ORD00670,CUST0254,2025-04-16 18:00:00,Delivered,UPI,Maharashtra
ORD00671,CUST0091,2025-07-19 07:00:00,Delivered,Net Banking,Tamil Nadu
ORD00672,CUST0159,2025-04-15 20:00:00,Delivered,UPI,Telangana
ORD00673,CUST0022,2025-12-23 14:00:00,Delivered,Debit Card,Kerala
ORD00674,CUST0204,2025-05-26 17:00:00,Delivered,Net Banking,Karnataka
ORD00675,CUST0124,2025-08-12 19:00:00,Delivered,Debit Card,Maharashtra
ORD00676,CUST0201,2025-07-14 04:00:00,Cancelled,Credit Card,Karnataka
ORD00677,CUST0163,2025-01-30 03:00:00,Delivered,Credit Card,Andhra Pradesh
ORD00678,CUST0291,2025-03-03 07:00:00,Shipped,UPI,Kerala
ORD00679,CUST0252,2025-11-10 08:00:00,Delivered,Cash on Delivery,Kerala
ORD00680,CUST0117,2025-07-25 04:00:00,Shipped,Credit Card,Gujarat
ORD00681,CUST0106,2025-05-06 06:00:00,Delivered,Credit Card,Kerala
ORD00682,CUST0027,2025-04-13 06:00:00,Delivered,Cash on Delivery,Telangana
ORD00683,CUST0162,2025-11-09 19:00:00,Delivered,Debit Card,Telangana
ORD00684,CUST0104,2025-03-19 06:00:00,Delivered,UPI,Gujarat
ORD00685,CUST0213,2025-03-02 17:00:00,Processing,Credit Card,Tamil Nadu
ORD00686,CUST0070,2025-07-15 15:00:00,Delivered,UPI,Tamil Nadu
ORD00687,CUST0036,2025-04-01 04:00:00,Delivered,Debit Card,Delhi
ORD00688,CUST0009,2025-11-15 18:00:00,Delivered,UPI,Andhra Pradesh
ORD00689,CUST0230,2025-08-10 10:00:00,Delivered,Debit Card,Delhi
ORD00690,CUST0010,2025-06-04 12:00:00,Delivered,Credit Card,Delhi
ORD00691,CUST0043,2025-08-19 21:00:00,Delivered,Debit Card,Andhra Pradesh
ORD00692,CUST0045,2025-02-08 00:00:00,Delivered,Debit Card,Andhra Pradesh
ORD00693,CUST0199,2025-06-14 20:00:00,Delivered,Credit Card,Tamil Nadu
ORD00694,CUST0203,2025-11-22 18:00:00,Delivered,Credit Card,Kerala
ORD00695,CUST0032,2025-02-02 15:00:00,Delivered,Debit Card,Andhra Pradesh
ORD00696,CUST0292,2025-05-15 23:00:00,Shipped,Credit Card,Andhra Pradesh
ORD00697,CUST0210,2025-08-27 14:00:00,Delivered,Net Banking,Telangana
ORD00698,CUST0163,2025-07-15 20:00:00,Delivered,Credit Card,Andhra Pradesh
ORD00699,CUST0143,2025-04-27 06:00:00,Delivered,Debit Card,Gujarat
ORD00700,CUST0063,2025-11-03 04:00:00,Delivered,Credit Card,Kerala
ORD00701,CUST0244,2025-05-24 17:00:00,Delivered,Net Banking,Telangana
ORD00702,CUST0035,2025-08-19 12:00:00,Shipped,Net Banking,Tamil Nadu
ORD00703,CUST0164,2025-09-06 10:00:00,Delivered,Credit Card,Tamil Nadu
ORD00704,CUST0145,2025-05-08 12:00:00,Delivered,Net Banking,Maharashtra
ORD00705,CUST0229,2025-11-17 12:00:00,Delivered,Debit Card,Tamil Nadu
ORD00706,CUST0027,2025-06-17 17:00:00,Delivered,UPI,Telangana
ORD00707,CUST0292,2025-01-21 16:00:00,Delivered,Debit Card,Andhra Pradesh
ORD00708,CUST0183,2025-06-23 02:00:00,Delivered,Net Banking,Gujarat
ORD00709,CUST0230,2025-03-23 03:00:00,Shipped,Net Banking,Delhi
ORD00710,CUST0071,2025-09-14 10:00:00,Delivered,Net Banking,Kerala
ORD00711,CUST0118,2025-10-26 15:00:00,Delivered,Debit Card,Gujarat
ORD00712,CUST0199,2025-03-23 06:00:00,Delivered,UPI,Tamil Nadu
ORD00713,CUST0103,2025-10-19 23:00:00,Delivered,Net Banking,Kerala
ORD00714,CUST0106,2025-09-13 23:00:00,Delivered,Credit Card,Kerala
ORD00715,CUST0040,2025-11-12 03:00:00,Processing,Net Banking,Andhra Pradesh
ORD00716,CUST0039,2025-05-24 13:00:00,Delivered,UPI,Telangana
ORD00717,CUST0244,2025-03-31 00:00:00,Delivered,Debit Card,Telangana
ORD00718,CUST0007,2025-10-23 01:00:00,Delivered,Cash on Delivery,Tamil Nadu
ORD00719,CUST0223,2025-10-14 22:00:00,Delivered,UPI,Karnataka
ORD00720,CUST0277,2025-03-16 10:00:00,Delivered,Credit Card,Kerala
ORD00721,CUST0045,2025-11-05 08:00:00,Processing,Credit Card,Andhra Pradesh
ORD00722,CUST0075,2025-11-03 10:00:00,Delivered,Net Banking,Karnataka
ORD00723,CUST0172,2025-09-08 03:00:00,Delivered,Net Banking,Karnataka
ORD00724,CUST0124,2025-07-27 09:00:00,Shipped,Credit Card,Maharashtra
ORD00725,CUST0176,2025-07-18 11:00:00,Delivered,Credit Card,Andhra Pradesh
ORD00726,CUST0276,2025-02-20 13:00:00,Delivered,Debit Card,Andhra Pradesh
ORD00727,CUST0111,2025-11-11 13:00:00,Delivered,Debit Card,Kerala
ORD00728,CUST0130,2025-10-27 03:00:00,Delivered,Credit Card,Tamil Nadu
ORD00729,CUST0102,2025-09-04 15:00:00,Delivered,Credit Card,Telangana
ORD00730,CUST0118,2025-08-16 22:00:00,Cancelled,UPI,Gujarat
ORD00731,CUST0279,2025-02-24 13:00:00,Delivered,UPI,Andhra Pradesh
ORD00732,CUST0071,2025-03-03 00:00:00,Delivered,Debit Card,Kerala
ORD00733,CUST0119,2025-04-14 04:00:00,Delivered,Debit Card,Tamil Nadu
ORD00734,CUST0071,2025-06-13 07:00:00,Processing,Net Banking,Kerala
ORD00735,CUST0075,2025-12-08 04:00:00,Shipped,UPI,Karnataka
ORD00736,CUST0135,2025-07-28 01:00:00,Delivered,UPI,Telangana
ORD00737,CUST0209,2025-11-27 20:00:00,Delivered,Debit Card,Andhra Pradesh
ORD00738,CUST0156,2025-10-02 19:00:00,Delivered,UPI,Delhi
ORD00739,CUST0251,2025-06-25 17:00:00,Delivered,Debit Card,Gujarat
ORD00740,CUST0099,2025-06-21 16:00:00,Delivered,UPI,Kerala
ORD00741,CUST0284,2025-06-14 06:00:00,Shipped,Debit Card,Maharashtra
ORD00742,CUST0276,2025-06-24 04:00:00,Delivered,UPI,Andhra Pradesh
ORD00743,CUST0142,2025-09-19 18:00:00,Delivered,UPI,Kerala
ORD00744,CUST0022,2025-02-05 08:00:00,Delivered,Credit Card,Kerala
ORD00745,CUST0146,2025-08-09 07:00:00,Delivered,Debit Card,Telangana
ORD00746,CUST0105,2025-10-05 19:00:00,Delivered,UPI,Telangana
ORD00747,CUST0144,2025-02-24 00:00:00,Delivered,UPI,Kerala
ORD00748,CUST0195,2025-01-12 17:00:00,Shipped,UPI,Karnataka
ORD00749,CUST0194,2025-03-28 12:00:00,Delivered,UPI,Kerala
ORD00750,CUST0232,2025-01-12 12:00:00,Delivered,Credit Card,Gujarat
ORD00751,CUST0246,2025-03-22 05:00:00,Delivered,Debit Card,Tamil Nadu
ORD00752,CUST0048,2025-11-12 22:00:00,Delivered,UPI,Kerala
ORD00753,CUST0119,2025-02-17 19:00:00,Delivered,Debit Card,Tamil Nadu
ORD00754,CUST0284,2025-07-08 23:00:00,Delivered,Credit Card,Maharashtra
ORD00755,CUST0294,2025-05-23 14:00:00,Delivered,UPI,Delhi
ORD00756,CUST0282,2025-10-05 23:00:00,Delivered,Credit Card,Maharashtra
ORD00757,CUST0013,2025-06-11 15:00:00,Delivered,UPI,Delhi
ORD00758,CUST0117,2025-08-13 08:00:00,Delivered,Credit Card,Gujarat
ORD00759,CUST0182,2025-09-20 17:00:00,Delivered,Cash on Delivery,Andhra Pradesh
ORD00760,CUST0031,2025-01-13 16:00:00,Delivered,Credit Card,Delhi
ORD00761,CUST0222,2025-09-21 01:00:00,Delivered,Credit Card,Delhi
ORD00762,CUST0048,2025-11-12 12:00:00,Delivered,UPI,Kerala
ORD00763,CUST0001,2025-02-03 05:00:00,Shipped,UPI,Andhra Pradesh
ORD00764,CUST0191,2025-08-29 08:00:00,Delivered,Credit Card,Andhra Pradesh
ORD00765,CUST0140,2025-06-18 16:00:00,Delivered,Cash on Delivery,Kerala
ORD00766,CUST0113,2025-05-08 14:00:00,Processing,Cash on Delivery,Andhra Pradesh
ORD00767,CUST0161,2025-01-30 13:00:00,Delivered,Credit Card,Andhra Pradesh
ORD00768,CUST0043,2025-02-12 23:00:00,Delivered,Credit Card,Andhra Pradesh
ORD00769,CUST0188,2025-12-14 21:00:00,Processing,Debit Card,Maharashtra
ORD00770,CUST0088,2025-07-20 15:00:00,Delivered,Debit Card,Delhi
ORD00771,CUST0264,2025-02-19 15:00:00,Delivered,Debit Card,Kerala
ORD00772,CUST0159,2025-12-08 10:00:00,Delivered,Credit Card,Telangana
ORD00773,CUST0145,2025-06-20 22:00:00,Delivered,UPI,Maharashtra
ORD00774,CUST0099,2025-06-26 02:00:00,Delivered,Net Banking,Kerala
ORD00775,CUST0162,2025-10-18 22:00:00,Delivered,Net Banking,Telangana
ORD00776,CUST0104,2025-04-03 13:00:00,Delivered,UPI,Gujarat
ORD00777,CUST0141,2025-09-29 12:00:00,Processing,Cash on Delivery,Delhi
ORD00778,CUST0023,2025-05-26 10:00:00,Delivered,Debit Card,Karnataka
ORD00779,CUST0020,2025-04-28 21:00:00,Processing,UPI,Maharashtra
ORD00780,CUST0141,2025-10-02 17:00:00,Cancelled,UPI,Delhi
ORD00781,CUST0169,2025-04-01 17:00:00,Delivered,UPI,Maharashtra
ORD00782,CUST0083,2025-08-07 06:00:00,Delivered,Credit Card,Maharashtra
ORD00783,CUST0123,2025-02-03 08:00:00,Cancelled,UPI,Gujarat
ORD00784,CUST0091,2025-07-18 06:00:00,Delivered,UPI,Tamil Nadu
ORD00785,CUST0207,2025-04-19 05:00:00,Delivered,Debit Card,Telangana
ORD00786,CUST0293,2025-07-01 00:00:00,Returned,Cash on Delivery,Andhra Pradesh
ORD00787,CUST0243,2025-09-11 17:00:00,Returned,Debit Card,Andhra Pradesh
ORD00788,CUST0133,2025-07-14 04:00:00,Delivered,Net Banking,Tamil Nadu
ORD00789,CUST0094,2025-10-23 06:00:00,Delivered,UPI,Maharashtra
ORD00790,CUST0280,2025-06-02 17:00:00,Delivered,UPI,Kerala
ORD00791,CUST0127,2025-02-11 10:00:00,Delivered,Debit Card,Delhi
ORD00792,CUST0253,2025-10-08 07:00:00,Delivered,UPI,Tamil Nadu
ORD00793,CUST0216,2025-05-11 20:00:00,Delivered,UPI,Andhra Pradesh
ORD00794,CUST0128,2025-03-09 22:00:00,Delivered,Cash on Delivery,Telangana
ORD00795,CUST0076,2025-11-28 03:00:00,Processing,Credit Card,Karnataka
ORD00796,CUST0251,2025-09-08 08:00:00,Delivered,UPI,Gujarat
ORD00797,CUST0243,2025-09-29 02:00:00,Delivered,Credit Card,Andhra Pradesh
ORD00798,CUST0249,2025-07-16 07:00:00,Returned,Credit Card,Telangana
ORD00799,CUST0207,2025-01-11 02:00:00,Delivered,Cash on Delivery,Telangana
ORD00800,CUST0077,2025-01-11 10:00:00,Shipped,Net Banking,Telangana
ORD00801,CUST0206,2025-12-09 19:00:00,Delivered,Credit Card,Gujarat
ORD00802,CUST0009,2025-12-20 02:00:00,Delivered,Cash on Delivery,Andhra Pradesh
ORD00803,CUST0210,2025-03-03 08:00:00,Delivered,Cash on Delivery,Telangana
ORD00804,CUST0244,2025-12-19 08:00:00,Delivered,Debit Card,Telangana
ORD00805,CUST0219,2025-12-23 11:00:00,Cancelled,Net Banking,Delhi
ORD00806,CUST0120,2025-01-24 23:00:00,Delivered,Net Banking,Telangana
ORD00807,CUST0222,2025-03-20 22:00:00,Delivered,Cash on Delivery,Delhi
ORD00808,CUST0109,2025-02-07 04:00:00,Delivered,Credit Card,Kerala
ORD00809,CUST0169,2025-08-20 05:00:00,Shipped,Debit Card,Maharashtra
ORD00810,CUST0101,2025-07-27 09:00:00,Delivered,Credit Card,Maharashtra
ORD00811,CUST0028,2025-09-23 05:00:00,Delivered,UPI,Karnataka
ORD00812,CUST0046,2025-09-23 04:00:00,Delivered,UPI,Tamil Nadu
ORD00813,CUST0013,2025-01-16 02:00:00,Delivered,Net Banking,Delhi
ORD00814,CUST0077,2025-06-30 10:00:00,Delivered,UPI,Telangana
ORD00815,CUST0268,2025-02-09 04:00:00,Delivered,Net Banking,Telangana
ORD00816,CUST0141,2025-09-29 04:00:00,Delivered,Credit Card,Delhi
ORD00817,CUST0296,2025-07-12 23:00:00,Delivered,Debit Card,Tamil Nadu
ORD00818,CUST0009,2025-11-16 20:00:00,Cancelled,Net Banking,Andhra Pradesh
ORD00819,CUST0003,2025-05-14 20:00:00,Delivered,Cash on Delivery,Gujarat
ORD00820,CUST0138,2025-05-05 04:00:00,Delivered,UPI,Kerala
ORD00821,CUST0067,2025-07-08 23:00:00,Delivered,Credit Card,Telangana
ORD00822,CUST0200,2025-03-22 11:00:00,Cancelled,Credit Card,Delhi
ORD00823,CUST0144,2025-05-29 16:00:00,Delivered,Net Banking,Kerala
ORD00824,CUST0150,2025-05-03 06:00:00,Processing,UPI,Delhi
ORD00825,CUST0053,2025-02-16 03:00:00,Delivered,Credit Card,Kerala
ORD00826,CUST0040,2025-02-12 19:00:00,Shipped,Credit Card,Andhra Pradesh
ORD00827,CUST0136,2025-05-26 19:00:00,Delivered,Debit Card,Andhra Pradesh
ORD00828,CUST0270,2025-11-24 18:00:00,Delivered,Credit Card,Delhi
ORD00829,CUST0259,2025-03-17 02:00:00,Delivered,UPI,Kerala
ORD00830,CUST0011,2025-06-22 07:00:00,Delivered,Credit Card,Tamil Nadu
ORD00831,CUST0185,2025-07-19 12:00:00,Processing,UPI,Telangana
ORD00832,CUST0131,2025-06-24 11:00:00,Delivered,Credit Card,Andhra Pradesh
ORD00833,CUST0136,2025-05-29 23:00:00,Cancelled,UPI,Andhra Pradesh
ORD00834,CUST0271,2025-03-11 13:00:00,Delivered,UPI,Tamil Nadu
ORD00835,CUST0232,2025-05-11 18:00:00,Shipped,Credit Card,Gujarat
ORD00836,CUST0046,2025-09-25 09:00:00,Delivered,Net Banking,Tamil Nadu
ORD00837,CUST0292,2025-11-13 06:00:00,Cancelled,Cash on Delivery,Andhra Pradesh
ORD00838,CUST0016,2025-11-25 14:00:00,Delivered,UPI,Tamil Nadu
ORD00839,CUST0175,2025-01-16 17:00:00,Shipped,Net Banking,Gujarat
ORD00840,CUST0051,2025-12-11 21:00:00,Processing,Net Banking,Karnataka
ORD00841,CUST0261,2025-05-20 20:00:00,Processing,Net Banking,Gujarat
ORD00842,CUST0200,2025-02-02 01:00:00,Delivered,Cash on Delivery,Delhi
ORD00843,CUST0029,2025-11-10 20:00:00,Delivered,UPI,Tamil Nadu
ORD00844,CUST0139,2025-01-09 15:00:00,Delivered,Debit Card,Maharashtra
ORD00845,CUST0252,2025-11-17 15:00:00,Processing,Cash on Delivery,Kerala
ORD00846,CUST0102,2025-04-14 14:00:00,Delivered,Cash on Delivery,Telangana
ORD00847,CUST0238,2025-01-06 06:00:00,Shipped,Cash on Delivery,Gujarat
ORD00848,CUST0240,2025-09-11 17:00:00,Delivered,Credit Card,Delhi
ORD00849,CUST0166,2025-01-25 04:00:00,Processing,UPI,Andhra Pradesh
ORD00850,CUST0256,2025-12-08 16:00:00,Delivered,UPI,Kerala
ORD00851,CUST0088,2025-10-21 17:00:00,Delivered,Net Banking,Delhi
ORD00852,CUST0294,2025-08-19 23:00:00,Delivered,Net Banking,Delhi
ORD00853,CUST0187,2025-01-02 12:00:00,Delivered,UPI,Kerala
ORD00854,CUST0277,2025-08-18 03:00:00,Delivered,Credit Card,Kerala
ORD00855,CUST0286,2025-10-30 17:00:00,Shipped,UPI,Tamil Nadu
ORD00856,CUST0018,2025-11-06 22:00:00,Delivered,Debit Card,Delhi
ORD00857,CUST0226,2025-02-16 11:00:00,Processing,UPI,Gujarat
ORD00858,CUST0033,2025-11-18 21:00:00,Returned,Credit Card,Karnataka
ORD00859,CUST0067,2025-06-13 16:00:00,Delivered,Credit Card,Telangana
ORD00860,CUST0200,2025-07-15 23:00:00,Delivered,Debit Card,Delhi
ORD00861,CUST0202,2025-08-24 18:00:00,Delivered,UPI,Delhi
ORD00862,CUST0100,2025-10-07 18:00:00,Cancelled,Credit Card,Delhi
ORD00863,CUST0086,2025-10-22 05:00:00,Delivered,Debit Card,Telangana
ORD00864,CUST0190,2025-07-07 00:00:00,Cancelled,Credit Card,Karnataka
ORD00865,CUST0115,2025-01-04 06:00:00,Delivered,Debit Card,Delhi
ORD00866,CUST0202,2025-06-07 02:00:00,Delivered,Credit Card,Delhi
ORD00867,CUST0050,2025-05-02 13:00:00,Delivered,UPI,Gujarat
ORD00868,CUST0063,2025-12-23 18:00:00,Delivered,Credit Card,Kerala
ORD00869,CUST0286,2025-08-08 13:00:00,Delivered,Credit Card,Tamil Nadu
ORD00870,CUST0278,2025-11-20 10:00:00,Delivered,Credit Card,Andhra Pradesh
ORD00871,CUST0022,2025-03-21 09:00:00,Delivered,UPI,Kerala
ORD00872,CUST0003,2025-06-15 10:00:00,Delivered,Credit Card,Gujarat
ORD00873,CUST0074,2025-09-13 22:00:00,Returned,UPI,Gujarat
ORD00874,CUST0189,2025-05-28 06:00:00,Cancelled,UPI,Telangana
ORD00875,CUST0047,2025-09-24 07:00:00,Delivered,Credit Card,Gujarat
ORD00876,CUST0180,2025-09-03 14:00:00,Delivered,Debit Card,Karnataka
ORD00877,CUST0196,2025-12-03 17:00:00,Delivered,UPI,Maharashtra
ORD00878,CUST0167,2025-04-04 05:00:00,Delivered,Cash on Delivery,Andhra Pradesh
ORD00879,CUST0284,2025-10-09 04:00:00,Delivered,UPI,Maharashtra
ORD00880,CUST0149,2025-05-07 00:00:00,Delivered,UPI,Andhra Pradesh
ORD00881,CUST0170,2025-05-07 21:00:00,Processing,Credit Card,Kerala
ORD00882,CUST0067,2025-03-18 00:00:00,Shipped,Net Banking,Telangana
ORD00883,CUST0225,2025-06-28 21:00:00,Delivered,Debit Card,Delhi
ORD00884,CUST0021,2025-04-14 00:00:00,Delivered,UPI,Delhi
ORD00885,CUST0293,2025-02-17 00:00:00,Shipped,Debit Card,Andhra Pradesh
ORD00886,CUST0075,2025-07-23 01:00:00,Delivered,Debit Card,Karnataka
ORD00887,CUST0046,2025-03-01 03:00:00,Delivered,UPI,Tamil Nadu
ORD00888,CUST0128,2025-04-12 19:00:00,Delivered,UPI,Telangana
ORD00889,CUST0054,2025-03-18 09:00:00,Delivered,UPI,Telangana
ORD00890,CUST0077,2025-11-02 09:00:00,Delivered,UPI,Telangana
ORD00891,CUST0292,2025-11-02 11:00:00,Delivered,Debit Card,Andhra Pradesh
ORD00892,CUST0199,2025-06-07 04:00:00,Delivered,UPI,Tamil Nadu
ORD00893,CUST0227,2025-02-13 13:00:00,Delivered,Debit Card,Maharashtra
ORD00894,CUST0004,2025-04-24 22:00:00,Delivered,UPI,Telangana
ORD00895,CUST0034,2025-07-09 14:00:00,Delivered,Net Banking,Maharashtra
ORD00896,CUST0285,2025-01-31 03:00:00,Shipped,Credit Card,Gujarat
ORD00897,CUST0022,2025-10-06 00:00:00,Delivered,Net Banking,Kerala
ORD00898,CUST0210,2025-08-20 03:00:00,Delivered,Credit Card,Telangana
ORD00899,CUST0090,2025-02-28 22:00:00,Delivered,UPI,Gujarat
ORD00900,CUST0102,2025-12-10 06:00:00,Delivered,UPI,Telangana
ORD00901,CUST0013,2025-02-04 03:00:00,Delivered,Debit Card,Delhi
ORD00902,CUST0035,2025-10-16 22:00:00,Shipped,Debit Card,Tamil Nadu
ORD00903,CUST0203,2025-11-07 16:00:00,Returned,Debit Card,Kerala
ORD00904,CUST0051,2025-03-18 06:00:00,Delivered,Cash on Delivery,Karnataka
ORD00905,CUST0149,2025-10-26 18:00:00,Processing,Cash on Delivery,Andhra Pradesh
ORD00906,CUST0236,2025-10-04 05:00:00,Delivered,Credit Card,Telangana
ORD00907,CUST0280,2025-02-12 07:00:00,Delivered,Debit Card,Kerala
ORD00908,CUST0276,2025-09-15 20:00:00,Delivered,UPI,Andhra Pradesh
ORD00909,CUST0232,2025-07-02 16:00:00,Delivered,Cash on Delivery,Gujarat
ORD00910,CUST0164,2025-08-31 21:00:00,Delivered,Net Banking,Tamil Nadu
ORD00911,CUST0139,2025-03-26 19:00:00,Delivered,Credit Card,Maharashtra
ORD00912,CUST0182,2025-04-28 22:00:00,Delivered,Cash on Delivery,Andhra Pradesh
ORD00913,CUST0286,2025-04-25 10:00:00,Delivered,Credit Card,Tamil Nadu
ORD00914,CUST0197,2025-10-07 07:00:00,Delivered,Cash on Delivery,Kerala
ORD00915,CUST0297,2025-05-05 20:00:00,Delivered,Credit Card,Karnataka
ORD00916,CUST0203,2025-09-03 04:00:00,Returned,Net Banking,Kerala
ORD00917,CUST0128,2025-07-03 21:00:00,Delivered,Debit Card,Telangana
ORD00918,CUST0220,2025-06-12 20:00:00,Delivered,UPI,Gujarat
ORD00919,CUST0034,2025-09-22 04:00:00,Delivered,Debit Card,Maharashtra
ORD00920,CUST0075,2025-02-19 08:00:00,Delivered,UPI,Karnataka
ORD00921,CUST0026,2025-02-26 03:00:00,Delivered,Debit Card,Delhi
ORD00922,CUST0041,2025-08-05 21:00:00,Delivered,UPI,Tamil Nadu
ORD00923,CUST0294,2025-06-04 04:00:00,Delivered,Cash on Delivery,Delhi
ORD00924,CUST0026,2025-06-17 13:00:00,Delivered,UPI,Delhi
ORD00925,CUST0114,2025-04-09 16:00:00,Shipped,UPI,Karnataka
ORD00926,CUST0118,2025-01-28 00:00:00,Delivered,Debit Card,Gujarat
ORD00927,CUST0243,2025-06-09 12:00:00,Delivered,UPI,Andhra Pradesh
ORD00928,CUST0129,2025-10-01 16:00:00,Delivered,Cash on Delivery,Karnataka
ORD00929,CUST0140,2025-08-17 04:00:00,Returned,Credit Card,Kerala
ORD00930,CUST0176,2025-04-27 13:00:00,Delivered,Debit Card,Andhra Pradesh
ORD00931,CUST0130,2025-07-05 08:00:00,Delivered,Debit Card,Tamil Nadu
ORD00932,CUST0058,2025-03-13 06:00:00,Delivered,Debit Card,Tamil Nadu
ORD00933,CUST0251,2025-03-28 00:00:00,Delivered,Net Banking,Gujarat
ORD00934,CUST0198,2025-11-08 07:00:00,Delivered,Credit Card,Delhi
ORD00935,CUST0054,2025-09-21 02:00:00,Delivered,Credit Card,Telangana
ORD00936,CUST0134,2025-05-15 13:00:00,Delivered,Credit Card,Andhra Pradesh
ORD00937,CUST0165,2025-05-04 20:00:00,Delivered,UPI,Gujarat
ORD00938,CUST0080,2025-12-20 19:00:00,Delivered,Cash on Delivery,Telangana
ORD00939,CUST0196,2025-12-30 08:00:00,Delivered,UPI,Maharashtra
ORD00940,CUST0256,2025-01-16 12:00:00,Processing,UPI,Kerala
ORD00941,CUST0060,2025-01-08 05:00:00,Delivered,Cash on Delivery,Maharashtra
ORD00942,CUST0152,2025-04-07 11:00:00,Delivered,UPI,Maharashtra
ORD00943,CUST0282,2025-11-25 04:00:00,Delivered,UPI,Maharashtra
ORD00944,CUST0207,2025-04-04 00:00:00,Delivered,Net Banking,Telangana
ORD00945,CUST0047,2025-12-27 07:00:00,Returned,UPI,Gujarat
ORD00946,CUST0288,2025-04-10 13:00:00,Delivered,UPI,Telangana
ORD00947,CUST0286,2025-10-12 16:00:00,Processing,Credit Card,Tamil Nadu
ORD00948,CUST0268,2025-10-23 17:00:00,Shipped,UPI,Telangana
ORD00949,CUST0039,2025-02-19 17:00:00,Delivered,Net Banking,Telangana
ORD00950,CUST0039,2025-08-19 01:00:00,Shipped,Cash on Delivery,Telangana
ORD00951,CUST0164,2025-08-11 16:00:00,Delivered,Net Banking,Tamil Nadu
ORD00952,CUST0109,2025-03-11 08:00:00,Shipped,Credit Card,Kerala
ORD00953,CUST0094,2025-03-24 22:00:00,Delivered,Credit Card,Maharashtra
ORD00954,CUST0186,2025-04-27 14:00:00,Delivered,Credit Card,Telangana
ORD00955,CUST0045,2025-09-16 18:00:00,Shipped,Credit Card,Andhra Pradesh
ORD00956,CUST0068,2025-11-01 08:00:00,Delivered,Credit Card,Andhra Pradesh
ORD00957,CUST0079,2025-06-30 17:00:00,Delivered,Credit Card,Karnataka
ORD00958,CUST0173,2025-03-19 13:00:00,Delivered,Credit Card,Karnataka
ORD00959,CUST0258,2025-04-10 17:00:00,Delivered,UPI,Delhi
ORD00960,CUST0026,2025-07-21 11:00:00,Delivered,Credit Card,Delhi
ORD00961,CUST0237,2025-09-17 12:00:00,Delivered,Cash on Delivery,Tamil Nadu
ORD00962,CUST0120,2025-06-11 08:00:00,Delivered,UPI,Telangana
ORD00963,CUST0081,2025-08-02 22:00:00,Processing,UPI,Tamil Nadu
ORD00964,CUST0017,2025-08-13 09:00:00,Delivered,Net Banking,Telangana
ORD00965,CUST0119,2025-12-08 02:00:00,Delivered,Cash on Delivery,Tamil Nadu
ORD00966,CUST0110,2025-08-08 01:00:00,Delivered,Debit Card,Maharashtra
ORD00967,CUST0280,2025-07-03 11:00:00,Delivered,UPI,Kerala
ORD00968,CUST0204,2025-10-20 13:00:00,Cancelled,Cash on Delivery,Karnataka
ORD00969,CUST0112,2025-12-06 06:00:00,Delivered,UPI,Maharashtra
ORD00970,CUST0147,2025-02-24 14:00:00,Delivered,UPI,Gujarat
ORD00971,CUST0021,2025-11-26 13:00:00,Shipped,UPI,Delhi
ORD00972,CUST0046,2025-07-16 12:00:00,Delivered,Net Banking,Tamil Nadu
ORD00973,CUST0285,2025-10-06 14:00:00,Delivered,Credit Card,Gujarat
ORD00974,CUST0215,2025-12-10 05:00:00,Shipped,Cash on Delivery,Telangana
ORD00975,CUST0059,2025-02-16 11:00:00,Shipped,UPI,Gujarat
ORD00976,CUST0064,2025-09-25 18:00:00,Processing,Debit Card,Tamil Nadu
ORD00977,CUST0161,2025-10-19 23:00:00,Delivered,Cash on Delivery,Andhra Pradesh
ORD00978,CUST0035,2025-10-08 12:00:00,Delivered,UPI,Tamil Nadu
ORD00979,CUST0245,2025-03-25 00:00:00,Delivered,Credit Card,Tamil Nadu
ORD00980,CUST0068,2025-09-26 23:00:00,Delivered,Credit Card,Andhra Pradesh
ORD00981,CUST0142,2025-12-23 04:00:00,Delivered,UPI,Kerala
ORD00982,CUST0025,2025-07-28 08:00:00,Delivered,UPI,Telangana
ORD00983,CUST0050,2025-11-09 17:00:00,Delivered,Net Banking,Gujarat
ORD00984,CUST0082,2025-10-26 23:00:00,Cancelled,UPI,Telangana
ORD00985,CUST0061,2025-08-03 15:00:00,Delivered,UPI,Maharashtra
ORD00986,CUST0298,2025-05-27 08:00:00,Delivered,UPI,Kerala
ORD00987,CUST0086,2025-08-21 06:00:00,Delivered,UPI,Telangana
ORD00988,CUST0264,2025-09-20 20:00:00,Processing,UPI,Kerala
ORD00989,CUST0069,2025-05-25 14:00:00,Returned,UPI,Karnataka
ORD00990,CUST0124,2025-02-09 02:00:00,Delivered,Credit Card,Maharashtra
ORD00991,CUST0256,2025-06-19 14:00:00,Delivered,Debit Card,Kerala
ORD00992,CUST0294,2025-06-20 19:00:00,Processing,UPI,Delhi
ORD00993,CUST0058,2025-05-03 00:00:00,Delivered,Cash on Delivery,Tamil Nadu
ORD00994,CUST0279,2025-10-26 06:00:00,Delivered,Cash on Delivery,Andhra Pradesh
ORD00995,CUST0010,2025-01-16 17:00:00,Delivered,Debit Card,Delhi
ORD00996,CUST0163,2025-03-22 06:00:00,Delivered,Cash on Delivery,Andhra Pradesh
ORD00997,CUST0271,2025-07-30 10:00:00,Processing,Net Banking,Tamil Nadu
ORD00998,CUST0024,2025-11-19 22:00:00,Delivered,UPI,Gujarat
ORD00999,CUST0248,2025-12-16 05:00:00,Delivered,UPI,Maharashtra
ORD01000,CUST0112,2025-07-23 16:00:00,Shipped,Debit Card,Maharashtra
ORD01001,CUST0096,2025-10-22 23:00:00,Delivered,Credit Card,Maharashtra
ORD01002,CUST0117,2025-12-25 19:00:00,Delivered,Credit Card,Gujarat
ORD01003,CUST0219,2025-02-14 16:00:00,Delivered,UPI,Delhi
ORD01004,CUST0114,2025-10-13 21:00:00,Delivered,Cash on Delivery,Karnataka
ORD01005,CUST0261,2025-01-09 20:00:00,Delivered,Debit Card,Gujarat
ORD01006,CUST0208,2025-01-30 12:00:00,Delivered,Cash on Delivery,Maharashtra
ORD01007,CUST0059,2025-09-30 01:00:00,Delivered,Debit Card,Gujarat
ORD01008,CUST0288,2025-06-15 04:00:00,Delivered,Debit Card,Telangana
ORD01009,CUST0188,2025-07-17 02:00:00,Delivered,UPI,Maharashtra
ORD01010,CUST0037,2025-02-09 18:00:00,Shipped,Debit Card,Tamil Nadu
ORD01011,CUST0031,2025-09-02 00:00:00,Shipped,UPI,Delhi
ORD01012,CUST0019,2025-10-17 16:00:00,Delivered,UPI,Kerala
ORD01013,CUST0274,2025-11-15 15:00:00,Delivered,Credit Card,Delhi
ORD01014,CUST0159,2025-04-07 00:00:00,Cancelled,Debit Card,Telangana
ORD01015,CUST0179,2025-09-06 12:00:00,Delivered,UPI,Karnataka
ORD01016,CUST0231,2025-06-08 02:00:00,Delivered,UPI,Andhra Pradesh
ORD01017,CUST0198,2025-05-20 18:00:00,Delivered,UPI,Delhi
ORD01018,CUST0239,2025-01-05 05:00:00,Delivered,UPI,Andhra Pradesh
ORD01019,CUST0292,2025-06-21 19:00:00,Delivered,Cash on Delivery,Andhra Pradesh
ORD01020,CUST0157,2025-11-10 03:00:00,Delivered,Cash on Delivery,Maharashtra
ORD01021,CUST0115,2025-01-25 18:00:00,Delivered,Credit Card,Delhi
ORD01022,CUST0139,2025-02-21 07:00:00,Delivered,Cash on Delivery,Maharashtra
ORD01023,CUST0190,2025-06-22 15:00:00,Shipped,UPI,Karnataka
ORD01024,CUST0291,2025-01-28 00:00:00,Delivered,Debit Card,Kerala
ORD01025,CUST0170,2025-10-26 10:00:00,Delivered,Net Banking,Kerala
ORD01026,CUST0168,2025-07-23 12:00:00,Delivered,UPI,Karnataka
ORD01027,CUST0100,2025-06-08 14:00:00,Delivered,UPI,Delhi
ORD01028,CUST0015,2025-01-17 17:00:00,Shipped,Cash on Delivery,Karnataka
ORD01029,CUST0155,2025-04-17 10:00:00,Delivered,UPI,Maharashtra
ORD01030,CUST0082,2025-04-12 06:00:00,Delivered,Cash on Delivery,Telangana
ORD01031,CUST0118,2025-01-12 07:00:00,Delivered,Credit Card,Gujarat
ORD01032,CUST0162,2025-05-08 23:00:00,Delivered,UPI,Telangana
ORD01033,CUST0024,2025-03-07 17:00:00,Delivered,UPI,Gujarat
ORD01034,CUST0030,2025-08-13 23:00:00,Delivered,Net Banking,Telangana
ORD01035,CUST0212,2025-02-24 19:00:00,Shipped,Debit Card,Karnataka
ORD01036,CUST0176,2025-07-17 12:00:00,Delivered,UPI,Andhra Pradesh
ORD01037,CUST0040,2025-04-06 03:00:00,Delivered,UPI,Andhra Pradesh
ORD01038,CUST0026,2025-12-09 02:00:00,Delivered,UPI,Delhi
ORD01039,CUST0057,2025-09-10 03:00:00,Delivered,UPI,Andhra Pradesh
ORD01040,CUST0091,2025-07-12 21:00:00,Delivered,Net Banking,Tamil Nadu
ORD01041,CUST0151,2025-06-04 14:00:00,Processing,Net Banking,Delhi
ORD01042,CUST0179,2025-02-06 19:00:00,Shipped,UPI,Karnataka
ORD01043,CUST0213,2025-04-30 08:00:00,Delivered,Cash on Delivery,Tamil Nadu
ORD01044,CUST0078,2025-10-31 09:00:00,Delivered,Credit Card,Andhra Pradesh
ORD01045,CUST0093,2025-01-22 13:00:00,Delivered,Credit Card,Maharashtra
ORD01046,CUST0140,2025-10-21 17:00:00,Shipped,UPI,Kerala
ORD01047,CUST0058,2025-12-31 11:00:00,Delivered,Net Banking,Tamil Nadu
ORD01048,CUST0159,2025-06-06 04:00:00,Shipped,Debit Card,Telangana
ORD01049,CUST0267,2025-06-17 23:00:00,Cancelled,Debit Card,Andhra Pradesh
ORD01050,CUST0157,2025-12-20 02:00:00,Delivered,UPI,Maharashtra
ORD01051,CUST0058,2025-02-16 15:00:00,Processing,Credit Card,Tamil Nadu
ORD01052,CUST0282,2025-01-11 01:00:00,Delivered,Credit Card,Maharashtra
ORD01053,CUST0092,2025-05-19 07:00:00,Processing,Cash on Delivery,Delhi
ORD01054,CUST0031,2025-08-19 12:00:00,Delivered,Credit Card,Delhi
ORD01055,CUST0259,2025-06-22 20:00:00,Delivered,Debit Card,Kerala
ORD01056,CUST0116,2025-11-08 04:00:00,Delivered,Credit Card,Gujarat
ORD01057,CUST0268,2025-02-21 20:00:00,Shipped,UPI,Telangana
ORD01058,CUST0274,2025-11-26 07:00:00,Delivered,UPI,Delhi
ORD01059,CUST0274,2025-07-16 05:00:00,Delivered,Credit Card,Delhi
ORD01060,CUST0223,2025-11-18 20:00:00,Delivered,Credit Card,Karnataka
ORD01061,CUST0033,2025-08-13 18:00:00,Delivered,Credit Card,Karnataka
ORD01062,CUST0142,2025-02-08 16:00:00,Delivered,Debit Card,Kerala
ORD01063,CUST0274,2025-02-24 12:00:00,Delivered,Debit Card,Delhi
ORD01064,CUST0084,2025-07-24 04:00:00,Cancelled,UPI,Gujarat
ORD01065,CUST0285,2025-10-04 18:00:00,Delivered,Cash on Delivery,Gujarat
ORD01066,CUST0055,2025-10-11 11:00:00,Delivered,Net Banking,Kerala
ORD01067,CUST0290,2025-04-09 14:00:00,Returned,Debit Card,Maharashtra
ORD01068,CUST0213,2025-11-26 01:00:00,Delivered,Debit Card,Tamil Nadu
ORD01069,CUST0202,2025-09-05 08:00:00,Delivered,Cash on Delivery,Delhi
ORD01070,CUST0064,2025-11-08 00:00:00,Delivered,UPI,Tamil Nadu
ORD01071,CUST0115,2025-11-04 13:00:00,Delivered,UPI,Delhi
ORD01072,CUST0112,2025-02-22 05:00:00,Delivered,Net Banking,Maharashtra
ORD01073,CUST0242,2025-05-02 20:00:00,Delivered,Cash on Delivery,Telangana
ORD01074,CUST0088,2025-04-03 18:00:00,Delivered,UPI,Delhi
ORD01075,CUST0027,2025-09-28 20:00:00,Delivered,UPI,Telangana
ORD01076,CUST0152,2025-02-27 14:00:00,Delivered,Debit Card,Maharashtra
ORD01077,CUST0094,2025-08-07 01:00:00,Delivered,Credit Card,Maharashtra
ORD01078,CUST0210,2025-06-17 21:00:00,Delivered,Credit Card,Telangana
ORD01079,CUST0204,2025-10-29 02:00:00,Returned,UPI,Karnataka
ORD01080,CUST0027,2025-11-09 18:00:00,Delivered,Net Banking,Telangana
ORD01081,CUST0084,2025-02-18 22:00:00,Delivered,Debit Card,Gujarat
ORD01082,CUST0299,2025-07-09 14:00:00,Delivered,Cash on Delivery,Delhi
ORD01083,CUST0071,2025-06-03 16:00:00,Delivered,Debit Card,Kerala
ORD01084,CUST0169,2025-02-20 08:00:00,Shipped,UPI,Maharashtra
ORD01085,CUST0252,2025-10-03 02:00:00,Delivered,Cash on Delivery,Kerala
ORD01086,CUST0218,2025-08-05 18:00:00,Delivered,Net Banking,Gujarat
ORD01087,CUST0007,2025-12-09 10:00:00,Delivered,Debit Card,Tamil Nadu
ORD01088,CUST0179,2025-03-04 07:00:00,Delivered,UPI,Karnataka
ORD01089,CUST0154,2025-04-19 22:00:00,Delivered,Credit Card,Tamil Nadu
ORD01090,CUST0221,2025-02-16 11:00:00,Delivered,UPI,Kerala
ORD01091,CUST0195,2025-05-29 07:00:00,Delivered,Debit Card,Karnataka
ORD01092,CUST0210,2025-01-03 10:00:00,Processing,UPI,Telangana
ORD01093,CUST0166,2025-11-21 06:00:00,Delivered,Cash on Delivery,Andhra Pradesh
ORD01094,CUST0005,2025-05-16 04:00:00,Delivered,UPI,Gujarat
ORD01095,CUST0254,2025-07-25 08:00:00,Delivered,Net Banking,Maharashtra
ORD01096,CUST0261,2025-08-21 08:00:00,Processing,Net Banking,Gujarat
ORD01097,CUST0062,2025-02-24 12:00:00,Shipped,Net Banking,Kerala
ORD01098,CUST0110,2025-07-27 09:00:00,Shipped,Credit Card,Maharashtra
ORD01099,CUST0012,2025-04-06 17:00:00,Delivered,UPI,Gujarat
ORD01100,CUST0231,2025-08-25 04:00:00,Delivered,Net Banking,Andhra Pradesh
ORD01101,CUST0283,2025-11-26 02:00:00,Delivered,Credit Card,Telangana
ORD01102,CUST0286,2025-09-01 04:00:00,Delivered,Cash on Delivery,Tamil Nadu
ORD01103,CUST0110,2025-03-30 13:00:00,Delivered,Credit Card,Maharashtra
ORD01104,CUST0087,2025-01-29 04:00:00,Shipped,UPI,Maharashtra
ORD01105,CUST0070,2025-06-20 18:00:00,Cancelled,UPI,Tamil Nadu
ORD01106,CUST0290,2025-01-22 23:00:00,Delivered,Cash on Delivery,Maharashtra
ORD01107,CUST0209,2025-02-27 15:00:00,Delivered,UPI,Andhra Pradesh
ORD01108,CUST0139,2025-02-12 04:00:00,Cancelled,Cash on Delivery,Maharashtra
ORD01109,CUST0216,2025-11-25 20:00:00,Delivered,UPI,Andhra Pradesh
ORD01110,CUST0184,2025-10-27 17:00:00,Delivered,Credit Card,Maharashtra
ORD01111,CUST0147,2025-11-07 17:00:00,Processing,UPI,Gujarat
ORD01112,CUST0225,2025-12-03 17:00:00,Returned,Cash on Delivery,Delhi
ORD01113,CUST0104,2025-07-21 19:00:00,Cancelled,Debit Card,Gujarat
ORD01114,CUST0005,2025-03-28 02:00:00,Returned,UPI,Gujarat
ORD01115,CUST0207,2025-08-21 07:00:00,Delivered,Debit Card,Telangana
ORD01116,CUST0197,2025-10-18 23:00:00,Delivered,Net Banking,Kerala
ORD01117,CUST0278,2025-06-22 09:00:00,Delivered,Net Banking,Andhra Pradesh
ORD01118,CUST0050,2025-05-06 14:00:00,Delivered,UPI,Gujarat
ORD01119,CUST0159,2025-03-18 00:00:00,Delivered,UPI,Telangana
ORD01120,CUST0146,2025-10-25 22:00:00,Delivered,Credit Card,Telangana
ORD01121,CUST0114,2025-09-20 14:00:00,Delivered,Net Banking,Karnataka
ORD01122,CUST0117,2025-07-03 20:00:00,Returned,Credit Card,Gujarat
ORD01123,CUST0010,2025-05-27 21:00:00,Processing,Credit Card,Delhi
ORD01124,CUST0235,2025-02-14 00:00:00,Delivered,Cash on Delivery,Maharashtra
ORD01125,CUST0273,2025-07-11 00:00:00,Delivered,Credit Card,Karnataka
ORD01126,CUST0215,2025-04-23 20:00:00,Delivered,Net Banking,Telangana
ORD01127,CUST0077,2025-05-13 07:00:00,Delivered,Cash on Delivery,Telangana
ORD01128,CUST0227,2025-07-29 17:00:00,Delivered,Net Banking,Maharashtra
ORD01129,CUST0262,2025-06-05 16:00:00,Delivered,Cash on Delivery,Kerala
ORD01130,CUST0194,2025-10-08 04:00:00,Cancelled,UPI,Kerala
ORD01131,CUST0145,2025-11-26 02:00:00,Shipped,UPI,Maharashtra
ORD01132,CUST0173,2025-12-13 18:00:00,Shipped,Credit Card,Karnataka
ORD01133,CUST0052,2025-01-23 05:00:00,Delivered,Net Banking,Kerala
ORD01134,CUST0218,2025-01-03 07:00:00,Delivered,UPI,Gujarat
ORD01135,CUST0042,2025-02-15 08:00:00,Delivered,UPI,Kerala
ORD01136,CUST0260,2025-05-13 03:00:00,Delivered,UPI,Andhra Pradesh
ORD01137,CUST0175,2025-04-25 10:00:00,Delivered,Debit Card,Gujarat
ORD01138,CUST0067,2025-04-14 21:00:00,Delivered,Net Banking,Telangana
ORD01139,CUST0055,2025-01-04 05:00:00,Shipped,Credit Card,Kerala
ORD01140,CUST0096,2025-03-25 03:00:00,Delivered,UPI,Maharashtra
ORD01141,CUST0034,2025-08-12 19:00:00,Delivered,UPI,Maharashtra
ORD01142,CUST0268,2025-05-13 05:00:00,Delivered,UPI,Telangana
ORD01143,CUST0218,2025-11-04 02:00:00,Shipped,UPI,Gujarat
ORD01144,CUST0149,2025-07-26 22:00:00,Shipped,UPI,Andhra Pradesh
ORD01145,CUST0216,2025-05-13 04:00:00,Delivered,Net Banking,Andhra Pradesh
ORD01146,CUST0071,2025-10-07 02:00:00,Processing,Cash on Delivery,Kerala
ORD01147,CUST0237,2025-03-24 07:00:00,Delivered,UPI,Tamil Nadu
ORD01148,CUST0236,2025-04-15 01:00:00,Shipped,Credit Card,Telangana
ORD01149,CUST0152,2025-02-07 09:00:00,Delivered,Credit Card,Maharashtra
ORD01150,CUST0096,2025-10-12 16:00:00,Shipped,Cash on Delivery,Maharashtra
ORD01151,CUST0106,2025-06-23 06:00:00,Delivered,Cash on Delivery,Kerala
ORD01152,CUST0027,2025-07-28 21:00:00,Delivered,Net Banking,Telangana
ORD01153,CUST0231,2025-08-08 08:00:00,Shipped,UPI,Andhra Pradesh
ORD01154,CUST0270,2025-05-13 04:00:00,Shipped,Credit Card,Delhi
ORD01155,CUST0062,2025-09-09 03:00:00,Delivered,UPI,Kerala
ORD01156,CUST0218,2025-10-24 00:00:00,Delivered,Net Banking,Gujarat
ORD01157,CUST0137,2025-04-05 21:00:00,Delivered,Credit Card,Kerala
ORD01158,CUST0042,2025-07-24 06:00:00,Delivered,Net Banking,Kerala
ORD01159,CUST0226,2025-03-23 18:00:00,Delivered,Credit Card,Gujarat
ORD01160,CUST0116,2025-03-07 14:00:00,Delivered,Cash on Delivery,Gujarat
ORD01161,CUST0220,2025-01-31 04:00:00,Shipped,Debit Card,Gujarat
ORD01162,CUST0192,2025-01-12 14:00:00,Delivered,Credit Card,Andhra Pradesh
ORD01163,CUST0053,2025-10-17 05:00:00,Delivered,UPI,Kerala
ORD01164,CUST0170,2025-06-26 01:00:00,Delivered,Cash on Delivery,Kerala
ORD01165,CUST0100,2025-05-06 06:00:00,Processing,UPI,Delhi
ORD01166,CUST0202,2025-06-10 19:00:00,Delivered,UPI,Delhi
ORD01167,CUST0094,2025-11-01 08:00:00,Delivered,Credit Card,Maharashtra
ORD01168,CUST0066,2025-08-05 08:00:00,Delivered,UPI,Maharashtra
ORD01169,CUST0014,2025-01-03 18:00:00,Delivered,Debit Card,Andhra Pradesh
ORD01170,CUST0265,2025-08-15 15:00:00,Processing,Credit Card,Gujarat
ORD01171,CUST0165,2025-12-25 17:00:00,Shipped,Debit Card,Gujarat
ORD01172,CUST0030,2025-03-26 10:00:00,Delivered,Credit Card,Telangana
ORD01173,CUST0088,2025-06-14 22:00:00,Delivered,Net Banking,Delhi
ORD01174,CUST0201,2025-03-28 17:00:00,Delivered,UPI,Karnataka
ORD01175,CUST0007,2025-02-16 05:00:00,Shipped,UPI,Tamil Nadu
ORD01176,CUST0021,2025-03-10 13:00:00,Delivered,UPI,Delhi
ORD01177,CUST0039,2025-01-26 23:00:00,Shipped,Debit Card,Telangana
ORD01178,CUST0074,2025-08-25 15:00:00,Delivered,Credit Card,Gujarat
ORD01179,CUST0182,2025-01-06 00:00:00,Delivered,UPI,Andhra Pradesh
ORD01180,CUST0211,2025-02-28 00:00:00,Delivered,Net Banking,Delhi
ORD01181,CUST0268,2025-07-05 15:00:00,Cancelled,Cash on Delivery,Telangana
ORD01182,CUST0220,2025-02-05 15:00:00,Delivered,Credit Card,Gujarat
ORD01183,CUST0113,2025-08-16 09:00:00,Delivered,UPI,Andhra Pradesh
ORD01184,CUST0085,2025-07-03 09:00:00,Shipped,Credit Card,Delhi
ORD01185,CUST0002,2025-11-01 10:00:00,Delivered,Cash on Delivery,Karnataka
ORD01186,CUST0298,2025-04-23 15:00:00,Delivered,UPI,Kerala
ORD01187,CUST0027,2025-07-22 23:00:00,Delivered,Credit Card,Telangana
ORD01188,CUST0035,2025-07-08 21:00:00,Delivered,Debit Card,Tamil Nadu
ORD01189,CUST0198,2025-01-11 09:00:00,Returned,Credit Card,Delhi
ORD01190,CUST0248,2025-11-27 14:00:00,Delivered,UPI,Maharashtra
ORD01191,CUST0232,2025-09-18 20:00:00,Delivered,Credit Card,Gujarat
ORD01192,CUST0258,2025-09-04 12:00:00,Delivered,Net Banking,Delhi
ORD01193,CUST0040,2025-10-07 12:00:00,Delivered,Credit Card,Andhra Pradesh
ORD01194,CUST0243,2025-04-09 18:00:00,Delivered,Net Banking,Andhra Pradesh
ORD01195,CUST0120,2025-08-26 02:00:00,Delivered,Cash on Delivery,Telangana
ORD01196,CUST0045,2025-12-12 07:00:00,Cancelled,UPI,Andhra Pradesh
ORD01197,CUST0033,2025-11-12 10:00:00,Shipped,Credit Card,Karnataka
ORD01198,CUST0143,2025-12-04 07:00:00,Shipped,Debit Card,Gujarat
ORD01199,CUST0297,2025-01-27 03:00:00,Delivered,Net Banking,Karnataka
ORD01200,CUST0024,2025-02-28 15:00:00,Delivered,Debit Card,Gujarat
ORD01201,CUST0233,2025-03-23 12:00:00,Delivered,UPI,Tamil Nadu
ORD01202,CUST0265,2025-09-17 21:00:00,Delivered,Credit Card,Gujarat
ORD01203,CUST0057,2025-03-29 15:00:00,Delivered,UPI,Andhra Pradesh
ORD01204,CUST0216,2025-04-10 21:00:00,Processing,UPI,Andhra Pradesh
ORD01205,CUST0042,2025-04-02 00:00:00,Delivered,UPI,Kerala
ORD01206,CUST0235,2025-07-06 07:00:00,Delivered,Credit Card,Maharashtra
ORD01207,CUST0151,2025-05-05 12:00:00,Delivered,Net Banking,Delhi
ORD01208,CUST0143,2025-12-14 00:00:00,Returned,Cash on Delivery,Gujarat
ORD01209,CUST0205,2025-07-30 04:00:00,Returned,Cash on Delivery,Gujarat
ORD01210,CUST0291,2025-09-06 21:00:00,Processing,UPI,Kerala
ORD01211,CUST0233,2025-10-19 18:00:00,Delivered,UPI,Tamil Nadu
ORD01212,CUST0281,2025-05-07 06:00:00,Delivered,Credit Card,Delhi
ORD01213,CUST0049,2025-06-17 06:00:00,Delivered,Debit Card,Telangana
ORD01214,CUST0205,2025-03-17 19:00:00,Delivered,Cash on Delivery,Gujarat
ORD01215,CUST0265,2025-10-22 15:00:00,Delivered,Cash on Delivery,Gujarat
ORD01216,CUST0152,2025-01-06 10:00:00,Delivered,Debit Card,Maharashtra
ORD01217,CUST0134,2025-10-14 19:00:00,Delivered,Cash on Delivery,Andhra Pradesh
ORD01218,CUST0004,2025-06-08 07:00:00,Shipped,UPI,Telangana
ORD01219,CUST0032,2025-04-26 13:00:00,Delivered,Debit Card,Andhra Pradesh
ORD01220,CUST0282,2025-11-08 00:00:00,Shipped,Credit Card,Maharashtra
ORD01221,CUST0286,2025-07-02 02:00:00,Delivered,UPI,Tamil Nadu
ORD01222,CUST0049,2025-06-14 14:00:00,Delivered,Debit Card,Telangana
ORD01223,CUST0126,2025-01-07 22:00:00,Delivered,Cash on Delivery,Andhra Pradesh
ORD01224,CUST0013,2025-12-15 06:00:00,Delivered,Credit Card,Delhi
ORD01225,CUST0145,2025-12-21 13:00:00,Delivered,UPI,Maharashtra
ORD01226,CUST0260,2025-01-28 13:00:00,Delivered,Credit Card,Andhra Pradesh
ORD01227,CUST0114,2025-02-10 02:00:00,Delivered,Net Banking,Karnataka
ORD01228,CUST0062,2025-02-27 19:00:00,Delivered,UPI,Kerala
ORD01229,CUST0273,2025-12-14 21:00:00,Shipped,Cash on Delivery,Karnataka
ORD01230,CUST0296,2025-05-20 13:00:00,Processing,Credit Card,Tamil Nadu
ORD01231,CUST0197,2025-02-07 23:00:00,Delivered,UPI,Kerala
ORD01232,CUST0045,2025-11-28 20:00:00,Delivered,Net Banking,Andhra Pradesh
ORD01233,CUST0015,2025-03-15 11:00:00,Delivered,Debit Card,Karnataka
ORD01234,CUST0069,2025-08-26 11:00:00,Processing,Cash on Delivery,Karnataka
ORD01235,CUST0145,2025-12-22 09:00:00,Processing,UPI,Maharashtra
ORD01236,CUST0170,2025-07-23 12:00:00,Delivered,UPI,Kerala
ORD01237,CUST0216,2025-03-13 09:00:00,Delivered,UPI,Andhra Pradesh
ORD01238,CUST0259,2025-07-06 00:00:00,Delivered,Cash on Delivery,Kerala
ORD01239,CUST0067,2025-04-02 08:00:00,Delivered,UPI,Telangana
ORD01240,CUST0240,2025-10-26 01:00:00,Delivered,Credit Card,Delhi
ORD01241,CUST0284,2025-05-01 06:00:00,Processing,Debit Card,Maharashtra
ORD01242,CUST0125,2025-12-22 15:00:00,Shipped,Net Banking,Delhi
ORD01243,CUST0246,2025-04-19 21:00:00,Delivered,Credit Card,Tamil Nadu
ORD01244,CUST0236,2025-07-12 19:00:00,Shipped,Debit Card,Telangana
ORD01245,CUST0094,2025-01-12 18:00:00,Delivered,Debit Card,Maharashtra
ORD01246,CUST0254,2025-12-04 02:00:00,Delivered,Credit Card,Maharashtra
ORD01247,CUST0030,2025-08-15 10:00:00,Delivered,Debit Card,Telangana
ORD01248,CUST0222,2025-11-17 23:00:00,Shipped,Cash on Delivery,Delhi
ORD01249,CUST0245,2025-01-15 14:00:00,Delivered,Credit Card,Tamil Nadu
ORD01250,CUST0243,2025-12-29 09:00:00,Delivered,UPI,Andhra Pradesh
ORD01251,CUST0221,2025-03-23 00:00:00,Shipped,UPI,Kerala
ORD01252,CUST0293,2025-12-14 15:00:00,Delivered,Net Banking,Andhra Pradesh
ORD01253,CUST0074,2025-08-02 13:00:00,Delivered,UPI,Gujarat
ORD01254,CUST0231,2025-08-12 23:00:00,Delivered,Cash on Delivery,Andhra Pradesh
ORD01255,CUST0105,2025-08-19 16:00:00,Delivered,Debit Card,Telangana
ORD01256,CUST0190,2025-07-25 09:00:00,Delivered,Cash on Delivery,Karnataka
ORD01257,CUST0026,2025-10-06 01:00:00,Delivered,UPI,Delhi
ORD01258,CUST0256,2025-12-07 16:00:00,Cancelled,Credit Card,Kerala
ORD01259,CUST0229,2025-06-22 16:00:00,Shipped,Credit Card,Tamil Nadu
ORD01260,CUST0134,2025-02-05 16:00:00,Delivered,Credit Card,Andhra Pradesh
ORD01261,CUST0163,2025-08-29 01:00:00,Delivered,Credit Card,Andhra Pradesh
ORD01262,CUST0171,2025-01-25 17:00:00,Delivered,Credit Card,Tamil Nadu
ORD01263,CUST0249,2025-10-22 15:00:00,Delivered,UPI,Telangana
ORD01264,CUST0238,2025-04-15 11:00:00,Delivered,Credit Card,Gujarat
ORD01265,CUST0300,2025-11-18 17:00:00,Delivered,Debit Card,Kerala
ORD01266,CUST0072,2025-06-20 16:00:00,Delivered,Net Banking,Gujarat
ORD01267,CUST0186,2025-11-09 11:00:00,Cancelled,UPI,Telangana
ORD01268,CUST0164,2025-11-25 16:00:00,Processing,Debit Card,Tamil Nadu
ORD01269,CUST0281,2025-07-12 22:00:00,Delivered,UPI,Delhi
ORD01270,CUST0048,2025-09-29 02:00:00,Delivered,Credit Card,Kerala
ORD01271,CUST0216,2025-03-20 07:00:00,Delivered,Debit Card,Andhra Pradesh
ORD01272,CUST0029,2025-01-19 22:00:00,Shipped,Net Banking,Tamil Nadu
ORD01273,CUST0216,2025-09-12 10:00:00,Delivered,Debit Card,Andhra Pradesh
ORD01274,CUST0086,2025-07-27 17:00:00,Delivered,UPI,Telangana
ORD01275,CUST0093,2025-02-28 20:00:00,Shipped,Debit Card,Maharashtra
ORD01276,CUST0268,2025-11-26 12:00:00,Shipped,Net Banking,Telangana
ORD01277,CUST0074,2025-07-18 17:00:00,Delivered,UPI,Gujarat
ORD01278,CUST0116,2025-04-08 10:00:00,Delivered,Credit Card,Gujarat
ORD01279,CUST0163,2025-08-14 21:00:00,Processing,Credit Card,Andhra Pradesh
ORD01280,CUST0261,2025-10-03 06:00:00,Delivered,UPI,Gujarat
ORD01281,CUST0039,2025-01-20 18:00:00,Delivered,Cash on Delivery,Telangana
ORD01282,CUST0211,2025-08-31 18:00:00,Shipped,UPI,Delhi
ORD01283,CUST0246,2025-04-22 15:00:00,Delivered,UPI,Tamil Nadu
ORD01284,CUST0261,2025-07-21 17:00:00,Shipped,UPI,Gujarat
ORD01285,CUST0117,2025-04-27 05:00:00,Delivered,Credit Card,Gujarat
ORD01286,CUST0154,2025-05-30 12:00:00,Shipped,Debit Card,Tamil Nadu
ORD01287,CUST0083,2025-03-26 02:00:00,Delivered,UPI,Maharashtra
ORD01288,CUST0131,2025-10-15 06:00:00,Delivered,Net Banking,Andhra Pradesh
ORD01289,CUST0179,2025-01-16 18:00:00,Delivered,Debit Card,Karnataka
ORD01290,CUST0212,2025-08-11 02:00:00,Delivered,Cash on Delivery,Karnataka
ORD01291,CUST0049,2025-08-31 14:00:00,Delivered,Credit Card,Telangana
ORD01292,CUST0033,2025-08-23 09:00:00,Shipped,Cash on Delivery,Karnataka
ORD01293,CUST0196,2025-11-10 20:00:00,Delivered,Debit Card,Maharashtra
ORD01294,CUST0166,2025-01-02 05:00:00,Delivered,Credit Card,Andhra Pradesh
ORD01295,CUST0034,2025-05-10 11:00:00,Delivered,Debit Card,Maharashtra
ORD01296,CUST0265,2025-08-27 18:00:00,Shipped,UPI,Gujarat
ORD01297,CUST0275,2025-09-03 07:00:00,Delivered,UPI,Gujarat
ORD01298,CUST0008,2025-09-06 17:00:00,Delivered,Credit Card,Delhi
ORD01299,CUST0074,2025-08-08 18:00:00,Delivered,UPI,Gujarat
ORD01300,CUST0222,2025-06-21 20:00:00,Delivered,Credit Card,Delhi
ORD01301,CUST0162,2025-02-08 08:00:00,Delivered,Debit Card,Telangana
ORD01302,CUST0017,2025-06-13 07:00:00,Processing,Debit Card,Telangana
ORD01303,CUST0039,2025-02-28 06:00:00,Delivered,UPI,Telangana
ORD01304,CUST0172,2025-07-30 21:00:00,Delivered,UPI,Karnataka
ORD01305,CUST0090,2025-01-28 23:00:00,Shipped,Cash on Delivery,Gujarat
ORD01306,CUST0172,2025-12-19 05:00:00,Returned,Cash on Delivery,Karnataka
ORD01307,CUST0243,2025-07-09 07:00:00,Delivered,Net Banking,Andhra Pradesh
ORD01308,CUST0066,2025-11-21 18:00:00,Delivered,Credit Card,Maharashtra
ORD01309,CUST0101,2025-11-17 17:00:00,Cancelled,Credit Card,Maharashtra
ORD01310,CUST0076,2025-06-01 18:00:00,Delivered,Debit Card,Karnataka
ORD01311,CUST0012,2025-09-12 06:00:00,Delivered,Credit Card,Gujarat
ORD01312,CUST0010,2025-10-12 04:00:00,Delivered,UPI,Delhi
ORD01313,CUST0074,2025-10-24 20:00:00,Delivered,Net Banking,Gujarat
ORD01314,CUST0057,2025-04-03 20:00:00,Delivered,Cash on Delivery,Andhra Pradesh
ORD01315,CUST0057,2025-01-17 03:00:00,Cancelled,UPI,Andhra Pradesh
ORD01316,CUST0111,2025-09-01 21:00:00,Delivered,Credit Card,Kerala
ORD01317,CUST0145,2025-10-24 20:00:00,Delivered,Debit Card,Maharashtra
ORD01318,CUST0207,2025-10-06 01:00:00,Delivered,UPI,Telangana
ORD01319,CUST0169,2025-06-04 17:00:00,Delivered,UPI,Maharashtra
ORD01320,CUST0052,2025-04-16 17:00:00,Delivered,UPI,Kerala
ORD01321,CUST0070,2025-06-05 14:00:00,Delivered,UPI,Tamil Nadu
ORD01322,CUST0039,2025-11-08 06:00:00,Cancelled,Credit Card,Telangana
ORD01323,CUST0057,2025-12-03 12:00:00,Delivered,Debit Card,Andhra Pradesh
ORD01324,CUST0112,2025-06-19 01:00:00,Delivered,Debit Card,Maharashtra
ORD01325,CUST0039,2025-01-02 04:00:00,Delivered,UPI,Telangana
ORD01326,CUST0184,2025-08-07 12:00:00,Delivered,Credit Card,Maharashtra
ORD01327,CUST0107,2025-07-07 11:00:00,Shipped,UPI,Karnataka
ORD01328,CUST0134,2025-01-21 22:00:00,Delivered,Net Banking,Andhra Pradesh
ORD01329,CUST0052,2025-09-06 04:00:00,Delivered,UPI,Kerala
ORD01330,CUST0285,2025-03-21 09:00:00,Delivered,UPI,Gujarat
ORD01331,CUST0138,2025-08-20 19:00:00,Shipped,UPI,Kerala
ORD01332,CUST0075,2025-03-26 20:00:00,Delivered,UPI,Karnataka
ORD01333,CUST0038,2025-01-13 09:00:00,Delivered,UPI,Tamil Nadu
ORD01334,CUST0044,2025-11-25 16:00:00,Delivered,Cash on Delivery,Gujarat
ORD01335,CUST0300,2025-03-01 21:00:00,Delivered,UPI,Kerala
ORD01336,CUST0253,2025-07-10 18:00:00,Delivered,Debit Card,Tamil Nadu
ORD01337,CUST0025,2025-07-18 10:00:00,Delivered,UPI,Telangana
ORD01338,CUST0154,2025-10-28 17:00:00,Delivered,Credit Card,Tamil Nadu
ORD01339,CUST0256,2025-04-03 10:00:00,Shipped,Net Banking,Kerala
ORD01340,CUST0158,2025-02-26 23:00:00,Delivered,UPI,Karnataka
ORD01341,CUST0289,2025-07-13 00:00:00,Delivered,UPI,Gujarat
ORD01342,CUST0043,2025-06-14 20:00:00,Delivered,Net Banking,Andhra Pradesh
ORD01343,CUST0047,2025-08-15 05:00:00,Delivered,UPI,Gujarat
ORD01344,CUST0184,2025-12-17 07:00:00,Delivered,Cash on Delivery,Maharashtra
ORD01345,CUST0081,2025-09-14 01:00:00,Delivered,Net Banking,Tamil Nadu
ORD01346,CUST0251,2025-11-06 15:00:00,Delivered,UPI,Gujarat
ORD01347,CUST0253,2025-02-02 16:00:00,Delivered,Credit Card,Tamil Nadu
ORD01348,CUST0177,2025-04-22 04:00:00,Delivered,UPI,Maharashtra
ORD01349,CUST0061,2025-11-11 09:00:00,Cancelled,Credit Card,Maharashtra
ORD01350,CUST0035,2025-03-06 00:00:00,Shipped,UPI,Tamil Nadu
ORD01351,CUST0013,2025-07-17 20:00:00,Shipped,Debit Card,Delhi
ORD01352,CUST0194,2025-11-22 16:00:00,Delivered,Debit Card,Kerala
ORD01353,CUST0233,2025-06-22 07:00:00,Delivered,Credit Card,Tamil Nadu
ORD01354,CUST0065,2025-09-03 17:00:00,Delivered,UPI,Tamil Nadu
ORD01355,CUST0049,2025-02-20 08:00:00,Delivered,UPI,Telangana
ORD01356,CUST0074,2025-09-07 05:00:00,Returned,UPI,Gujarat
ORD01357,CUST0209,2025-11-17 04:00:00,Delivered,Cash on Delivery,Andhra Pradesh
ORD01358,CUST0111,2025-05-12 21:00:00,Processing,Net Banking,Kerala
ORD01359,CUST0150,2025-09-10 14:00:00,Delivered,Net Banking,Delhi
ORD01360,CUST0013,2025-04-15 07:00:00,Delivered,Credit Card,Delhi
ORD01361,CUST0163,2025-02-02 22:00:00,Processing,Credit Card,Andhra Pradesh
ORD01362,CUST0267,2025-08-07 06:00:00,Delivered,UPI,Andhra Pradesh
ORD01363,CUST0105,2025-04-15 06:00:00,Delivered,Credit Card,Telangana
ORD01364,CUST0044,2025-12-24 06:00:00,Delivered,Net Banking,Gujarat
ORD01365,CUST0144,2025-10-18 22:00:00,Shipped,UPI,Kerala
ORD01366,CUST0001,2025-02-09 03:00:00,Processing,UPI,Andhra Pradesh
ORD01367,CUST0147,2025-05-11 20:00:00,Delivered,UPI,Gujarat
ORD01368,CUST0141,2025-09-21 20:00:00,Delivered,UPI,Delhi
ORD01369,CUST0250,2025-08-19 17:00:00,Delivered,UPI,Delhi
ORD01370,CUST0048,2025-02-24 11:00:00,Delivered,Credit Card,Kerala
ORD01371,CUST0104,2025-12-06 06:00:00,Delivered,UPI,Gujarat
ORD01372,CUST0127,2025-10-24 20:00:00,Delivered,Net Banking,Delhi
ORD01373,CUST0138,2025-08-06 13:00:00,Delivered,Debit Card,Kerala
ORD01374,CUST0190,2025-12-30 01:00:00,Delivered,UPI,Karnataka
ORD01375,CUST0248,2025-09-01 15:00:00,Delivered,Debit Card,Maharashtra
ORD01376,CUST0032,2025-01-05 14:00:00,Processing,UPI,Andhra Pradesh
ORD01377,CUST0179,2025-12-04 15:00:00,Shipped,Debit Card,Karnataka
ORD01378,CUST0056,2025-07-12 11:00:00,Delivered,Credit Card,Telangana
ORD01379,CUST0100,2025-05-28 08:00:00,Delivered,Debit Card,Delhi
ORD01380,CUST0066,2025-02-15 18:00:00,Delivered,UPI,Maharashtra
ORD01381,CUST0050,2025-01-23 02:00:00,Delivered,Net Banking,Gujarat
ORD01382,CUST0234,2025-10-12 06:00:00,Delivered,UPI,Tamil Nadu
ORD01383,CUST0259,2025-07-31 20:00:00,Delivered,UPI,Kerala
ORD01384,CUST0086,2025-09-13 21:00:00,Delivered,UPI,Telangana
ORD01385,CUST0107,2025-03-15 15:00:00,Processing,Credit Card,Karnataka
ORD01386,CUST0020,2025-10-29 01:00:00,Delivered,Debit Card,Maharashtra
ORD01387,CUST0089,2025-09-27 20:00:00,Returned,UPI,Gujarat
ORD01388,CUST0113,2025-11-21 14:00:00,Delivered,UPI,Andhra Pradesh
ORD01389,CUST0293,2025-06-05 14:00:00,Processing,Cash on Delivery,Andhra Pradesh
ORD01390,CUST0005,2025-11-10 13:00:00,Delivered,UPI,Gujarat
ORD01391,CUST0183,2025-11-28 00:00:00,Delivered,UPI,Gujarat
ORD01392,CUST0210,2025-05-01 13:00:00,Delivered,Cash on Delivery,Telangana
ORD01393,CUST0222,2025-08-11 14:00:00,Delivered,Debit Card,Delhi
ORD01394,CUST0150,2025-10-25 18:00:00,Delivered,UPI,Delhi
ORD01395,CUST0195,2025-06-01 00:00:00,Delivered,UPI,Karnataka
ORD01396,CUST0181,2025-07-22 11:00:00,Shipped,Credit Card,Kerala
ORD01397,CUST0139,2025-11-01 22:00:00,Delivered,Credit Card,Maharashtra
ORD01398,CUST0201,2025-11-17 01:00:00,Delivered,UPI,Karnataka
ORD01399,CUST0288,2025-01-09 12:00:00,Delivered,UPI,Telangana
ORD01400,CUST0294,2025-08-20 11:00:00,Delivered,Cash on Delivery,Delhi
ORD01401,CUST0209,2025-12-14 15:00:00,Delivered,Debit Card,Andhra Pradesh
ORD01402,CUST0144,2025-07-14 20:00:00,Delivered,Credit Card,Kerala
ORD01403,CUST0214,2025-09-11 06:00:00,Delivered,Credit Card,Kerala
ORD01404,CUST0125,2025-03-23 20:00:00,Delivered,Net Banking,Delhi
ORD01405,CUST0183,2025-01-13 23:00:00,Shipped,UPI,Gujarat
ORD01406,CUST0003,2025-05-04 17:00:00,Processing,UPI,Gujarat
ORD01407,CUST0288,2025-02-18 09:00:00,Delivered,UPI,Telangana
ORD01408,CUST0086,2025-07-25 11:00:00,Delivered,Credit Card,Telangana
ORD01409,CUST0099,2025-10-11 22:00:00,Delivered,Credit Card,Kerala
ORD01410,CUST0245,2025-12-07 09:00:00,Delivered,Credit Card,Tamil Nadu
ORD01411,CUST0227,2025-05-09 12:00:00,Delivered,Net Banking,Maharashtra
ORD01412,CUST0132,2025-02-21 05:00:00,Delivered,UPI,Telangana
ORD01413,CUST0124,2025-01-11 07:00:00,Processing,Debit Card,Maharashtra
ORD01414,CUST0215,2025-08-14 07:00:00,Delivered,UPI,Telangana
ORD01415,CUST0206,2025-06-02 11:00:00,Delivered,Debit Card,Gujarat
ORD01416,CUST0133,2025-04-10 02:00:00,Delivered,Debit Card,Tamil Nadu
ORD01417,CUST0300,2025-09-05 15:00:00,Delivered,Debit Card,Kerala
ORD01418,CUST0174,2025-02-02 14:00:00,Delivered,UPI,Kerala
ORD01419,CUST0282,2025-05-07 12:00:00,Delivered,UPI,Maharashtra
ORD01420,CUST0227,2025-11-26 09:00:00,Delivered,Debit Card,Maharashtra
ORD01421,CUST0110,2025-06-08 20:00:00,Delivered,UPI,Maharashtra
ORD01422,CUST0106,2025-05-20 13:00:00,Delivered,Credit Card,Kerala
ORD01423,CUST0282,2025-12-07 04:00:00,Delivered,UPI,Maharashtra
ORD01424,CUST0087,2025-07-05 07:00:00,Delivered,Net Banking,Maharashtra
ORD01425,CUST0126,2025-07-14 19:00:00,Delivered,Debit Card,Andhra Pradesh
ORD01426,CUST0243,2025-01-05 14:00:00,Delivered,UPI,Andhra Pradesh
ORD01427,CUST0156,2025-07-05 08:00:00,Cancelled,Credit Card,Delhi
ORD01428,CUST0257,2025-09-14 13:00:00,Delivered,Net Banking,Karnataka
ORD01429,CUST0187,2025-09-11 06:00:00,Delivered,UPI,Kerala
ORD01430,CUST0195,2025-02-05 09:00:00,Delivered,Credit Card,Karnataka
ORD01431,CUST0090,2025-11-17 21:00:00,Delivered,UPI,Gujarat
ORD01432,CUST0194,2025-10-03 18:00:00,Delivered,Credit Card,Kerala
ORD01433,CUST0206,2025-04-27 22:00:00,Shipped,Net Banking,Gujarat
ORD01434,CUST0023,2025-05-16 01:00:00,Delivered,Cash on Delivery,Karnataka
ORD01435,CUST0229,2025-12-23 18:00:00,Shipped,Cash on Delivery,Tamil Nadu
ORD01436,CUST0162,2025-03-24 04:00:00,Delivered,UPI,Telangana
ORD01437,CUST0209,2025-05-05 03:00:00,Returned,UPI,Andhra Pradesh
ORD01438,CUST0112,2025-09-07 17:00:00,Delivered,UPI,Maharashtra
ORD01439,CUST0025,2025-02-28 06:00:00,Delivered,UPI,Telangana
ORD01440,CUST0183,2025-06-01 11:00:00,Delivered,Credit Card,Gujarat
ORD01441,CUST0055,2025-08-13 08:00:00,Delivered,Debit Card,Kerala
ORD01442,CUST0097,2025-07-27 01:00:00,Delivered,Credit Card,Maharashtra
ORD01443,CUST0027,2025-11-05 07:00:00,Delivered,Net Banking,Telangana
ORD01444,CUST0276,2025-08-26 04:00:00,Delivered,Cash on Delivery,Andhra Pradesh
ORD01445,CUST0151,2025-01-06 22:00:00,Processing,UPI,Delhi
ORD01446,CUST0126,2025-04-05 23:00:00,Delivered,UPI,Andhra Pradesh
ORD01447,CUST0139,2025-03-21 21:00:00,Returned,UPI,Maharashtra
ORD01448,CUST0047,2025-03-02 21:00:00,Delivered,Credit Card,Gujarat
ORD01449,CUST0099,2025-08-28 01:00:00,Delivered,Net Banking,Kerala
ORD01450,CUST0093,2025-10-23 18:00:00,Returned,UPI,Maharashtra
ORD01451,CUST0292,2025-06-27 07:00:00,Delivered,Credit Card,Andhra Pradesh
ORD01452,CUST0157,2025-03-06 08:00:00,Delivered,Net Banking,Maharashtra
ORD01453,CUST0122,2025-05-12 06:00:00,Delivered,UPI,Gujarat
ORD01454,CUST0090,2025-05-26 07:00:00,Delivered,UPI,Gujarat
ORD01455,CUST0005,2025-05-08 18:00:00,Delivered,Cash on Delivery,Gujarat
ORD01456,CUST0268,2025-04-14 00:00:00,Delivered,Debit Card,Telangana
ORD01457,CUST0206,2025-12-08 12:00:00,Delivered,Credit Card,Gujarat
ORD01458,CUST0012,2025-08-10 18:00:00,Delivered,Net Banking,Gujarat
ORD01459,CUST0217,2025-01-11 21:00:00,Delivered,Credit Card,Gujarat
ORD01460,CUST0223,2025-10-22 16:00:00,Delivered,Cash on Delivery,Karnataka
ORD01461,CUST0118,2025-09-06 10:00:00,Delivered,UPI,Gujarat
ORD01462,CUST0220,2025-03-30 12:00:00,Processing,UPI,Gujarat
ORD01463,CUST0027,2025-12-10 12:00:00,Delivered,Credit Card,Telangana
ORD01464,CUST0189,2025-03-17 22:00:00,Delivered,Credit Card,Telangana
ORD01465,CUST0109,2025-11-18 19:00:00,Delivered,Credit Card,Kerala
ORD01466,CUST0025,2025-08-18 07:00:00,Shipped,Cash on Delivery,Telangana
ORD01467,CUST0251,2025-09-11 08:00:00,Shipped,Cash on Delivery,Gujarat
ORD01468,CUST0229,2025-08-24 08:00:00,Processing,Net Banking,Tamil Nadu
ORD01469,CUST0153,2025-02-15 02:00:00,Delivered,Credit Card,Andhra Pradesh
ORD01470,CUST0149,2025-05-15 10:00:00,Delivered,Cash on Delivery,Andhra Pradesh
ORD01471,CUST0007,2025-01-19 08:00:00,Delivered,Net Banking,Tamil Nadu
ORD01472,CUST0291,2025-10-30 23:00:00,Delivered,UPI,Kerala
ORD01473,CUST0241,2025-08-18 13:00:00,Processing,Credit Card,Andhra Pradesh
ORD01474,CUST0281,2025-03-17 22:00:00,Delivered,Debit Card,Delhi
ORD01475,CUST0002,2025-04-03 18:00:00,Delivered,Credit Card,Karnataka
ORD01476,CUST0249,2025-06-07 14:00:00,Processing,UPI,Telangana
ORD01477,CUST0145,2025-02-22 00:00:00,Cancelled,Debit Card,Maharashtra
ORD01478,CUST0073,2025-07-01 16:00:00,Delivered,UPI,Maharashtra
ORD01479,CUST0187,2025-11-23 05:00:00,Delivered,Credit Card,Kerala
ORD01480,CUST0039,2025-03-29 17:00:00,Returned,Credit Card,Telangana
ORD01481,CUST0047,2025-10-08 22:00:00,Shipped,Debit Card,Gujarat
ORD01482,CUST0089,2025-02-02 16:00:00,Delivered,Credit Card,Gujarat
ORD01483,CUST0033,2025-06-14 07:00:00,Delivered,UPI,Karnataka
ORD01484,CUST0209,2025-07-04 19:00:00,Delivered,Debit Card,Andhra Pradesh
ORD01485,CUST0051,2025-03-14 13:00:00,Cancelled,Net Banking,Karnataka
ORD01486,CUST0196,2025-11-25 12:00:00,Delivered,UPI,Maharashtra
ORD01487,CUST0183,2025-11-23 12:00:00,Delivered,Net Banking,Gujarat
ORD01488,CUST0045,2025-01-02 00:00:00,Delivered,UPI,Andhra Pradesh
ORD01489,CUST0024,2025-11-27 21:00:00,Delivered,Net Banking,Gujarat
ORD01490,CUST0096,2025-01-23 10:00:00,Delivered,Credit Card,Maharashtra
ORD01491,CUST0094,2025-05-15 00:00:00,Delivered,Credit Card,Maharashtra
ORD01492,CUST0300,2025-09-16 10:00:00,Delivered,Cash on Delivery,Kerala
ORD01493,CUST0227,2025-07-15 11:00:00,Delivered,Cash on Delivery,Maharashtra
ORD01494,CUST0071,2025-10-30 00:00:00,Processing,Cash on Delivery,Kerala
ORD01495,CUST0132,2025-09-24 18:00:00,Shipped,Net Banking,Telangana
ORD01496,CUST0186,2025-04-30 09:00:00,Delivered,Credit Card,Telangana
ORD01497,CUST0207,2025-11-17 16:00:00,Delivered,Credit Card,Telangana
ORD01498,CUST0270,2025-03-26 22:00:00,Delivered,UPI,Delhi
ORD01499,CUST0249,2025-07-29 20:00:00,Delivered,UPI,Telangana
ORD01500,CUST0119,2025-07-02 20:00:00,Delivered,Cash on Delivery,Tamil Nadu
ORD01501,CUST0045,2025-12-18 02:00:00,Delivered,UPI,Andhra Pradesh
ORD01502,CUST0037,2025-07-03 20:00:00,Delivered,Cash on Delivery,Tamil Nadu
ORD01503,CUST0180,2025-09-16 05:00:00,Delivered,UPI,Karnataka
ORD01504,CUST0246,2025-07-15 13:00:00,Delivered,Credit Card,Tamil Nadu
ORD01505,CUST0154,2025-10-11 00:00:00,Delivered,Net Banking,Tamil Nadu
ORD01506,CUST0140,2025-08-02 00:00:00,Delivered,Debit Card,Kerala
ORD01507,CUST0171,2025-04-16 12:00:00,Processing,Net Banking,Tamil Nadu
ORD01508,CUST0257,2025-07-06 23:00:00,Delivered,Cash on Delivery,Karnataka
ORD01509,CUST0148,2025-07-22 00:00:00,Delivered,Debit Card,Kerala
ORD01510,CUST0085,2025-06-23 06:00:00,Delivered,Credit Card,Delhi
ORD01511,CUST0164,2025-10-26 01:00:00,Delivered,Credit Card,Tamil Nadu
ORD01512,CUST0211,2025-10-16 05:00:00,Cancelled,Debit Card,Delhi
ORD01513,CUST0238,2025-08-27 03:00:00,Returned,Debit Card,Gujarat
ORD01514,CUST0131,2025-02-23 07:00:00,Delivered,Debit Card,Andhra Pradesh
ORD01515,CUST0275,2025-07-07 11:00:00,Delivered,UPI,Gujarat
ORD01516,CUST0100,2025-07-30 05:00:00,Delivered,Debit Card,Delhi
ORD01517,CUST0126,2025-05-29 03:00:00,Delivered,Debit Card,Andhra Pradesh
ORD01518,CUST0018,2025-09-08 17:00:00,Delivered,Debit Card,Delhi
ORD01519,CUST0300,2025-08-06 14:00:00,Delivered,UPI,Kerala
ORD01520,CUST0110,2025-04-29 11:00:00,Shipped,Net Banking,Maharashtra
ORD01521,CUST0208,2025-12-11 07:00:00,Delivered,Debit Card,Maharashtra
ORD01522,CUST0006,2025-12-07 01:00:00,Processing,Debit Card,Karnataka
ORD01523,CUST0093,2025-12-09 13:00:00,Delivered,Debit Card,Maharashtra
ORD01524,CUST0194,2025-02-12 03:00:00,Delivered,Net Banking,Kerala
ORD01525,CUST0163,2025-05-24 09:00:00,Processing,UPI,Andhra Pradesh
ORD01526,CUST0277,2025-02-21 22:00:00,Delivered,Credit Card,Kerala
ORD01527,CUST0015,2025-02-08 08:00:00,Delivered,UPI,Karnataka
ORD01528,CUST0203,2025-05-30 14:00:00,Processing,UPI,Kerala
ORD01529,CUST0053,2025-09-14 12:00:00,Shipped,UPI,Kerala
ORD01530,CUST0011,2025-07-18 08:00:00,Shipped,Credit Card,Tamil Nadu
ORD01531,CUST0294,2025-02-21 06:00:00,Delivered,Credit Card,Delhi
ORD01532,CUST0071,2025-06-24 05:00:00,Delivered,UPI,Kerala
ORD01533,CUST0102,2025-07-08 17:00:00,Delivered,Credit Card,Telangana
ORD01534,CUST0063,2025-01-14 05:00:00,Delivered,UPI,Kerala
ORD01535,CUST0233,2025-02-21 15:00:00,Processing,UPI,Tamil Nadu
ORD01536,CUST0003,2025-06-18 02:00:00,Cancelled,UPI,Gujarat
ORD01537,CUST0005,2025-07-18 08:00:00,Delivered,Credit Card,Gujarat
ORD01538,CUST0232,2025-06-20 15:00:00,Processing,UPI,Gujarat
ORD01539,CUST0060,2025-10-05 02:00:00,Returned,Credit Card,Maharashtra
ORD01540,CUST0054,2025-02-25 01:00:00,Delivered,Cash on Delivery,Telangana
ORD01541,CUST0086,2025-07-18 21:00:00,Delivered,UPI,Telangana
ORD01542,CUST0209,2025-02-04 06:00:00,Delivered,Cash on Delivery,Andhra Pradesh
ORD01543,CUST0290,2025-07-28 04:00:00,Delivered,Credit Card,Maharashtra
ORD01544,CUST0277,2025-12-01 05:00:00,Delivered,UPI,Kerala
ORD01545,CUST0205,2025-11-10 11:00:00,Delivered,UPI,Gujarat
ORD01546,CUST0130,2025-09-29 17:00:00,Delivered,Credit Card,Tamil Nadu
ORD01547,CUST0160,2025-03-15 16:00:00,Shipped,Credit Card,Delhi
ORD01548,CUST0282,2025-09-29 20:00:00,Cancelled,Credit Card,Maharashtra
ORD01549,CUST0167,2025-10-14 12:00:00,Cancelled,Cash on Delivery,Andhra Pradesh
ORD01550,CUST0291,2025-07-05 13:00:00,Delivered,Net Banking,Kerala
ORD01551,CUST0003,2025-01-10 10:00:00,Delivered,UPI,Gujarat
ORD01552,CUST0185,2025-06-02 11:00:00,Cancelled,UPI,Telangana
ORD01553,CUST0051,2025-07-02 05:00:00,Delivered,Debit Card,Karnataka
ORD01554,CUST0104,2025-01-07 18:00:00,Cancelled,Credit Card,Gujarat
ORD01555,CUST0236,2025-01-04 03:00:00,Delivered,Debit Card,Telangana
ORD01556,CUST0181,2025-03-06 07:00:00,Delivered,UPI,Kerala
ORD01557,CUST0040,2025-08-08 06:00:00,Shipped,Debit Card,Andhra Pradesh
ORD01558,CUST0159,2025-04-04 09:00:00,Delivered,Credit Card,Telangana
ORD01559,CUST0241,2025-08-19 07:00:00,Delivered,Debit Card,Andhra Pradesh
ORD01560,CUST0237,2025-09-23 15:00:00,Delivered,Cash on Delivery,Tamil Nadu
ORD01561,CUST0293,2025-01-25 07:00:00,Delivered,Credit Card,Andhra Pradesh
ORD01562,CUST0215,2025-12-24 11:00:00,Delivered,Credit Card,Telangana
ORD01563,CUST0052,2025-12-14 10:00:00,Delivered,UPI,Kerala
ORD01564,CUST0169,2025-08-04 18:00:00,Cancelled,UPI,Maharashtra
ORD01565,CUST0157,2025-03-25 05:00:00,Delivered,Debit Card,Maharashtra
ORD01566,CUST0239,2025-05-01 12:00:00,Delivered,UPI,Andhra Pradesh
ORD01567,CUST0155,2025-03-16 14:00:00,Delivered,UPI,Maharashtra
ORD01568,CUST0222,2025-08-15 11:00:00,Shipped,UPI,Delhi
ORD01569,CUST0094,2025-12-19 11:00:00,Delivered,Credit Card,Maharashtra
ORD01570,CUST0175,2025-05-08 20:00:00,Processing,Debit Card,Gujarat
ORD01571,CUST0250,2025-12-29 02:00:00,Delivered,Credit Card,Delhi
ORD01572,CUST0175,2025-07-21 09:00:00,Delivered,Debit Card,Gujarat
ORD01573,CUST0177,2025-01-11 11:00:00,Delivered,UPI,Maharashtra
ORD01574,CUST0161,2025-07-03 15:00:00,Cancelled,Cash on Delivery,Andhra Pradesh
ORD01575,CUST0222,2025-05-02 10:00:00,Delivered,Cash on Delivery,Delhi
ORD01576,CUST0229,2025-08-24 02:00:00,Delivered,Debit Card,Tamil Nadu
ORD01577,CUST0026,2025-04-21 19:00:00,Delivered,Net Banking,Delhi
ORD01578,CUST0268,2025-02-28 13:00:00,Cancelled,Credit Card,Telangana
ORD01579,CUST0205,2025-10-13 17:00:00,Delivered,Credit Card,Gujarat
ORD01580,CUST0230,2025-03-21 20:00:00,Delivered,UPI,Delhi
ORD01581,CUST0267,2025-11-03 18:00:00,Delivered,Credit Card,Andhra Pradesh
ORD01582,CUST0195,2025-09-27 16:00:00,Delivered,Credit Card,Karnataka
ORD01583,CUST0206,2025-04-17 09:00:00,Delivered,Net Banking,Gujarat
ORD01584,CUST0254,2025-12-19 17:00:00,Delivered,Debit Card,Maharashtra
ORD01585,CUST0149,2025-06-22 10:00:00,Delivered,UPI,Andhra Pradesh
ORD01586,CUST0206,2025-11-20 14:00:00,Delivered,Credit Card,Gujarat
ORD01587,CUST0016,2025-10-25 02:00:00,Delivered,UPI,Tamil Nadu
ORD01588,CUST0161,2025-05-19 13:00:00,Delivered,UPI,Andhra Pradesh
ORD01589,CUST0147,2025-01-20 11:00:00,Delivered,Credit Card,Gujarat
ORD01590,CUST0093,2025-04-22 18:00:00,Delivered,Credit Card,Maharashtra
ORD01591,CUST0283,2025-05-25 09:00:00,Delivered,UPI,Telangana
ORD01592,CUST0195,2025-12-14 12:00:00,Delivered,Net Banking,Karnataka
ORD01593,CUST0298,2025-11-12 04:00:00,Delivered,Net Banking,Kerala
ORD01594,CUST0149,2025-02-02 01:00:00,Delivered,UPI,Andhra Pradesh
ORD01595,CUST0228,2025-10-28 21:00:00,Delivered,UPI,Delhi
ORD01596,CUST0235,2025-09-27 06:00:00,Delivered,UPI,Maharashtra
ORD01597,CUST0110,2025-08-19 08:00:00,Delivered,Debit Card,Maharashtra
ORD01598,CUST0231,2025-06-29 07:00:00,Cancelled,Debit Card,Andhra Pradesh
ORD01599,CUST0209,2025-02-18 05:00:00,Delivered,Credit Card,Andhra Pradesh
ORD01600,CUST0194,2025-11-22 20:00:00,Delivered,Credit Card,Kerala
ORD01601,CUST0234,2025-08-28 00:00:00,Delivered,Credit Card,Tamil Nadu
ORD01602,CUST0038,2025-08-15 03:00:00,Delivered,Net Banking,Tamil Nadu
ORD01603,CUST0246,2025-12-15 00:00:00,Shipped,Debit Card,Tamil Nadu
ORD01604,CUST0156,2025-08-07 22:00:00,Processing,UPI,Delhi
ORD01605,CUST0048,2025-05-14 22:00:00,Delivered,Cash on Delivery,Kerala
ORD01606,CUST0245,2025-04-28 10:00:00,Delivered,UPI,Tamil Nadu
ORD01607,CUST0190,2025-05-15 12:00:00,Delivered,UPI,Karnataka
ORD01608,CUST0051,2025-10-04 12:00:00,Delivered,Debit Card,Karnataka
ORD01609,CUST0025,2025-12-08 02:00:00,Shipped,Net Banking,Telangana
ORD01610,CUST0045,2025-04-29 00:00:00,Delivered,Debit Card,Andhra Pradesh
ORD01611,CUST0208,2025-09-02 04:00:00,Delivered,Cash on Delivery,Maharashtra
ORD01612,CUST0186,2025-06-12 23:00:00,Delivered,Debit Card,Telangana
ORD01613,CUST0063,2025-09-04 12:00:00,Delivered,Debit Card,Kerala
ORD01614,CUST0163,2025-11-17 19:00:00,Delivered,Credit Card,Andhra Pradesh
ORD01615,CUST0072,2025-10-01 04:00:00,Processing,Debit Card,Gujarat
ORD01616,CUST0291,2025-06-14 05:00:00,Cancelled,UPI,Kerala
ORD01617,CUST0220,2025-12-27 23:00:00,Delivered,Credit Card,Gujarat
ORD01618,CUST0199,2025-12-24 05:00:00,Shipped,Credit Card,Tamil Nadu
ORD01619,CUST0060,2025-07-31 05:00:00,Processing,Cash on Delivery,Maharashtra
ORD01620,CUST0291,2025-09-08 14:00:00,Shipped,Debit Card,Kerala
ORD01621,CUST0033,2025-09-03 21:00:00,Delivered,Credit Card,Karnataka
ORD01622,CUST0054,2025-02-22 05:00:00,Delivered,Credit Card,Telangana
ORD01623,CUST0296,2025-03-27 20:00:00,Delivered,Debit Card,Tamil Nadu
ORD01624,CUST0219,2025-06-30 09:00:00,Delivered,UPI,Delhi
ORD01625,CUST0083,2025-09-08 19:00:00,Delivered,Net Banking,Maharashtra
ORD01626,CUST0042,2025-01-17 16:00:00,Delivered,UPI,Kerala
ORD01627,CUST0067,2025-05-04 10:00:00,Delivered,Debit Card,Telangana
ORD01628,CUST0059,2025-08-11 18:00:00,Delivered,Cash on Delivery,Gujarat
ORD01629,CUST0005,2025-05-08 06:00:00,Shipped,UPI,Gujarat
ORD01630,CUST0283,2025-01-15 03:00:00,Delivered,Debit Card,Telangana
ORD01631,CUST0010,2025-12-01 19:00:00,Cancelled,Credit Card,Delhi
ORD01632,CUST0025,2025-06-16 16:00:00,Shipped,UPI,Telangana
ORD01633,CUST0090,2025-06-24 23:00:00,Processing,UPI,Gujarat
ORD01634,CUST0228,2025-05-22 17:00:00,Delivered,Cash on Delivery,Delhi
ORD01635,CUST0187,2025-11-02 05:00:00,Delivered,Debit Card,Kerala
ORD01636,CUST0281,2025-04-25 00:00:00,Delivered,Net Banking,Delhi
ORD01637,CUST0104,2025-07-14 22:00:00,Delivered,Net Banking,Gujarat
ORD01638,CUST0127,2025-10-20 19:00:00,Delivered,Credit Card,Delhi
ORD01639,CUST0181,2025-03-16 16:00:00,Delivered,Debit Card,Kerala
ORD01640,CUST0292,2025-01-05 20:00:00,Delivered,UPI,Andhra Pradesh
ORD01641,CUST0057,2025-01-23 14:00:00,Delivered,Cash on Delivery,Andhra Pradesh
ORD01642,CUST0056,2025-12-19 12:00:00,Delivered,Net Banking,Telangana
ORD01643,CUST0237,2025-11-07 22:00:00,Shipped,Cash on Delivery,Tamil Nadu
ORD01644,CUST0020,2025-09-08 22:00:00,Delivered,Cash on Delivery,Maharashtra
ORD01645,CUST0162,2025-12-03 00:00:00,Delivered,UPI,Telangana
ORD01646,CUST0298,2025-10-28 19:00:00,Delivered,Cash on Delivery,Kerala
ORD01647,CUST0231,2025-03-21 08:00:00,Delivered,UPI,Andhra Pradesh
ORD01648,CUST0161,2025-07-08 11:00:00,Delivered,Cash on Delivery,Andhra Pradesh
ORD01649,CUST0215,2025-06-16 00:00:00,Delivered,Credit Card,Telangana
ORD01650,CUST0128,2025-12-10 00:00:00,Cancelled,Credit Card,Telangana
ORD01651,CUST0099,2025-10-23 23:00:00,Delivered,UPI,Kerala
ORD01652,CUST0218,2025-10-16 00:00:00,Delivered,Debit Card,Gujarat
ORD01653,CUST0013,2025-02-04 10:00:00,Delivered,UPI,Delhi
ORD01654,CUST0038,2025-10-10 20:00:00,Delivered,UPI,Tamil Nadu
ORD01655,CUST0115,2025-01-13 15:00:00,Delivered,UPI,Delhi
ORD01656,CUST0228,2025-03-27 17:00:00,Cancelled,UPI,Delhi
ORD01657,CUST0216,2025-10-23 17:00:00,Delivered,UPI,Andhra Pradesh
ORD01658,CUST0214,2025-12-21 00:00:00,Delivered,Cash on Delivery,Kerala
ORD01659,CUST0241,2025-09-11 17:00:00,Processing,UPI,Andhra Pradesh
ORD01660,CUST0280,2025-06-06 04:00:00,Delivered,UPI,Kerala
ORD01661,CUST0101,2025-09-10 02:00:00,Delivered,Cash on Delivery,Maharashtra
ORD01662,CUST0206,2025-07-13 09:00:00,Returned,Cash on Delivery,Gujarat
ORD01663,CUST0135,2025-03-10 17:00:00,Delivered,UPI,Telangana
ORD01664,CUST0205,2025-09-06 03:00:00,Delivered,UPI,Gujarat
ORD01665,CUST0195,2025-08-20 22:00:00,Delivered,Cash on Delivery,Karnataka
ORD01666,CUST0255,2025-10-12 23:00:00,Delivered,Debit Card,Kerala
ORD01667,CUST0042,2025-01-07 21:00:00,Delivered,Cash on Delivery,Kerala
ORD01668,CUST0178,2025-03-19 12:00:00,Delivered,Debit Card,Telangana
ORD01669,CUST0188,2025-02-17 06:00:00,Delivered,Cash on Delivery,Maharashtra
ORD01670,CUST0272,2025-06-13 10:00:00,Delivered,UPI,Telangana
ORD01671,CUST0018,2025-09-21 01:00:00,Delivered,Net Banking,Delhi
ORD01672,CUST0094,2025-05-13 11:00:00,Shipped,UPI,Maharashtra
ORD01673,CUST0284,2025-12-09 23:00:00,Delivered,UPI,Maharashtra
ORD01674,CUST0102,2025-11-30 08:00:00,Delivered,Net Banking,Telangana
ORD01675,CUST0265,2025-09-05 17:00:00,Processing,Debit Card,Gujarat
ORD01676,CUST0090,2025-10-26 07:00:00,Cancelled,Cash on Delivery,Gujarat
ORD01677,CUST0025,2025-05-19 11:00:00,Shipped,Debit Card,Telangana
ORD01678,CUST0170,2025-05-31 08:00:00,Delivered,UPI,Kerala
ORD01679,CUST0298,2025-12-21 06:00:00,Delivered,Cash on Delivery,Kerala
ORD01680,CUST0128,2025-09-22 19:00:00,Delivered,UPI,Telangana
ORD01681,CUST0015,2025-12-03 13:00:00,Delivered,UPI,Karnataka
ORD01682,CUST0226,2025-12-12 05:00:00,Shipped,Cash on Delivery,Gujarat
ORD01683,CUST0286,2025-09-07 17:00:00,Delivered,UPI,Tamil Nadu
ORD01684,CUST0041,2025-09-25 00:00:00,Delivered,Net Banking,Tamil Nadu
ORD01685,CUST0140,2025-07-19 18:00:00,Processing,Debit Card,Kerala
ORD01686,CUST0041,2025-12-09 07:00:00,Shipped,UPI,Tamil Nadu
ORD01687,CUST0107,2025-08-10 12:00:00,Delivered,Cash on Delivery,Karnataka
ORD01688,CUST0096,2025-08-30 04:00:00,Delivered,Debit Card,Maharashtra
ORD01689,CUST0137,2025-11-23 20:00:00,Delivered,Cash on Delivery,Kerala
ORD01690,CUST0237,2025-04-23 23:00:00,Delivered,Net Banking,Tamil Nadu
ORD01691,CUST0170,2025-06-25 10:00:00,Delivered,Credit Card,Kerala
ORD01692,CUST0036,2025-07-04 18:00:00,Delivered,Net Banking,Delhi
ORD01693,CUST0136,2025-12-10 13:00:00,Delivered,UPI,Andhra Pradesh
ORD01694,CUST0083,2025-05-03 21:00:00,Delivered,Cash on Delivery,Maharashtra
ORD01695,CUST0066,2025-01-25 07:00:00,Shipped,UPI,Maharashtra
ORD01696,CUST0281,2025-02-08 01:00:00,Delivered,UPI,Delhi
ORD01697,CUST0188,2025-11-08 13:00:00,Delivered,Credit Card,Maharashtra
ORD01698,CUST0014,2025-06-25 10:00:00,Processing,UPI,Andhra Pradesh
ORD01699,CUST0039,2025-10-14 07:00:00,Delivered,Cash on Delivery,Telangana
ORD01700,CUST0257,2025-03-25 02:00:00,Delivered,UPI,Karnataka
ORD01701,CUST0021,2025-12-07 04:00:00,Delivered,Credit Card,Delhi
ORD01702,CUST0089,2025-02-16 05:00:00,Delivered,UPI,Gujarat
ORD01703,CUST0012,2025-10-22 08:00:00,Delivered,Net Banking,Gujarat
ORD01704,CUST0145,2025-09-02 19:00:00,Processing,UPI,Maharashtra
ORD01705,CUST0059,2025-04-15 09:00:00,Delivered,Debit Card,Gujarat
ORD01706,CUST0066,2025-03-01 03:00:00,Delivered,Net Banking,Maharashtra
ORD01707,CUST0036,2025-10-24 12:00:00,Delivered,UPI,Delhi
ORD01708,CUST0288,2025-12-23 06:00:00,Delivered,Cash on Delivery,Telangana
ORD01709,CUST0044,2025-01-06 20:00:00,Delivered,Credit Card,Gujarat
ORD01710,CUST0082,2025-01-12 07:00:00,Delivered,Net Banking,Telangana
ORD01711,CUST0254,2025-08-21 11:00:00,Delivered,UPI,Maharashtra
ORD01712,CUST0258,2025-02-09 02:00:00,Delivered,Net Banking,Delhi
ORD01713,CUST0012,2025-01-07 11:00:00,Delivered,UPI,Gujarat
ORD01714,CUST0014,2025-10-24 15:00:00,Processing,UPI,Andhra Pradesh
ORD01715,CUST0151,2025-05-27 22:00:00,Delivered,Credit Card,Delhi
ORD01716,CUST0073,2025-12-18 11:00:00,Delivered,Credit Card,Maharashtra
ORD01717,CUST0266,2025-03-26 07:00:00,Delivered,Credit Card,Telangana
ORD01718,CUST0121,2025-07-30 08:00:00,Delivered,Credit Card,Kerala
ORD01719,CUST0295,2025-08-15 15:00:00,Delivered,UPI,Tamil Nadu
ORD01720,CUST0110,2025-12-26 12:00:00,Processing,UPI,Maharashtra
ORD01721,CUST0171,2025-06-24 10:00:00,Delivered,UPI,Tamil Nadu
ORD01722,CUST0182,2025-12-12 13:00:00,Shipped,UPI,Andhra Pradesh
ORD01723,CUST0113,2025-09-25 12:00:00,Shipped,Credit Card,Andhra Pradesh
ORD01724,CUST0298,2025-06-16 21:00:00,Delivered,UPI,Kerala
ORD01725,CUST0133,2025-01-10 07:00:00,Delivered,Credit Card,Tamil Nadu
ORD01726,CUST0172,2025-12-30 03:00:00,Delivered,UPI,Karnataka
ORD01727,CUST0244,2025-12-23 22:00:00,Cancelled,Net Banking,Telangana
ORD01728,CUST0035,2025-11-28 14:00:00,Delivered,UPI,Tamil Nadu
ORD01729,CUST0264,2025-11-07 15:00:00,Delivered,Debit Card,Kerala
ORD01730,CUST0230,2025-07-27 02:00:00,Delivered,UPI,Delhi
ORD01731,CUST0278,2025-04-14 20:00:00,Delivered,UPI,Andhra Pradesh
ORD01732,CUST0194,2025-05-21 20:00:00,Delivered,Debit Card,Kerala
ORD01733,CUST0240,2025-01-20 21:00:00,Processing,Net Banking,Delhi
ORD01734,CUST0235,2025-07-05 09:00:00,Delivered,Net Banking,Maharashtra
ORD01735,CUST0150,2025-10-14 21:00:00,Shipped,Debit Card,Delhi
ORD01736,CUST0081,2025-02-14 20:00:00,Delivered,Credit Card,Tamil Nadu
ORD01737,CUST0033,2025-07-29 09:00:00,Delivered,Net Banking,Karnataka
ORD01738,CUST0223,2025-10-24 07:00:00,Delivered,Credit Card,Karnataka
ORD01739,CUST0031,2025-09-01 09:00:00,Delivered,UPI,Delhi
ORD01740,CUST0139,2025-09-13 15:00:00,Delivered,UPI,Maharashtra
ORD01741,CUST0030,2025-04-21 04:00:00,Shipped,Credit Card,Telangana
ORD01742,CUST0237,2025-05-13 01:00:00,Delivered,UPI,Tamil Nadu
ORD01743,CUST0295,2025-10-31 00:00:00,Delivered,Net Banking,Tamil Nadu
ORD01744,CUST0119,2025-08-27 04:00:00,Processing,Net Banking,Tamil Nadu
ORD01745,CUST0004,2025-10-06 22:00:00,Delivered,UPI,Telangana
ORD01746,CUST0281,2025-11-17 00:00:00,Delivered,UPI,Delhi
ORD01747,CUST0198,2025-06-01 11:00:00,Shipped,Credit Card,Delhi
ORD01748,CUST0102,2025-11-28 19:00:00,Delivered,Credit Card,Telangana
ORD01749,CUST0266,2025-04-22 21:00:00,Delivered,Debit Card,Telangana
ORD01750,CUST0042,2025-12-15 21:00:00,Delivered,UPI,Kerala
ORD01751,CUST0242,2025-02-17 09:00:00,Shipped,Debit Card,Telangana
ORD01752,CUST0241,2025-07-15 05:00:00,Delivered,Credit Card,Andhra Pradesh
ORD01753,CUST0004,2025-04-13 17:00:00,Delivered,Credit Card,Telangana
ORD01754,CUST0009,2025-12-06 04:00:00,Delivered,Cash on Delivery,Andhra Pradesh
ORD01755,CUST0105,2025-12-27 05:00:00,Delivered,Debit Card,Telangana
ORD01756,CUST0298,2025-03-05 01:00:00,Delivered,UPI,Kerala
ORD01757,CUST0286,2025-10-20 20:00:00,Delivered,Debit Card,Tamil Nadu
ORD01758,CUST0254,2025-02-19 13:00:00,Delivered,Cash on Delivery,Maharashtra
ORD01759,CUST0154,2025-05-11 15:00:00,Shipped,Debit Card,Tamil Nadu
ORD01760,CUST0016,2025-12-04 10:00:00,Delivered,Credit Card,Tamil Nadu
ORD01761,CUST0122,2025-08-16 08:00:00,Delivered,UPI,Gujarat
ORD01762,CUST0202,2025-11-08 20:00:00,Delivered,Cash on Delivery,Delhi
ORD01763,CUST0280,2025-01-24 06:00:00,Delivered,UPI,Kerala
ORD01764,CUST0063,2025-12-03 23:00:00,Processing,Credit Card,Kerala
ORD01765,CUST0210,2025-12-30 16:00:00,Delivered,Debit Card,Telangana
ORD01766,CUST0174,2025-09-04 06:00:00,Shipped,UPI,Kerala
ORD01767,CUST0291,2025-10-24 03:00:00,Delivered,Credit Card,Kerala
ORD01768,CUST0273,2025-08-13 02:00:00,Delivered,Net Banking,Karnataka
ORD01769,CUST0188,2025-01-09 15:00:00,Processing,Debit Card,Maharashtra
ORD01770,CUST0289,2025-05-16 01:00:00,Delivered,Cash on Delivery,Gujarat
ORD01771,CUST0277,2025-01-04 12:00:00,Delivered,UPI,Kerala
ORD01772,CUST0278,2025-02-11 03:00:00,Delivered,UPI,Andhra Pradesh
ORD01773,CUST0254,2025-10-25 23:00:00,Processing,UPI,Maharashtra
ORD01774,CUST0054,2025-01-11 18:00:00,Delivered,Debit Card,Telangana
ORD01775,CUST0217,2025-01-04 16:00:00,Delivered,Net Banking,Gujarat
ORD01776,CUST0135,2025-05-24 18:00:00,Processing,UPI,Telangana
ORD01777,CUST0204,2025-08-10 19:00:00,Delivered,Debit Card,Karnataka
ORD01778,CUST0092,2025-06-11 06:00:00,Delivered,Debit Card,Delhi
ORD01779,CUST0254,2025-03-13 16:00:00,Returned,Credit Card,Maharashtra
ORD01780,CUST0199,2025-03-08 19:00:00,Shipped,Cash on Delivery,Tamil Nadu
ORD01781,CUST0248,2025-11-30 01:00:00,Delivered,Credit Card,Maharashtra
ORD01782,CUST0106,2025-02-14 22:00:00,Cancelled,Credit Card,Kerala
ORD01783,CUST0005,2025-11-17 11:00:00,Processing,Cash on Delivery,Gujarat
ORD01784,CUST0004,2025-11-06 02:00:00,Processing,Cash on Delivery,Telangana
ORD01785,CUST0279,2025-03-19 22:00:00,Processing,UPI,Andhra Pradesh
ORD01786,CUST0177,2025-08-26 16:00:00,Shipped,Net Banking,Maharashtra
ORD01787,CUST0154,2025-09-15 16:00:00,Cancelled,UPI,Tamil Nadu
ORD01788,CUST0135,2025-08-14 12:00:00,Delivered,Credit Card,Telangana
ORD01789,CUST0029,2025-11-17 15:00:00,Delivered,UPI,Tamil Nadu
ORD01790,CUST0247,2025-06-01 22:00:00,Processing,UPI,Telangana
ORD01791,CUST0157,2025-06-30 22:00:00,Delivered,UPI,Maharashtra
ORD01792,CUST0142,2025-10-25 14:00:00,Delivered,Credit Card,Kerala
ORD01793,CUST0183,2025-10-10 22:00:00,Delivered,UPI,Gujarat
ORD01794,CUST0079,2025-09-13 19:00:00,Delivered,Credit Card,Karnataka
ORD01795,CUST0118,2025-11-05 10:00:00,Delivered,UPI,Gujarat
ORD01796,CUST0269,2025-04-22 12:00:00,Delivered,UPI,Tamil Nadu
ORD01797,CUST0080,2025-03-03 05:00:00,Shipped,Debit Card,Telangana
ORD01798,CUST0134,2025-12-29 06:00:00,Delivered,UPI,Andhra Pradesh
ORD01799,CUST0206,2025-07-25 21:00:00,Cancelled,UPI,Gujarat
ORD01800,CUST0297,2025-10-15 02:00:00,Delivered,Credit Card,Karnataka
ORD01801,CUST0193,2025-05-10 20:00:00,Cancelled,UPI,Maharashtra
ORD01802,CUST0107,2025-07-29 06:00:00,Processing,Credit Card,Karnataka
ORD01803,CUST0107,2025-06-08 02:00:00,Delivered,Cash on Delivery,Karnataka
ORD01804,CUST0099,2025-04-13 19:00:00,Delivered,Debit Card,Kerala
ORD01805,CUST0145,2025-04-04 23:00:00,Delivered,Cash on Delivery,Maharashtra
ORD01806,CUST0129,2025-08-24 22:00:00,Delivered,UPI,Karnataka
ORD01807,CUST0300,2025-12-12 12:00:00,Delivered,Net Banking,Kerala
ORD01808,CUST0137,2025-07-05 19:00:00,Returned,UPI,Kerala
ORD01809,CUST0050,2025-08-27 21:00:00,Delivered,Debit Card,Gujarat
ORD01810,CUST0269,2025-06-25 21:00:00,Delivered,UPI,Tamil Nadu
ORD01811,CUST0141,2025-05-20 15:00:00,Delivered,Credit Card,Delhi
ORD01812,CUST0136,2025-06-21 16:00:00,Delivered,Debit Card,Andhra Pradesh
ORD01813,CUST0123,2025-05-21 14:00:00,Processing,Net Banking,Gujarat
ORD01814,CUST0133,2025-06-20 00:00:00,Delivered,Net Banking,Tamil Nadu
ORD01815,CUST0097,2025-04-06 23:00:00,Delivered,UPI,Maharashtra
ORD01816,CUST0045,2025-06-30 00:00:00,Delivered,Credit Card,Andhra Pradesh
ORD01817,CUST0202,2025-08-10 23:00:00,Delivered,UPI,Delhi
ORD01818,CUST0146,2025-02-05 01:00:00,Processing,UPI,Telangana
ORD01819,CUST0135,2025-10-31 14:00:00,Delivered,Debit Card,Telangana
ORD01820,CUST0191,2025-05-19 22:00:00,Cancelled,Credit Card,Andhra Pradesh
ORD01821,CUST0241,2025-06-21 13:00:00,Delivered,UPI,Andhra Pradesh
ORD01822,CUST0267,2025-06-02 21:00:00,Delivered,Debit Card,Andhra Pradesh
ORD01823,CUST0271,2025-04-15 17:00:00,Delivered,UPI,Tamil Nadu
ORD01824,CUST0004,2025-05-30 08:00:00,Delivered,Credit Card,Telangana
ORD01825,CUST0126,2025-02-12 13:00:00,Delivered,Credit Card,Andhra Pradesh
ORD01826,CUST0111,2025-01-13 06:00:00,Returned,Cash on Delivery,Kerala
ORD01827,CUST0082,2025-04-16 20:00:00,Delivered,UPI,Telangana
ORD01828,CUST0184,2025-07-24 11:00:00,Delivered,UPI,Maharashtra
ORD01829,CUST0238,2025-04-17 05:00:00,Delivered,UPI,Gujarat
ORD01830,CUST0072,2025-12-25 01:00:00,Delivered,Debit Card,Gujarat
ORD01831,CUST0029,2025-06-27 09:00:00,Delivered,Debit Card,Tamil Nadu
ORD01832,CUST0139,2025-06-18 20:00:00,Delivered,UPI,Maharashtra
ORD01833,CUST0224,2025-05-21 04:00:00,Delivered,Net Banking,Telangana
ORD01834,CUST0022,2025-05-05 01:00:00,Cancelled,UPI,Kerala
ORD01835,CUST0016,2025-09-19 18:00:00,Delivered,UPI,Tamil Nadu
ORD01836,CUST0189,2025-06-20 16:00:00,Delivered,Net Banking,Telangana
ORD01837,CUST0065,2025-04-22 16:00:00,Delivered,Net Banking,Tamil Nadu
ORD01838,CUST0292,2025-12-19 23:00:00,Delivered,Cash on Delivery,Andhra Pradesh
ORD01839,CUST0231,2025-08-09 14:00:00,Delivered,Debit Card,Andhra Pradesh
ORD01840,CUST0058,2025-12-22 20:00:00,Delivered,UPI,Tamil Nadu
ORD01841,CUST0187,2025-08-11 05:00:00,Cancelled,Credit Card,Kerala
ORD01842,CUST0103,2025-02-10 15:00:00,Delivered,Cash on Delivery,Kerala
ORD01843,CUST0125,2025-02-05 21:00:00,Delivered,UPI,Delhi
ORD01844,CUST0122,2025-12-29 06:00:00,Cancelled,Credit Card,Gujarat
ORD01845,CUST0033,2025-10-14 17:00:00,Delivered,Credit Card,Karnataka
ORD01846,CUST0208,2025-08-11 09:00:00,Delivered,UPI,Maharashtra
ORD01847,CUST0223,2025-07-28 07:00:00,Delivered,Net Banking,Karnataka
ORD01848,CUST0046,2025-06-06 08:00:00,Delivered,Debit Card,Tamil Nadu
ORD01849,CUST0006,2025-03-20 20:00:00,Delivered,Net Banking,Karnataka
ORD01850,CUST0296,2025-03-16 07:00:00,Delivered,Debit Card,Tamil Nadu
ORD01851,CUST0139,2025-01-28 12:00:00,Delivered,UPI,Maharashtra
ORD01852,CUST0168,2025-10-27 12:00:00,Delivered,Cash on Delivery,Karnataka
ORD01853,CUST0246,2025-11-30 13:00:00,Delivered,UPI,Tamil Nadu
ORD01854,CUST0130,2025-04-01 01:00:00,Delivered,UPI,Tamil Nadu
ORD01855,CUST0293,2025-09-28 11:00:00,Delivered,Debit Card,Andhra Pradesh
ORD01856,CUST0096,2025-04-06 22:00:00,Delivered,Net Banking,Maharashtra
ORD01857,CUST0066,2025-04-17 06:00:00,Delivered,UPI,Maharashtra
ORD01858,CUST0058,2025-05-29 06:00:00,Delivered,Cash on Delivery,Tamil Nadu
ORD01859,CUST0072,2025-02-25 12:00:00,Delivered,Credit Card,Gujarat
ORD01860,CUST0212,2025-07-02 10:00:00,Delivered,Credit Card,Karnataka
ORD01861,CUST0030,2025-03-15 14:00:00,Delivered,UPI,Telangana
ORD01862,CUST0187,2025-04-07 18:00:00,Shipped,Net Banking,Kerala
ORD01863,CUST0215,2025-06-19 15:00:00,Shipped,Cash on Delivery,Telangana
ORD01864,CUST0170,2025-02-26 18:00:00,Delivered,Debit Card,Kerala
ORD01865,CUST0104,2025-05-02 00:00:00,Delivered,Debit Card,Gujarat
ORD01866,CUST0135,2025-04-30 14:00:00,Processing,UPI,Telangana
ORD01867,CUST0283,2025-12-15 07:00:00,Processing,Cash on Delivery,Telangana
ORD01868,CUST0192,2025-01-19 11:00:00,Delivered,Credit Card,Andhra Pradesh
ORD01869,CUST0148,2025-11-26 15:00:00,Delivered,Debit Card,Kerala
ORD01870,CUST0240,2025-01-11 21:00:00,Delivered,Cash on Delivery,Delhi
ORD01871,CUST0231,2025-02-26 18:00:00,Delivered,UPI,Andhra Pradesh
ORD01872,CUST0014,2025-11-07 07:00:00,Delivered,UPI,Andhra Pradesh
ORD01873,CUST0087,2025-09-28 00:00:00,Delivered,Net Banking,Maharashtra
ORD01874,CUST0157,2025-08-11 00:00:00,Cancelled,Credit Card,Maharashtra
ORD01875,CUST0236,2025-05-25 23:00:00,Delivered,Debit Card,Telangana
ORD01876,CUST0186,2025-10-05 03:00:00,Delivered,Debit Card,Telangana
ORD01877,CUST0171,2025-12-02 17:00:00,Delivered,Credit Card,Tamil Nadu
ORD01878,CUST0131,2025-08-07 20:00:00,Delivered,UPI,Andhra Pradesh
ORD01879,CUST0126,2025-10-12 15:00:00,Delivered,UPI,Andhra Pradesh
ORD01880,CUST0282,2025-09-09 08:00:00,Delivered,UPI,Maharashtra
ORD01881,CUST0066,2025-03-12 18:00:00,Delivered,Credit Card,Maharashtra
ORD01882,CUST0162,2025-06-16 15:00:00,Delivered,Credit Card,Telangana
ORD01883,CUST0254,2025-06-30 01:00:00,Shipped,UPI,Maharashtra
ORD01884,CUST0231,2025-11-26 11:00:00,Returned,UPI,Andhra Pradesh
ORD01885,CUST0167,2025-01-09 12:00:00,Delivered,UPI,Andhra Pradesh
ORD01886,CUST0243,2025-05-14 19:00:00,Delivered,UPI,Andhra Pradesh
ORD01887,CUST0110,2025-03-21 20:00:00,Delivered,Credit Card,Maharashtra
ORD01888,CUST0154,2025-08-23 11:00:00,Delivered,Debit Card,Tamil Nadu
ORD01889,CUST0200,2025-11-15 22:00:00,Delivered,UPI,Delhi
ORD01890,CUST0133,2025-08-30 21:00:00,Delivered,Debit Card,Tamil Nadu
ORD01891,CUST0044,2025-04-01 00:00:00,Processing,UPI,Gujarat
ORD01892,CUST0139,2025-03-04 06:00:00,Delivered,UPI,Maharashtra
ORD01893,CUST0192,2025-08-31 17:00:00,Delivered,UPI,Andhra Pradesh
ORD01894,CUST0004,2025-02-13 06:00:00,Shipped,Cash on Delivery,Telangana
ORD01895,CUST0016,2025-02-25 14:00:00,Delivered,UPI,Tamil Nadu
ORD01896,CUST0168,2025-11-07 03:00:00,Processing,UPI,Karnataka
ORD01897,CUST0051,2025-04-08 01:00:00,Delivered,Cash on Delivery,Karnataka
ORD01898,CUST0076,2025-05-09 12:00:00,Delivered,Credit Card,Karnataka
ORD01899,CUST0130,2025-03-23 07:00:00,Delivered,Credit Card,Tamil Nadu
ORD01900,CUST0275,2025-09-10 20:00:00,Delivered,Cash on Delivery,Gujarat
ORD01901,CUST0010,2025-12-19 21:00:00,Shipped,Net Banking,Delhi
ORD01902,CUST0224,2025-12-08 17:00:00,Delivered,UPI,Telangana
ORD01903,CUST0141,2025-04-03 20:00:00,Processing,Credit Card,Delhi
ORD01904,CUST0240,2025-01-30 11:00:00,Delivered,Credit Card,Delhi
ORD01905,CUST0205,2025-04-12 11:00:00,Delivered,Credit Card,Gujarat
ORD01906,CUST0283,2025-05-24 23:00:00,Delivered,Debit Card,Telangana
ORD01907,CUST0035,2025-06-29 09:00:00,Delivered,Credit Card,Tamil Nadu
ORD01908,CUST0118,2025-07-25 11:00:00,Delivered,UPI,Gujarat
ORD01909,CUST0102,2025-12-14 05:00:00,Delivered,Net Banking,Telangana
ORD01910,CUST0227,2025-12-16 23:00:00,Delivered,UPI,Maharashtra
ORD01911,CUST0045,2025-06-06 19:00:00,Shipped,UPI,Andhra Pradesh
ORD01912,CUST0172,2025-10-25 08:00:00,Delivered,UPI,Karnataka
ORD01913,CUST0217,2025-02-02 13:00:00,Delivered,Credit Card,Gujarat
ORD01914,CUST0105,2025-06-07 09:00:00,Delivered,UPI,Telangana
ORD01915,CUST0076,2025-12-17 21:00:00,Delivered,UPI,Karnataka
ORD01916,CUST0299,2025-10-11 15:00:00,Delivered,Cash on Delivery,Delhi
ORD01917,CUST0275,2025-02-13 17:00:00,Returned,UPI,Gujarat
ORD01918,CUST0210,2025-09-19 02:00:00,Delivered,Net Banking,Telangana
ORD01919,CUST0127,2025-11-17 20:00:00,Shipped,Credit Card,Delhi
ORD01920,CUST0017,2025-07-05 08:00:00,Shipped,Debit Card,Telangana
ORD01921,CUST0005,2025-03-13 01:00:00,Delivered,Cash on Delivery,Gujarat
ORD01922,CUST0113,2025-12-11 10:00:00,Delivered,Cash on Delivery,Andhra Pradesh
ORD01923,CUST0085,2025-11-26 22:00:00,Processing,UPI,Delhi
ORD01924,CUST0254,2025-02-04 03:00:00,Shipped,UPI,Maharashtra
ORD01925,CUST0160,2025-10-10 13:00:00,Delivered,UPI,Delhi
ORD01926,CUST0147,2025-12-04 09:00:00,Delivered,Net Banking,Gujarat
ORD01927,CUST0031,2025-04-20 20:00:00,Shipped,UPI,Delhi
ORD01928,CUST0083,2025-05-26 14:00:00,Delivered,Net Banking,Maharashtra
ORD01929,CUST0030,2025-01-12 07:00:00,Delivered,Cash on Delivery,Telangana
ORD01930,CUST0170,2025-04-18 12:00:00,Delivered,UPI,Kerala
ORD01931,CUST0014,2025-11-24 04:00:00,Delivered,UPI,Andhra Pradesh
ORD01932,CUST0188,2025-04-13 17:00:00,Delivered,UPI,Maharashtra
ORD01933,CUST0212,2025-12-26 02:00:00,Delivered,Net Banking,Karnataka
ORD01934,CUST0139,2025-11-10 18:00:00,Shipped,Debit Card,Maharashtra
ORD01935,CUST0088,2025-09-18 16:00:00,Delivered,UPI,Delhi
ORD01936,CUST0185,2025-05-13 09:00:00,Processing,Credit Card,Telangana
ORD01937,CUST0025,2025-08-11 00:00:00,Delivered,Credit Card,Telangana
ORD01938,CUST0117,2025-10-15 11:00:00,Processing,Net Banking,Gujarat
ORD01939,CUST0102,2025-11-05 13:00:00,Delivered,Net Banking,Telangana
ORD01940,CUST0054,2025-12-28 15:00:00,Delivered,UPI,Telangana
ORD01941,CUST0153,2025-05-07 21:00:00,Delivered,Credit Card,Andhra Pradesh
ORD01942,CUST0234,2025-09-17 03:00:00,Delivered,Debit Card,Tamil Nadu
ORD01943,CUST0144,2025-01-13 05:00:00,Delivered,Cash on Delivery,Kerala
ORD01944,CUST0143,2025-07-19 10:00:00,Delivered,UPI,Gujarat
ORD01945,CUST0083,2025-01-20 15:00:00,Shipped,UPI,Maharashtra
ORD01946,CUST0094,2025-04-16 19:00:00,Delivered,Debit Card,Maharashtra
ORD01947,CUST0062,2025-01-22 00:00:00,Delivered,UPI,Kerala
ORD01948,CUST0176,2025-04-21 15:00:00,Delivered,Cash on Delivery,Andhra Pradesh
ORD01949,CUST0186,2025-01-27 15:00:00,Delivered,Net Banking,Telangana
ORD01950,CUST0082,2025-12-17 22:00:00,Delivered,Cash on Delivery,Telangana
ORD01951,CUST0288,2025-12-02 20:00:00,Delivered,Cash on Delivery,Telangana
ORD01952,CUST0121,2025-04-18 02:00:00,Shipped,Net Banking,Kerala
ORD01953,CUST0002,2025-11-06 09:00:00,Cancelled,Credit Card,Karnataka
ORD01954,CUST0156,2025-06-21 01:00:00,Delivered,Net Banking,Delhi
ORD01955,CUST0024,2025-12-16 22:00:00,Delivered,Credit Card,Gujarat
ORD01956,CUST0132,2025-01-18 14:00:00,Delivered,Debit Card,Telangana
ORD01957,CUST0259,2025-08-18 19:00:00,Delivered,Debit Card,Kerala
ORD01958,CUST0133,2025-05-07 14:00:00,Delivered,UPI,Tamil Nadu
ORD01959,CUST0222,2025-12-23 18:00:00,Delivered,UPI,Delhi
ORD01960,CUST0080,2025-05-08 00:00:00,Delivered,Net Banking,Telangana
ORD01961,CUST0011,2025-01-04 18:00:00,Delivered,Debit Card,Tamil Nadu
ORD01962,CUST0208,2025-06-23 20:00:00,Delivered,Debit Card,Maharashtra
ORD01963,CUST0051,2025-05-23 07:00:00,Delivered,Credit Card,Karnataka
ORD01964,CUST0196,2025-05-03 16:00:00,Processing,Credit Card,Maharashtra
ORD01965,CUST0224,2025-08-08 03:00:00,Delivered,UPI,Telangana
ORD01966,CUST0257,2025-08-29 05:00:00,Delivered,Debit Card,Karnataka
ORD01967,CUST0082,2025-03-04 10:00:00,Delivered,UPI,Telangana
ORD01968,CUST0137,2025-02-26 23:00:00,Cancelled,Debit Card,Kerala
ORD01969,CUST0190,2025-08-14 20:00:00,Delivered,Cash on Delivery,Karnataka
ORD01970,CUST0095,2025-02-06 15:00:00,Delivered,UPI,Gujarat
ORD01971,CUST0003,2025-08-09 02:00:00,Delivered,Credit Card,Gujarat
ORD01972,CUST0018,2025-02-01 12:00:00,Shipped,UPI,Delhi
ORD01973,CUST0135,2025-12-09 00:00:00,Delivered,UPI,Telangana
ORD01974,CUST0211,2025-11-08 14:00:00,Cancelled,Credit Card,Delhi
ORD01975,CUST0124,2025-06-18 11:00:00,Cancelled,Cash on Delivery,Maharashtra
ORD01976,CUST0276,2025-08-12 21:00:00,Delivered,Credit Card,Andhra Pradesh
ORD01977,CUST0222,2025-03-08 08:00:00,Processing,Cash on Delivery,Delhi
ORD01978,CUST0060,2025-09-06 18:00:00,Delivered,Credit Card,Maharashtra
ORD01979,CUST0005,2025-04-07 17:00:00,Cancelled,Credit Card,Gujarat
ORD01980,CUST0196,2025-03-29 09:00:00,Shipped,Debit Card,Maharashtra
ORD01981,CUST0019,2025-09-25 04:00:00,Delivered,Debit Card,Kerala
ORD01982,CUST0146,2025-02-03 21:00:00,Delivered,UPI,Telangana
ORD01983,CUST0109,2025-05-07 05:00:00,Delivered,Net Banking,Kerala
ORD01984,CUST0124,2025-03-08 15:00:00,Delivered,Debit Card,Maharashtra
ORD01985,CUST0055,2025-05-28 14:00:00,Cancelled,UPI,Kerala
ORD01986,CUST0072,2025-02-05 11:00:00,Delivered,Debit Card,Gujarat
ORD01987,CUST0259,2025-04-03 09:00:00,Shipped,Credit Card,Kerala
ORD01988,CUST0162,2025-08-25 21:00:00,Processing,Cash on Delivery,Telangana
ORD01989,CUST0201,2025-12-01 23:00:00,Delivered,Debit Card,Karnataka
ORD01990,CUST0081,2025-12-20 22:00:00,Delivered,UPI,Tamil Nadu
ORD01991,CUST0260,2025-08-17 17:00:00,Delivered,Credit Card,Andhra Pradesh
ORD01992,CUST0190,2025-10-10 13:00:00,Delivered,UPI,Karnataka
ORD01993,CUST0171,2025-03-03 14:00:00,Delivered,UPI,Tamil Nadu
ORD01994,CUST0007,2025-01-22 20:00:00,Processing,Cash on Delivery,Tamil Nadu
ORD01995,CUST0289,2025-03-23 05:00:00,Returned,UPI,Gujarat
ORD01996,CUST0212,2025-01-24 08:00:00,Delivered,UPI,Karnataka
ORD01997,CUST0063,2025-01-09 19:00:00,Shipped,Credit Card,Kerala
ORD01998,CUST0291,2025-07-21 04:00:00,Delivered,UPI,Kerala
ORD01999,CUST0256,2025-07-26 14:00:00,Delivered,UPI,Kerala
ORD02000,CUST0290,2025-11-21 09:00:00,Delivered,Credit Card,Maharashtra
