order_id,order_item_id,product_id,seller_id,quantity,selling_price,discount_percent,item_revenue,freight_value
ORD00001,1,PROD0066,SELL035,1,43922.73,5,43922.73,253.2
ORD00002,1,PROD0084,SELL038,1,40463.35,10,40463.35,304.26
ORD00003,1,PROD0041,SELL027,1,31391.62,10,31391.62,222.88
ORD00004,1,PROD0049,SELL021,3,29294.94,5,87884.82,280.57
ORD00005,1,PROD0099,SELL032,1,12717.61,0,12717.61,468.84
ORD00005,2,PROD0037,SELL018,1,44213.93,5,44213.93,285.3
ORD00005,3,PROD0091,SELL026,2,16046.77,20,32093.54,408.17
ORD00005,4,PROD0027,SELL019,1,38789.62,20,38789.62,67.14
ORD00006,1,PROD0076,SELL016,1,1675.05,10,1675.05,279.59
ORD00007,1,PROD0061,SELL031,2,21421.48,10,42842.96,165.01
ORD00008,1,PROD0023,SELL003,4,40147.29,5,160589.16,262.83
ORD00009,1,PROD0059,SELL035,1,1776.45,15,1776.45,93.07
ORD00010,1,PROD0073,SELL013,1,40503.58,15,40503.58,451.61
ORD00010,2,PROD0087,SELL028,1,39736.4,0,39736.4,344.55
ORD00011,1,PROD0093,SELL037,1,5836.51,10,5836.51,355.6
ORD00012,1,PROD0029,SELL015,3,17622.59,5,52867.77,243.84
ORD00013,1,PROD0068,SELL034,2,16230.27,0,32460.54,295.16
ORD00013,2,PROD0058,SELL004,2,26927.03,15,53854.06,125.01
ORD00014,1,PROD0008,SELL030,1,24083.74,5,24083.74,295.04
ORD00015,1,PROD0009,SELL035,4,42118.82,15,168475.28,62.44
ORD00016,1,PROD0085,SELL035,1,28453.78,15,28453.78,85.76
ORD00017,1,PROD0030,SELL016,1,38529.57,0,38529.57,118.59
ORD00018,1,PROD0009,SELL007,1,47073.97,5,47073.97,345.85
ORD00019,1,PROD0030,SELL037,1,34676.61,10,34676.61,180.71
ORD00019,2,PROD0094,SELL020,2,18740.16,20,37480.32,274.99
ORD00019,3,PROD0074,SELL027,1,39120.27,0,39120.27,475.8
ORD00019,4,PROD0041,SELL012,1,33135.6,5,33135.6,262.94
ORD00020,1,PROD0069,SELL031,1,15498.17,0,15498.17,433.04
ORD00021,1,PROD0058,SELL024,1,28510.97,10,28510.97,119.53
ORD00022,1,PROD0039,SELL013,3,11420.8,0,34262.4,499.8
ORD00022,2,PROD0002,SELL031,3,2772.25,10,8316.75,360.77
ORD00022,3,PROD0028,SELL026,3,11297.07,5,33891.21,394.49
ORD00023,1,PROD0041,SELL024,1,34879.58,0,34879.58,436.12
ORD00023,2,PROD0027,SELL010,1,46062.68,5,46062.68,304.49
ORD00024,1,PROD0063,SELL032,1,12458.28,10,12458.28,195.52
ORD00025,1,PROD0001,SELL027,1,22941.01,10,22941.01,61.94
ORD00026,1,PROD0093,SELL018,1,6485.01,0,6485.01,266.04
ORD00027,1,PROD0035,SELL006,1,43024.53,5,43024.53,295.55
ORD00027,2,PROD0051,SELL015,1,40529.56,15,40529.56,67.89
ORD00028,1,PROD0056,SELL022,1,5854.06,15,5854.06,74.82
ORD00029,1,PROD0085,SELL003,1,28453.78,15,28453.78,37.36
ORD00030,1,PROD0070,SELL022,1,31109.22,10,31109.22,401.53
ORD00031,1,PROD0077,SELL026,3,18757.67,0,56273.01,328.04
ORD00032,1,PROD0032,SELL005,1,43681.85,0,43681.85,364.49
ORD00033,1,PROD0014,SELL006,1,41510.88,5,41510.88,290.73
ORD00033,2,PROD0017,SELL027,1,15651.7,0,15651.7,290.48
ORD00034,1,PROD0032,SELL037,1,39313.67,10,39313.67,109.67
ORD00035,1,PROD0093,SELL039,1,6160.76,5,6160.76,93.68
ORD00035,2,PROD0081,SELL001,3,13273.39,0,39820.17,321.49
ORD00035,3,PROD0064,SELL022,1,35368.08,5,35368.08,417.06
ORD00036,1,PROD0063,SELL016,1,13842.53,0,13842.53,399.36
ORD00036,2,PROD0074,SELL024,1,37164.26,5,37164.26,308.35
ORD00037,1,PROD0087,SELL009,1,39736.4,0,39736.4,339.57
ORD00037,2,PROD0064,SELL028,2,37229.56,0,74459.12,495.63
ORD00038,1,PROD0014,SELL023,1,39326.09,10,39326.09,294.71
ORD00038,2,PROD0099,SELL026,3,12717.61,0,38152.83,404.23
ORD00038,3,PROD0032,SELL007,1,43681.85,0,43681.85,270.02
ORD00039,1,PROD0004,SELL031,1,26435.88,5,26435.88,482.01
ORD00040,1,PROD0013,SELL029,2,13666.99,5,27333.98,61.57
ORD00041,1,PROD0043,SELL036,1,12333.11,5,12333.11,404.95
ORD00042,1,PROD0036,SELL005,1,42600.65,10,42600.65,282.34
ORD00043,1,PROD0059,SELL040,1,1880.95,10,1880.95,406.29
ORD00044,1,PROD0077,SELL009,1,17819.79,5,17819.79,258.74
ORD00045,1,PROD0007,SELL023,3,5129.26,5,15387.78,121.71
ORD00046,1,PROD0098,SELL015,1,47387.29,0,47387.29,282.68
ORD00047,1,PROD0070,SELL029,1,27652.64,20,27652.64,78.14
ORD00047,2,PROD0097,SELL016,1,6646.29,20,6646.29,241.37
ORD00047,3,PROD0006,SELL023,2,30349.04,0,60698.08,436.69
ORD00047,4,PROD0098,SELL008,2,47387.29,0,94774.58,411.03
ORD00048,1,PROD0069,SELL018,1,15498.17,0,15498.17,490.13
ORD00049,1,PROD0017,SELL016,1,15651.7,0,15651.7,146.35
ORD00050,1,PROD0096,SELL018,2,35369.94,15,70739.88,243.71
ORD00051,1,PROD0055,SELL014,1,31505.78,0,31505.78,163.29
ORD00052,1,PROD0021,SELL001,4,45192.14,5,180768.56,497.98
ORD00052,2,PROD0057,SELL009,2,41561.59,0,83123.18,440.98
ORD00052,3,PROD0059,SELL018,1,1985.44,5,1985.44,68.74
ORD00053,1,PROD0076,SELL015,1,1768.11,5,1768.11,33.79
ORD00054,1,PROD0039,SELL009,1,9707.68,15,9707.68,441.01
ORD00055,1,PROD0053,SELL029,2,49056.71,0,98113.42,77.22
ORD00055,2,PROD0079,SELL008,1,12034.77,5,12034.77,482.73
ORD00056,1,PROD0085,SELL014,1,31801.28,5,31801.28,381.49
ORD00056,2,PROD0039,SELL019,1,10278.72,10,10278.72,403.08
ORD00057,1,PROD0047,SELL035,2,26943.99,10,53887.98,478.59
ORD00058,1,PROD0099,SELL028,2,12717.61,0,25435.22,282.19
ORD00058,2,PROD0054,SELL040,1,39478.87,0,39478.87,67.14
ORD00059,1,PROD0009,SELL028,2,42118.82,15,84237.64,57.22
ORD00059,2,PROD0040,SELL006,3,39621.19,0,118863.57,317.78
ORD00060,1,PROD0067,SELL017,1,4176.62,0,4176.62,397.13
ORD00061,1,PROD0010,SELL032,1,17436.22,5,17436.22,264.82
ORD00062,1,PROD0002,SELL003,1,2926.27,5,2926.27,100.54
ORD00062,2,PROD0032,SELL003,1,37129.57,15,37129.57,378.11
ORD00063,1,PROD0067,SELL003,3,4176.62,0,12529.86,248.59
ORD00064,1,PROD0095,SELL016,1,36524.78,5,36524.78,261.88
ORD00064,2,PROD0080,SELL013,2,23823.57,5,47647.14,404.11
ORD00065,1,PROD0001,SELL025,2,22941.01,10,45882.02,78.86
ORD00065,2,PROD0098,SELL034,4,45017.93,5,180071.72,481.76
ORD00065,3,PROD0085,SELL010,2,33475.03,0,66950.06,463.0
ORD00066,1,PROD0073,SELL004,1,38121.02,20,38121.02,141.28
ORD00067,1,PROD0014,SELL007,1,41510.88,5,41510.88,221.06
ORD00067,2,PROD0020,SELL035,1,22992.57,10,22992.57,242.4
ORD00068,1,PROD0042,SELL010,1,22567.92,0,22567.92,197.2
ORD00069,1,PROD0018,SELL008,1,28550.05,15,28550.05,491.81
ORD00070,1,PROD0010,SELL013,3,17436.22,5,52308.66,90.53
ORD00070,2,PROD0003,SELL022,1,26219.67,15,26219.67,53.8
ORD00070,3,PROD0009,SELL037,1,44596.4,10,44596.4,263.18
ORD00071,1,PROD0038,SELL032,1,17911.85,5,17911.85,58.66
ORD00072,1,PROD0070,SELL032,1,32837.51,5,32837.51,181.15
ORD00073,1,PROD0013,SELL016,1,12228.36,15,12228.36,461.11
ORD00073,2,PROD0032,SELL004,2,37129.57,15,74259.14,300.58
ORD00073,3,PROD0085,SELL025,1,28453.78,15,28453.78,427.25
ORD00074,1,PROD0064,SELL012,1,37229.56,0,37229.56,139.33
ORD00074,2,PROD0070,SELL015,1,32837.51,5,32837.51,185.91
ORD00074,3,PROD0040,SELL040,1,39621.19,0,39621.19,366.96
ORD00075,1,PROD0068,SELL024,3,15418.76,5,46256.28,472.7
ORD00076,1,PROD0089,SELL015,2,15473.91,15,30947.82,207.84
ORD00076,2,PROD0079,SELL019,1,11401.36,10,11401.36,475.93
ORD00076,3,PROD0046,SELL037,1,31797.18,20,31797.18,483.64
ORD00077,1,PROD0022,SELL022,1,11520.52,0,11520.52,147.28
ORD00077,2,PROD0082,SELL005,1,44837.24,10,44837.24,368.59
ORD00077,3,PROD0012,SELL004,1,3176.2,10,3176.2,485.48
ORD00077,4,PROD0091,SELL027,1,19055.54,5,19055.54,286.63
ORD00078,1,PROD0014,SELL005,1,37141.31,15,37141.31,105.63
ORD00079,1,PROD0084,SELL011,1,42711.32,5,42711.32,55.17
ORD00080,1,PROD0031,SELL007,1,20024.46,5,20024.46,424.73
ORD00081,1,PROD0015,SELL020,2,6921.76,5,13843.52,450.59
ORD00082,1,PROD0035,SELL037,1,40760.08,10,40760.08,343.71
ORD00083,1,PROD0061,SELL037,2,22611.56,5,45223.12,67.11
ORD00084,1,PROD0022,SELL009,1,11520.52,0,11520.52,351.07
ORD00084,2,PROD0028,SELL013,4,10702.49,10,42809.96,422.03
ORD00084,3,PROD0025,SELL017,1,26966.71,10,26966.71,409.45
ORD00085,1,PROD0054,SELL010,1,37504.93,5,37504.93,386.44
ORD00086,1,PROD0084,SELL032,1,42711.32,5,42711.32,110.93
ORD00087,1,PROD0048,SELL002,1,11057.78,10,11057.78,176.15
ORD00088,1,PROD0094,SELL027,1,23425.2,0,23425.2,237.61
ORD00089,1,PROD0100,SELL034,2,6477.22,0,12954.44,120.6
ORD00090,1,PROD0060,SELL033,1,13558.26,15,13558.26,350.15
ORD00091,1,PROD0037,SELL025,1,39559.83,15,39559.83,396.52
ORD00091,2,PROD0004,SELL014,2,25044.52,10,50089.04,348.52
ORD00092,1,PROD0040,SELL018,1,37640.13,5,37640.13,193.89
ORD00093,1,PROD0083,SELL039,1,6351.21,0,6351.21,80.81
ORD00094,1,PROD0067,SELL016,2,3550.13,15,7100.26,407.11
ORD00095,1,PROD0074,SELL013,1,35208.24,10,35208.24,352.57
ORD00096,1,PROD0017,SELL017,2,14869.11,5,29738.22,458.93
ORD00097,1,PROD0048,SELL038,1,10443.46,15,10443.46,251.15
ORD00097,2,PROD0034,SELL038,1,12988.69,10,12988.69,251.94
ORD00098,1,PROD0073,SELL030,1,40503.58,15,40503.58,114.77
ORD00099,1,PROD0063,SELL006,1,13150.4,5,13150.4,231.82
ORD00099,2,PROD0098,SELL028,3,45017.93,5,135053.79,47.73
ORD00100,1,PROD0045,SELL009,1,14470.66,5,14470.66,173.87
ORD00100,2,PROD0040,SELL005,2,39621.19,0,79242.38,166.69
ORD00101,1,PROD0003,SELL015,2,30846.67,0,61693.34,375.02
ORD00101,2,PROD0030,SELL038,1,38529.57,0,38529.57,364.22
ORD00102,1,PROD0054,SELL025,1,39478.87,0,39478.87,359.88
ORD00102,2,PROD0057,SELL014,2,37405.43,10,74810.86,171.52
ORD00103,1,PROD0026,SELL039,1,36128.85,0,36128.85,275.88
ORD00104,1,PROD0012,SELL008,2,3176.2,10,6352.4,100.1
ORD00105,1,PROD0023,SELL003,2,40147.29,5,80294.58,348.08
ORD00106,1,PROD0035,SELL024,2,45288.98,0,90577.96,218.37
ORD00106,2,PROD0094,SELL030,1,22253.94,5,22253.94,429.82
ORD00106,3,PROD0012,SELL027,1,3176.2,10,3176.2,83.14
ORD00107,1,PROD0100,SELL023,1,5505.64,15,5505.64,443.58
ORD00108,1,PROD0002,SELL034,2,2926.27,5,5852.54,295.56
ORD00109,1,PROD0020,SELL036,2,22992.57,10,45985.14,35.47
ORD00110,1,PROD0071,SELL025,1,30838.86,0,30838.86,245.77
ORD00111,1,PROD0071,SELL001,2,27754.97,10,55509.94,482.69
ORD00112,1,PROD0029,SELL030,1,16695.08,10,16695.08,311.98
ORD00113,1,PROD0048,SELL007,1,12286.42,0,12286.42,96.01
ORD00114,1,PROD0025,SELL022,1,28464.86,5,28464.86,465.51
ORD00115,1,PROD0007,SELL036,3,4589.34,15,13768.02,256.98
ORD00116,1,PROD0078,SELL021,1,25261.1,5,25261.1,490.37
ORD00117,1,PROD0090,SELL033,1,6035.51,10,6035.51,434.53
ORD00118,1,PROD0091,SELL012,1,18052.61,10,18052.61,181.52
ORD00119,1,PROD0002,SELL034,1,2926.27,5,2926.27,54.94
ORD00120,1,PROD0058,SELL007,1,28510.97,10,28510.97,294.09
ORD00121,1,PROD0088,SELL036,1,35689.74,10,35689.74,125.45
ORD00121,2,PROD0041,SELL029,2,29647.64,15,59295.28,361.18
ORD00122,1,PROD0088,SELL005,1,39655.27,0,39655.27,271.51
ORD00123,1,PROD0042,SELL039,1,19182.73,15,19182.73,319.34
ORD00124,1,PROD0021,SELL035,1,47570.67,0,47570.67,133.96
ORD00124,2,PROD0054,SELL014,2,39478.87,0,78957.74,167.98
ORD00125,1,PROD0032,SELL021,1,39313.67,10,39313.67,83.29
ORD00125,2,PROD0006,SELL017,1,30349.04,0,30349.04,458.33
ORD00125,3,PROD0088,SELL024,1,37672.51,5,37672.51,258.8
ORD00126,1,PROD0028,SELL028,2,11891.65,0,23783.3,419.51
ORD00127,1,PROD0012,SELL005,1,3176.2,10,3176.2,292.3
ORD00128,1,PROD0083,SELL040,1,5716.09,10,5716.09,51.39
ORD00129,1,PROD0004,SELL011,1,27827.24,0,27827.24,213.77
ORD00129,2,PROD0061,SELL035,1,21421.48,10,21421.48,170.09
ORD00130,1,PROD0051,SELL035,1,47681.83,0,47681.83,128.72
ORD00131,1,PROD0033,SELL013,1,25054.56,10,25054.56,296.63
ORD00132,1,PROD0093,SELL038,1,6485.01,0,6485.01,90.26
ORD00133,1,PROD0073,SELL024,2,38121.02,20,76242.04,109.26
ORD00134,1,PROD0046,SELL020,1,39746.48,0,39746.48,333.41
ORD00135,1,PROD0065,SELL002,2,46258.11,5,92516.22,391.52
ORD00136,1,PROD0038,SELL030,1,18854.58,0,18854.58,201.02
ORD00136,2,PROD0018,SELL001,2,28550.05,15,57100.1,409.07
ORD00137,1,PROD0062,SELL003,1,13759.82,5,13759.82,59.54
ORD00137,2,PROD0046,SELL024,1,35771.83,10,35771.83,273.41
ORD00138,1,PROD0095,SELL017,1,36524.78,5,36524.78,207.03
ORD00139,1,PROD0045,SELL031,2,15232.27,0,30464.54,444.56
ORD00139,2,PROD0063,SELL029,1,13842.53,0,13842.53,332.43
ORD00140,1,PROD0021,SELL027,1,47570.67,0,47570.67,299.54
ORD00141,1,PROD0073,SELL002,2,42886.14,10,85772.28,416.01
ORD00142,1,PROD0024,SELL033,1,39791.87,10,39791.87,191.06
ORD00142,2,PROD0080,SELL030,1,25077.44,0,25077.44,207.76
ORD00143,1,PROD0069,SELL033,2,15498.17,0,30996.34,339.91
ORD00144,1,PROD0062,SELL023,1,13035.62,10,13035.62,387.92
ORD00144,2,PROD0099,SELL037,1,12717.61,0,12717.61,254.26
ORD00144,3,PROD0049,SELL015,3,30836.78,0,92510.34,311.2
ORD00145,1,PROD0053,SELL007,1,44151.04,10,44151.04,149.21
ORD00145,2,PROD0047,SELL035,1,28440.88,5,28440.88,159.51
ORD00146,1,PROD0040,SELL037,1,35659.07,10,35659.07,375.82
ORD00147,1,PROD0088,SELL004,1,31724.22,20,31724.22,32.49
ORD00148,1,PROD0052,SELL040,2,1261.63,0,2523.26,482.86
ORD00149,1,PROD0037,SELL003,2,44213.93,5,88427.86,358.27
ORD00149,2,PROD0025,SELL040,1,29963.01,0,29963.01,142.45
ORD00150,1,PROD0012,SELL019,2,3352.65,5,6705.3,303.98
ORD00150,2,PROD0071,SELL023,3,30838.86,0,92516.58,314.99
ORD00151,1,PROD0044,SELL008,2,24433.42,20,48866.84,441.77
ORD00152,1,PROD0076,SELL002,1,1861.17,0,1861.17,209.86
ORD00153,1,PROD0052,SELL022,1,1072.39,15,1072.39,253.98
ORD00154,1,PROD0095,SELL016,2,38447.14,0,76894.28,125.3
ORD00155,1,PROD0006,SELL024,1,28831.59,5,28831.59,493.12
ORD00155,2,PROD0062,SELL037,2,13759.82,5,27519.64,492.67
ORD00156,1,PROD0051,SELL012,1,47681.83,0,47681.83,273.56
ORD00157,1,PROD0035,SELL031,3,45288.98,0,135866.94,116.44
ORD00158,1,PROD0013,SELL018,2,13666.99,5,27333.98,432.47
ORD00159,1,PROD0067,SELL021,2,4176.62,0,8353.24,294.21
ORD00159,2,PROD0069,SELL037,1,15498.17,0,15498.17,106.77
ORD00160,1,PROD0003,SELL027,1,26219.67,15,26219.67,482.66
ORD00161,1,PROD0049,SELL019,1,24669.42,20,24669.42,438.08
ORD00161,2,PROD0079,SELL022,1,11401.36,10,11401.36,220.24
ORD00162,1,PROD0100,SELL038,1,6153.36,5,6153.36,108.64
ORD00162,2,PROD0047,SELL002,1,29937.77,0,29937.77,148.27
ORD00163,1,PROD0004,SELL026,1,22261.79,20,22261.79,78.85
ORD00164,1,PROD0022,SELL002,1,10944.49,5,10944.49,460.18
ORD00165,1,PROD0081,SELL037,1,11946.05,10,11946.05,280.88
ORD00166,1,PROD0098,SELL009,1,45017.93,5,45017.93,33.91
ORD00167,1,PROD0071,SELL013,1,29296.92,5,29296.92,215.53
ORD00167,2,PROD0048,SELL011,2,11057.78,10,22115.56,419.36
ORD00168,1,PROD0024,SELL019,1,42002.53,5,42002.53,242.8
ORD00168,2,PROD0018,SELL040,1,33588.29,0,33588.29,101.51
ORD00169,1,PROD0028,SELL022,1,10702.49,10,10702.49,264.25
ORD00170,1,PROD0033,SELL025,2,27838.4,0,55676.8,391.03
ORD00171,1,PROD0086,SELL014,1,13225.97,10,13225.97,176.69
ORD00172,1,PROD0086,SELL014,3,14695.52,0,44086.56,234.06
ORD00173,1,PROD0061,SELL039,1,21421.48,10,21421.48,146.9
ORD00173,2,PROD0089,SELL032,1,16384.14,10,16384.14,467.5
ORD00174,1,PROD0045,SELL029,2,15232.27,0,30464.54,207.55
ORD00175,1,PROD0094,SELL030,1,19911.42,15,19911.42,459.8
ORD00176,1,PROD0003,SELL024,2,30846.67,0,61693.34,368.87
ORD00176,2,PROD0080,SELL035,2,25077.44,0,50154.88,351.12
ORD00177,1,PROD0005,SELL013,1,45475.24,0,45475.24,44.95
ORD00178,1,PROD0084,SELL030,2,44959.28,0,89918.56,292.27
ORD00178,2,PROD0063,SELL027,2,12458.28,10,24916.56,57.4
ORD00178,3,PROD0011,SELL040,1,38779.62,0,38779.62,63.08
ORD00179,1,PROD0032,SELL037,1,43681.85,0,43681.85,382.12
ORD00180,1,PROD0065,SELL022,2,46258.11,5,92516.22,311.96
ORD00181,1,PROD0031,SELL037,1,20024.46,5,20024.46,288.61
ORD00182,1,PROD0039,SELL015,1,11420.8,0,11420.8,392.62
ORD00183,1,PROD0020,SELL009,1,21715.2,15,21715.2,147.43
ORD00184,1,PROD0090,SELL007,1,6706.12,0,6706.12,373.47
ORD00184,2,PROD0074,SELL037,1,35208.24,10,35208.24,463.28
ORD00185,1,PROD0002,SELL025,1,2926.27,5,2926.27,180.08
ORD00186,1,PROD0012,SELL015,1,3176.2,10,3176.2,99.57
ORD00187,1,PROD0062,SELL013,1,13035.62,10,13035.62,122.17
ORD00187,2,PROD0072,SELL040,4,3784.14,5,15136.56,143.89
ORD00188,1,PROD0084,SELL002,2,44959.28,0,89918.56,194.37
ORD00189,1,PROD0094,SELL006,1,23425.2,0,23425.2,476.0
ORD00190,1,PROD0027,SELL035,1,46062.68,5,46062.68,382.67
ORD00191,1,PROD0090,SELL040,1,6370.81,5,6370.81,474.23
ORD00192,1,PROD0091,SELL007,3,19055.54,5,57166.62,310.64
ORD00193,1,PROD0003,SELL023,1,30846.67,0,30846.67,498.12
ORD00193,2,PROD0045,SELL033,1,15232.27,0,15232.27,151.11
ORD00194,1,PROD0094,SELL025,1,21082.68,10,21082.68,440.17
ORD00195,1,PROD0088,SELL013,2,39655.27,0,79310.54,361.41
ORD00196,1,PROD0019,SELL002,2,38797.65,15,77595.3,224.6
ORD00197,1,PROD0078,SELL037,1,25261.1,5,25261.1,138.53
ORD00198,1,PROD0018,SELL011,1,33588.29,0,33588.29,389.33
ORD00199,1,PROD0042,SELL030,2,21439.52,5,42879.04,394.82
ORD00200,1,PROD0091,SELL003,1,19055.54,5,19055.54,418.69
ORD00201,1,PROD0007,SELL019,1,4589.34,15,4589.34,393.63
ORD00201,2,PROD0025,SELL019,1,28464.86,5,28464.86,318.17
ORD00202,1,PROD0051,SELL027,1,47681.83,0,47681.83,243.23
ORD00203,1,PROD0094,SELL008,1,21082.68,10,21082.68,328.01
ORD00204,1,PROD0085,SELL010,1,33475.03,0,33475.03,391.5
ORD00205,1,PROD0033,SELL001,1,23662.64,15,23662.64,285.45
ORD00206,1,PROD0001,SELL016,2,25490.01,0,50980.02,325.46
ORD00207,1,PROD0012,SELL004,1,2823.29,20,2823.29,105.83
ORD00208,1,PROD0042,SELL025,2,20311.13,10,40622.26,426.36
ORD00208,2,PROD0048,SELL005,1,12286.42,0,12286.42,356.47
ORD00209,1,PROD0089,SELL039,3,14563.68,20,43691.04,164.98
ORD00210,1,PROD0079,SELL019,3,12668.18,0,38004.54,41.27
ORD00210,2,PROD0030,SELL008,2,38529.57,0,77059.14,319.19
ORD00211,1,PROD0071,SELL021,2,30838.86,0,61677.72,186.64
ORD00212,1,PROD0018,SELL031,1,31908.88,5,31908.88,436.66
ORD00213,1,PROD0088,SELL022,2,33706.98,15,67413.96,196.19
ORD00214,1,PROD0040,SELL021,2,39621.19,0,79242.38,70.79
ORD00214,2,PROD0091,SELL016,1,17049.69,15,17049.69,172.24
ORD00215,1,PROD0044,SELL031,2,29014.69,5,58029.38,394.5
ORD00216,1,PROD0015,SELL020,3,6557.45,10,19672.35,309.32
ORD00216,2,PROD0001,SELL006,1,21666.51,15,21666.51,78.46
ORD00217,1,PROD0069,SELL021,2,13948.35,10,27896.7,158.15
ORD00218,1,PROD0037,SELL011,1,41886.88,10,41886.88,189.21
ORD00218,2,PROD0074,SELL029,1,39120.27,0,39120.27,454.55
ORD00218,3,PROD0032,SELL004,1,43681.85,0,43681.85,230.44
ORD00219,1,PROD0097,SELL030,1,8307.86,0,8307.86,407.1
ORD00220,1,PROD0024,SELL022,2,37581.21,15,75162.42,243.04
ORD00221,1,PROD0014,SELL036,1,39326.09,10,39326.09,280.39
ORD00221,2,PROD0042,SELL026,1,22567.92,0,22567.92,144.53
ORD00222,1,PROD0010,SELL037,2,18353.92,0,36707.84,310.16
ORD00223,1,PROD0064,SELL004,1,31645.13,15,31645.13,447.01
ORD00224,1,PROD0041,SELL020,1,29647.64,15,29647.64,173.14
ORD00225,1,PROD0008,SELL036,3,25351.31,0,76053.93,293.21
ORD00225,2,PROD0048,SELL023,1,12286.42,0,12286.42,44.66
ORD00226,1,PROD0050,SELL024,2,33302.47,0,66604.94,498.8
ORD00227,1,PROD0054,SELL030,2,35530.98,10,71061.96,467.25
ORD00228,1,PROD0031,SELL033,1,17916.62,15,17916.62,300.89
ORD00228,2,PROD0092,SELL003,3,19652.71,5,58958.13,361.29
ORD00229,1,PROD0081,SELL005,2,12609.72,5,25219.44,302.43
ORD00230,1,PROD0046,SELL019,1,39746.48,0,39746.48,463.75
ORD00231,1,PROD0038,SELL040,1,17911.85,5,17911.85,89.61
ORD00232,1,PROD0023,SELL038,2,38034.28,10,76068.56,203.79
ORD00233,1,PROD0019,SELL039,3,45644.29,0,136932.87,263.1
ORD00234,1,PROD0007,SELL017,2,5399.22,0,10798.44,108.77
ORD00234,2,PROD0083,SELL026,1,6033.65,5,6033.65,475.68
ORD00235,1,PROD0049,SELL021,3,27753.1,10,83259.3,49.28
ORD00235,2,PROD0087,SELL035,1,31789.12,20,31789.12,232.94
ORD00236,1,PROD0087,SELL016,2,37749.58,5,75499.16,121.62
ORD00237,1,PROD0058,SELL023,1,31678.86,0,31678.86,120.75
ORD00238,1,PROD0083,SELL012,2,5716.09,10,11432.18,149.07
ORD00238,2,PROD0073,SELL030,2,47651.27,0,95302.54,243.12
ORD00239,1,PROD0008,SELL017,3,25351.31,0,76053.93,237.07
ORD00240,1,PROD0083,SELL007,3,5716.09,10,17148.27,78.54
ORD00241,1,PROD0020,SELL022,3,24269.93,5,72809.79,272.23
ORD00242,1,PROD0069,SELL023,1,15498.17,0,15498.17,55.94
ORD00243,1,PROD0025,SELL020,2,25468.56,15,50937.12,326.39
ORD00244,1,PROD0070,SELL020,1,27652.64,20,27652.64,411.54
ORD00245,1,PROD0069,SELL038,1,15498.17,0,15498.17,375.67
ORD00245,2,PROD0020,SELL032,2,24269.93,5,48539.86,461.47
ORD00245,3,PROD0095,SELL003,1,34602.43,10,34602.43,36.75
ORD00246,1,PROD0064,SELL039,2,37229.56,0,74459.12,408.09
ORD00247,1,PROD0028,SELL003,1,11891.65,0,11891.65,86.75
ORD00247,2,PROD0098,SELL010,2,47387.29,0,94774.58,203.87
ORD00248,1,PROD0001,SELL012,3,22941.01,10,68823.03,309.05
ORD00249,1,PROD0079,SELL039,1,12034.77,5,12034.77,476.64
ORD00249,2,PROD0089,SELL020,1,18204.6,0,18204.6,140.75
ORD00249,3,PROD0005,SELL008,4,36380.19,20,145520.76,320.89
ORD00250,1,PROD0020,SELL031,1,25547.3,0,25547.3,463.66
ORD00251,1,PROD0004,SELL032,1,27827.24,0,27827.24,140.59
ORD00252,1,PROD0029,SELL005,1,17622.59,5,17622.59,448.53
ORD00253,1,PROD0035,SELL013,1,45288.98,0,45288.98,297.27
ORD00254,1,PROD0079,SELL011,1,12034.77,5,12034.77,137.96
ORD00255,1,PROD0056,SELL038,1,5854.06,15,5854.06,474.74
ORD00256,1,PROD0051,SELL031,2,42913.65,10,85827.3,76.06
ORD00257,1,PROD0040,SELL011,2,33678.01,15,67356.02,381.22
ORD00258,1,PROD0089,SELL022,1,18204.6,0,18204.6,383.86
ORD00259,1,PROD0007,SELL008,1,5129.26,5,5129.26,49.21
ORD00260,1,PROD0075,SELL015,1,33133.97,15,33133.97,266.68
ORD00260,2,PROD0090,SELL028,1,6706.12,0,6706.12,192.26
ORD00260,3,PROD0027,SELL032,1,41213.98,15,41213.98,250.98
ORD00261,1,PROD0009,SELL006,1,42118.82,15,42118.82,165.54
ORD00261,2,PROD0025,SELL005,1,29963.01,0,29963.01,357.63
ORD00261,3,PROD0059,SELL032,1,2089.94,0,2089.94,477.49
ORD00262,1,PROD0030,SELL034,1,36603.09,5,36603.09,191.11
ORD00263,1,PROD0034,SELL015,1,11545.5,20,11545.5,391.78
ORD00264,1,PROD0086,SELL011,1,14695.52,0,14695.52,178.81
ORD00264,2,PROD0020,SELL009,1,24269.93,5,24269.93,126.42
ORD00265,1,PROD0064,SELL010,3,31645.13,15,94935.39,103.35
ORD00266,1,PROD0044,SELL031,3,30541.78,0,91625.34,288.95
ORD00266,2,PROD0089,SELL020,1,16384.14,10,16384.14,133.57
ORD00266,3,PROD0015,SELL023,1,7286.06,0,7286.06,331.42
ORD00267,1,PROD0066,SELL026,1,46234.45,0,46234.45,314.39
ORD00268,1,PROD0045,SELL023,1,14470.66,5,14470.66,293.69
ORD00269,1,PROD0054,SELL038,1,39478.87,0,39478.87,172.52
ORD00269,2,PROD0018,SELL034,4,33588.29,0,134353.16,481.24
ORD00270,1,PROD0049,SELL019,1,30836.78,0,30836.78,418.34
ORD00271,1,PROD0016,SELL019,1,31531.66,5,31531.66,353.29
ORD00272,1,PROD0089,SELL008,1,16384.14,10,16384.14,38.25
ORD00273,1,PROD0007,SELL005,1,4859.3,10,4859.3,116.13
ORD00273,2,PROD0038,SELL007,1,18854.58,0,18854.58,181.63
ORD00273,3,PROD0068,SELL021,2,14607.24,10,29214.48,171.5
ORD00274,1,PROD0021,SELL007,1,45192.14,5,45192.14,420.84
ORD00275,1,PROD0015,SELL031,1,6557.45,10,6557.45,95.34
ORD00275,2,PROD0017,SELL029,2,14869.11,5,29738.22,388.89
ORD00275,3,PROD0003,SELL022,1,30846.67,0,30846.67,379.9
ORD00276,1,PROD0010,SELL031,2,18353.92,0,36707.84,80.67
ORD00276,2,PROD0003,SELL033,1,29304.34,5,29304.34,457.01
ORD00277,1,PROD0019,SELL018,3,45644.29,0,136932.87,105.46
ORD00278,1,PROD0092,SELL013,3,20687.06,0,62061.18,384.39
ORD00279,1,PROD0014,SELL012,2,34956.53,20,69913.06,229.32
ORD00280,1,PROD0093,SELL003,1,6160.76,5,6160.76,210.85
ORD00281,1,PROD0061,SELL024,1,19041.31,20,19041.31,261.07
ORD00281,2,PROD0087,SELL007,1,37749.58,5,37749.58,347.96
ORD00282,1,PROD0016,SELL032,1,29872.1,10,29872.1,303.5
ORD00282,2,PROD0030,SELL018,2,32750.13,15,65500.26,473.32
ORD00282,3,PROD0055,SELL023,1,28355.2,10,28355.2,220.09
ORD00282,4,PROD0093,SELL032,1,6485.01,0,6485.01,243.68
ORD00283,1,PROD0049,SELL021,1,27753.1,10,27753.1,75.28
ORD00283,2,PROD0078,SELL005,2,25261.1,5,50522.2,261.33
ORD00283,3,PROD0087,SELL030,1,35762.76,10,35762.76,260.42
ORD00284,1,PROD0057,SELL003,1,39483.51,5,39483.51,434.37
ORD00284,2,PROD0059,SELL020,2,2089.94,0,4179.88,232.42
ORD00285,1,PROD0065,SELL026,1,46258.11,5,46258.11,207.56
ORD00285,2,PROD0008,SELL023,2,25351.31,0,50702.62,58.87
ORD00286,1,PROD0008,SELL016,1,22816.18,10,22816.18,308.49
ORD00287,1,PROD0054,SELL018,1,37504.93,5,37504.93,40.45
ORD00288,1,PROD0044,SELL040,1,24433.42,20,24433.42,124.83
ORD00288,2,PROD0022,SELL005,2,10944.49,5,21888.98,165.06
ORD00289,1,PROD0044,SELL018,1,25960.51,15,25960.51,253.38
ORD00290,1,PROD0080,SELL033,1,22569.7,10,22569.7,114.88
ORD00291,1,PROD0069,SELL028,3,13948.35,10,41845.05,58.14
ORD00291,2,PROD0079,SELL013,1,12668.18,0,12668.18,100.72
ORD00291,3,PROD0099,SELL020,2,12081.73,5,24163.46,434.29
ORD00292,1,PROD0025,SELL002,1,25468.56,15,25468.56,248.16
ORD00293,1,PROD0023,SELL003,3,40147.29,5,120441.87,39.36
ORD00294,1,PROD0018,SELL008,1,31908.88,5,31908.88,86.7
ORD00294,2,PROD0031,SELL038,3,17916.62,15,53749.86,148.35
ORD00295,1,PROD0019,SELL007,1,36515.43,20,36515.43,236.55
ORD00296,1,PROD0019,SELL031,2,38797.65,15,77595.3,39.9
ORD00296,2,PROD0047,SELL039,1,26943.99,10,26943.99,405.5
ORD00297,1,PROD0088,SELL016,2,37672.51,5,75345.02,457.6
ORD00297,2,PROD0016,SELL026,3,28212.54,15,84637.62,171.42
ORD00297,3,PROD0069,SELL016,1,13173.44,15,13173.44,105.31
ORD00298,1,PROD0043,SELL028,2,11034.89,15,22069.78,417.47
ORD00299,1,PROD0083,SELL009,1,6351.21,0,6351.21,173.61
ORD00300,1,PROD0042,SELL013,1,21439.52,5,21439.52,214.94
ORD00300,2,PROD0037,SELL025,3,39559.83,15,118679.49,135.51
ORD00301,1,PROD0055,SELL039,1,31505.78,0,31505.78,202.92
ORD00302,1,PROD0035,SELL032,1,43024.53,5,43024.53,127.1
ORD00302,2,PROD0037,SELL014,4,46540.98,0,186163.92,348.28
ORD00303,1,PROD0011,SELL001,1,32962.68,15,32962.68,487.97
ORD00304,1,PROD0046,SELL039,3,31797.18,20,95391.54,311.17
ORD00305,1,PROD0034,SELL011,1,12267.1,15,12267.1,442.61
ORD00306,1,PROD0096,SELL028,1,35369.94,15,35369.94,318.08
ORD00306,2,PROD0047,SELL017,1,28440.88,5,28440.88,107.54
ORD00307,1,PROD0091,SELL030,1,16046.77,20,16046.77,465.79
ORD00308,1,PROD0037,SELL012,2,41886.88,10,83773.76,416.61
ORD00309,1,PROD0043,SELL002,1,10385.78,20,10385.78,87.34
ORD00310,1,PROD0081,SELL018,1,13273.39,0,13273.39,485.79
ORD00311,1,PROD0008,SELL005,1,22816.18,10,22816.18,73.5
ORD00312,1,PROD0084,SELL008,1,38215.39,15,38215.39,375.87
ORD00312,2,PROD0020,SELL020,3,22992.57,10,68977.71,198.75
ORD00313,1,PROD0079,SELL028,1,12668.18,0,12668.18,271.27
ORD00313,2,PROD0024,SELL030,2,39791.87,10,79583.74,365.41
ORD00314,1,PROD0088,SELL028,1,39655.27,0,39655.27,65.97
ORD00314,2,PROD0039,SELL003,1,10849.76,5,10849.76,224.12
ORD00314,3,PROD0032,SELL030,2,41497.76,5,82995.52,149.09
ORD00314,4,PROD0067,SELL017,1,3758.96,10,3758.96,37.65
ORD00315,1,PROD0086,SELL029,1,14695.52,0,14695.52,484.36
ORD00316,1,PROD0059,SELL026,2,1671.95,20,3343.9,312.89
ORD00317,1,PROD0025,SELL002,1,26966.71,10,26966.71,335.38
ORD00318,1,PROD0095,SELL032,1,32680.07,15,32680.07,305.06
ORD00318,2,PROD0090,SELL013,1,5700.2,15,5700.2,214.11
ORD00318,3,PROD0057,SELL022,1,37405.43,10,37405.43,365.15
ORD00319,1,PROD0076,SELL040,3,1581.99,15,4745.97,437.79
ORD00320,1,PROD0080,SELL023,1,23823.57,5,23823.57,105.83
ORD00321,1,PROD0017,SELL019,2,14869.11,5,29738.22,225.92
ORD00322,1,PROD0026,SELL011,1,36128.85,0,36128.85,225.51
ORD00323,1,PROD0005,SELL022,1,40927.72,10,40927.72,86.72
ORD00323,2,PROD0009,SELL015,1,39641.24,20,39641.24,398.9
ORD00324,1,PROD0007,SELL029,2,4319.38,20,8638.76,385.21
ORD00325,1,PROD0047,SELL011,2,26943.99,10,53887.98,388.12
ORD00326,1,PROD0054,SELL001,1,33557.04,15,33557.04,190.42
ORD00327,1,PROD0018,SELL027,3,28550.05,15,85650.15,477.37
ORD00327,2,PROD0055,SELL034,2,29930.49,5,59860.98,43.99
ORD00328,1,PROD0005,SELL010,3,45475.24,0,136425.72,326.86
ORD00329,1,PROD0045,SELL001,2,12947.43,15,25894.86,316.89
ORD00330,1,PROD0039,SELL006,1,11420.8,0,11420.8,370.8
ORD00331,1,PROD0004,SELL035,1,27827.24,0,27827.24,393.85
ORD00332,1,PROD0016,SELL020,1,33191.22,0,33191.22,189.32
ORD00332,2,PROD0058,SELL016,2,25343.09,20,50686.18,295.83
ORD00333,1,PROD0049,SELL034,2,30836.78,0,61673.56,272.73
ORD00334,1,PROD0017,SELL031,1,15651.7,0,15651.7,348.11
ORD00335,1,PROD0054,SELL011,1,39478.87,0,39478.87,364.24
ORD00336,1,PROD0016,SELL008,1,31531.66,5,31531.66,48.93
ORD00336,2,PROD0078,SELL010,1,26590.63,0,26590.63,206.0
ORD00336,3,PROD0053,SELL019,1,44151.04,10,44151.04,96.81
ORD00337,1,PROD0054,SELL037,1,37504.93,5,37504.93,188.78
ORD00337,2,PROD0062,SELL025,1,13035.62,10,13035.62,314.68
ORD00338,1,PROD0030,SELL026,1,38529.57,0,38529.57,345.11
ORD00339,1,PROD0072,SELL006,1,3584.97,10,3584.97,301.12
ORD00340,1,PROD0027,SELL016,2,41213.98,15,82427.96,302.39
ORD00341,1,PROD0049,SELL017,1,24669.42,20,24669.42,284.64
ORD00342,1,PROD0008,SELL020,1,25351.31,0,25351.31,224.03
ORD00343,1,PROD0050,SELL018,1,31637.35,5,31637.35,221.33
ORD00343,2,PROD0015,SELL031,1,6557.45,10,6557.45,459.46
ORD00344,1,PROD0082,SELL033,1,39855.33,20,39855.33,205.45
ORD00345,1,PROD0038,SELL011,1,16026.39,15,16026.39,256.63
ORD00345,2,PROD0084,SELL039,1,40463.35,10,40463.35,499.64
ORD00346,1,PROD0018,SELL036,4,28550.05,15,114200.2,129.1
ORD00346,2,PROD0093,SELL033,3,6485.01,0,19455.03,350.59
ORD00347,1,PROD0003,SELL009,1,30846.67,0,30846.67,253.97
ORD00348,1,PROD0086,SELL029,2,13960.74,5,27921.48,412.01
ORD00349,1,PROD0036,SELL023,1,40233.95,15,40233.95,323.86
ORD00350,1,PROD0082,SELL026,1,49819.16,0,49819.16,265.15
ORD00351,1,PROD0030,SELL034,2,38529.57,0,77059.14,428.4
ORD00352,1,PROD0087,SELL004,2,39736.4,0,79472.8,426.84
ORD00353,1,PROD0058,SELL021,1,31678.86,0,31678.86,68.45
ORD00354,1,PROD0062,SELL028,2,13759.82,5,27519.64,324.36
ORD00355,1,PROD0057,SELL007,1,39483.51,5,39483.51,70.2
ORD00356,1,PROD0008,SELL036,1,21548.61,15,21548.61,218.79
ORD00357,1,PROD0087,SELL002,1,39736.4,0,39736.4,120.47
ORD00358,1,PROD0024,SELL016,1,44213.19,0,44213.19,90.01
ORD00359,1,PROD0048,SELL001,1,11057.78,10,11057.78,97.96
ORD00360,1,PROD0009,SELL022,1,47073.97,5,47073.97,355.17
ORD00361,1,PROD0006,SELL015,3,27314.14,10,81942.42,355.81
ORD00361,2,PROD0064,SELL030,1,37229.56,0,37229.56,375.26
ORD00362,1,PROD0038,SELL029,1,17911.85,5,17911.85,389.8
ORD00363,1,PROD0023,SELL017,3,42260.31,0,126780.93,348.4
ORD00364,1,PROD0068,SELL040,2,13795.73,15,27591.46,60.73
ORD00365,1,PROD0032,SELL040,1,37129.57,15,37129.57,168.27
ORD00365,2,PROD0006,SELL010,1,30349.04,0,30349.04,403.94
ORD00365,3,PROD0098,SELL009,2,37909.83,20,75819.66,446.34
ORD00366,1,PROD0060,SELL012,1,15153.35,5,15153.35,356.42
ORD00367,1,PROD0028,SELL020,1,11297.07,5,11297.07,103.89
ORD00368,1,PROD0055,SELL029,1,29930.49,5,29930.49,408.12
ORD00369,1,PROD0083,SELL006,2,5398.53,15,10797.06,76.25
ORD00370,1,PROD0078,SELL009,4,23931.57,10,95726.28,377.72
ORD00371,1,PROD0020,SELL014,1,24269.93,5,24269.93,399.41
ORD00371,2,PROD0051,SELL030,2,45297.74,5,90595.48,402.2
ORD00371,3,PROD0030,SELL021,2,36603.09,5,73206.18,472.71
ORD00371,4,PROD0093,SELL027,1,6160.76,5,6160.76,292.47
ORD00372,1,PROD0100,SELL035,1,6153.36,5,6153.36,296.76
ORD00373,1,PROD0051,SELL005,1,47681.83,0,47681.83,81.06
ORD00374,1,PROD0024,SELL013,1,35370.55,20,35370.55,163.39
ORD00375,1,PROD0015,SELL009,1,6921.76,5,6921.76,62.32
ORD00376,1,PROD0040,SELL038,1,35659.07,10,35659.07,245.71
ORD00377,1,PROD0063,SELL030,1,13842.53,0,13842.53,72.82
ORD00378,1,PROD0054,SELL012,2,35530.98,10,71061.96,245.18
ORD00378,2,PROD0032,SELL012,2,43681.85,0,87363.7,358.36
ORD00379,1,PROD0028,SELL027,4,11297.07,5,45188.28,497.8
ORD00379,2,PROD0064,SELL005,2,35368.08,5,70736.16,396.37
ORD00380,1,PROD0052,SELL013,1,1261.63,0,1261.63,83.9
ORD00381,1,PROD0036,SELL011,1,47334.06,0,47334.06,77.24
ORD00382,1,PROD0087,SELL035,1,35762.76,10,35762.76,423.16
ORD00383,1,PROD0026,SELL016,1,36128.85,0,36128.85,72.95
ORD00384,1,PROD0086,SELL011,1,13960.74,5,13960.74,413.34
ORD00384,2,PROD0022,SELL021,1,11520.52,0,11520.52,127.35
ORD00385,1,PROD0002,SELL025,1,3080.28,0,3080.28,339.24
ORD00386,1,PROD0073,SELL017,3,45268.71,5,135806.13,491.27
ORD00386,2,PROD0022,SELL025,2,9216.42,20,18432.84,356.05
ORD00387,1,PROD0095,SELL015,1,34602.43,10,34602.43,36.25
ORD00388,1,PROD0048,SELL032,1,12286.42,0,12286.42,126.06
ORD00389,1,PROD0054,SELL019,2,39478.87,0,78957.74,374.45
ORD00390,1,PROD0063,SELL005,3,13842.53,0,41527.59,496.25
ORD00391,1,PROD0032,SELL012,1,43681.85,0,43681.85,300.92
ORD00391,2,PROD0055,SELL013,1,28355.2,10,28355.2,67.61
ORD00392,1,PROD0003,SELL025,1,30846.67,0,30846.67,456.03
ORD00392,2,PROD0098,SELL020,1,47387.29,0,47387.29,371.52
ORD00393,1,PROD0025,SELL001,1,28464.86,5,28464.86,370.91
ORD00394,1,PROD0005,SELL008,1,43201.48,5,43201.48,121.29
ORD00395,1,PROD0055,SELL016,1,31505.78,0,31505.78,412.17
ORD00396,1,PROD0085,SELL011,1,30127.53,10,30127.53,332.87
ORD00397,1,PROD0069,SELL025,1,13948.35,10,13948.35,383.66
ORD00398,1,PROD0096,SELL020,1,41611.69,0,41611.69,261.11
ORD00398,2,PROD0051,SELL007,1,42913.65,10,42913.65,276.73
ORD00399,1,PROD0015,SELL029,1,7286.06,0,7286.06,124.44
ORD00400,1,PROD0011,SELL019,1,38779.62,0,38779.62,60.2
ORD00401,1,PROD0013,SELL025,1,11509.05,20,11509.05,387.84
ORD00401,2,PROD0028,SELL032,1,11891.65,0,11891.65,231.84
ORD00401,3,PROD0067,SELL024,2,4176.62,0,8353.24,178.16
ORD00401,4,PROD0001,SELL016,3,22941.01,10,68823.03,207.86
ORD00402,1,PROD0016,SELL034,1,29872.1,10,29872.1,413.07
ORD00403,1,PROD0003,SELL024,2,24677.34,20,49354.68,375.83
ORD00403,2,PROD0082,SELL029,1,47328.2,5,47328.2,377.43
ORD00404,1,PROD0092,SELL003,1,18618.35,10,18618.35,171.63
ORD00404,2,PROD0065,SELL036,4,46258.11,5,185032.44,451.31
ORD00405,1,PROD0042,SELL025,2,22567.92,0,45135.84,151.09
ORD00406,1,PROD0043,SELL037,2,11684.0,10,23368.0,332.67
ORD00406,2,PROD0029,SELL025,3,16695.08,10,50085.24,370.76
ORD00407,1,PROD0076,SELL013,2,1861.17,0,3722.34,202.84
ORD00408,1,PROD0041,SELL009,1,31391.62,10,31391.62,134.41
ORD00408,2,PROD0099,SELL026,1,10809.97,15,10809.97,178.49
ORD00408,3,PROD0047,SELL019,2,28440.88,5,56881.76,244.22
ORD00409,1,PROD0062,SELL014,1,13035.62,10,13035.62,207.05
ORD00409,2,PROD0081,SELL022,1,11946.05,10,11946.05,428.59
ORD00410,1,PROD0071,SELL031,4,27754.97,10,111019.88,213.8
ORD00410,2,PROD0051,SELL034,2,47681.83,0,95363.66,463.84
ORD00410,3,PROD0044,SELL036,1,30541.78,0,30541.78,383.57
ORD00410,4,PROD0055,SELL038,2,31505.78,0,63011.56,469.25
ORD00411,1,PROD0047,SELL037,1,26943.99,10,26943.99,433.46
ORD00412,1,PROD0066,SELL022,1,36987.56,20,36987.56,324.68
ORD00413,1,PROD0086,SELL006,2,12491.19,15,24982.38,335.65
ORD00413,2,PROD0085,SELL018,1,31801.28,5,31801.28,35.45
ORD00414,1,PROD0076,SELL025,1,1675.05,10,1675.05,233.82
ORD00414,2,PROD0024,SELL037,1,44213.19,0,44213.19,365.47
ORD00415,1,PROD0069,SELL008,2,15498.17,0,30996.34,339.53
ORD00415,2,PROD0092,SELL008,1,19652.71,5,19652.71,114.57
ORD00416,1,PROD0097,SELL003,1,8307.86,0,8307.86,170.33
ORD00417,1,PROD0057,SELL009,1,37405.43,10,37405.43,275.65
ORD00418,1,PROD0018,SELL036,1,31908.88,5,31908.88,90.39
ORD00418,2,PROD0078,SELL040,1,25261.1,5,25261.1,152.52
ORD00419,1,PROD0090,SELL024,1,6035.51,10,6035.51,270.37
ORD00419,2,PROD0083,SELL011,1,6351.21,0,6351.21,496.45
ORD00419,3,PROD0025,SELL028,1,23970.41,20,23970.41,146.32
ORD00419,4,PROD0092,SELL018,1,20687.06,0,20687.06,287.73
ORD00420,1,PROD0014,SELL008,1,39326.09,10,39326.09,174.08
ORD00421,1,PROD0050,SELL035,1,28307.1,15,28307.1,219.25
ORD00421,2,PROD0024,SELL038,1,44213.19,0,44213.19,271.38
ORD00421,3,PROD0045,SELL010,2,15232.27,0,30464.54,296.75
ORD00422,1,PROD0046,SELL030,1,39746.48,0,39746.48,231.05
ORD00423,1,PROD0012,SELL006,1,3529.11,0,3529.11,74.01
ORD00424,1,PROD0087,SELL035,2,37749.58,5,75499.16,319.65
ORD00425,1,PROD0068,SELL003,1,12984.22,20,12984.22,347.03
ORD00425,2,PROD0088,SELL034,3,39655.27,0,118965.81,202.51
ORD00425,3,PROD0078,SELL009,1,21272.5,20,21272.5,228.68
ORD00426,1,PROD0073,SELL014,3,40503.58,15,121510.74,480.79
ORD00426,2,PROD0051,SELL033,2,47681.83,0,95363.66,247.64
ORD00427,1,PROD0002,SELL007,1,3080.28,0,3080.28,278.68
ORD00428,1,PROD0024,SELL035,2,44213.19,0,88426.38,236.13
ORD00429,1,PROD0096,SELL022,3,41611.69,0,124835.07,123.53
ORD00430,1,PROD0052,SELL025,1,1009.3,20,1009.3,402.58
ORD00430,2,PROD0065,SELL009,1,46258.11,5,46258.11,390.67
ORD00431,1,PROD0094,SELL033,1,23425.2,0,23425.2,84.06
ORD00432,1,PROD0025,SELL038,1,29963.01,0,29963.01,86.62
ORD00433,1,PROD0090,SELL015,1,6370.81,5,6370.81,58.83
ORD00434,1,PROD0007,SELL021,1,5129.26,5,5129.26,456.99
ORD00435,1,PROD0043,SELL024,2,12333.11,5,24666.22,314.22
ORD00435,2,PROD0047,SELL016,2,29937.77,0,59875.54,210.5
ORD00436,1,PROD0070,SELL040,1,31109.22,10,31109.22,495.13
ORD00437,1,PROD0072,SELL024,1,3584.97,10,3584.97,458.1
ORD00437,2,PROD0045,SELL005,1,14470.66,5,14470.66,477.65
ORD00438,1,PROD0064,SELL035,2,29783.65,20,59567.3,107.79
ORD00438,2,PROD0088,SELL033,1,35689.74,10,35689.74,218.4
ORD00439,1,PROD0038,SELL018,1,18854.58,0,18854.58,51.44
ORD00439,2,PROD0091,SELL016,1,18052.61,10,18052.61,472.76
ORD00440,1,PROD0042,SELL036,1,22567.92,0,22567.92,452.22
ORD00440,2,PROD0011,SELL019,1,38779.62,0,38779.62,413.48
ORD00440,3,PROD0091,SELL023,1,16046.77,20,16046.77,113.07
ORD00441,1,PROD0027,SELL029,1,48487.03,0,48487.03,303.38
ORD00442,1,PROD0064,SELL012,1,31645.13,15,31645.13,112.77
ORD00443,1,PROD0078,SELL013,1,26590.63,0,26590.63,145.27
ORD00444,1,PROD0003,SELL008,2,27762.0,10,55524.0,332.91
ORD00445,1,PROD0018,SELL031,2,28550.05,15,57100.1,413.27
ORD00446,1,PROD0066,SELL027,1,39299.28,15,39299.28,41.28
ORD00447,1,PROD0014,SELL019,1,39326.09,10,39326.09,85.62
ORD00448,1,PROD0020,SELL020,1,25547.3,0,25547.3,441.44
ORD00449,1,PROD0062,SELL005,1,13759.82,5,13759.82,371.55
ORD00450,1,PROD0043,SELL016,1,12333.11,5,12333.11,283.21
ORD00450,2,PROD0018,SELL032,1,28550.05,15,28550.05,210.77
ORD00451,1,PROD0018,SELL008,1,33588.29,0,33588.29,428.91
ORD00452,1,PROD0027,SELL015,1,48487.03,0,48487.03,482.16
ORD00453,1,PROD0021,SELL002,1,47570.67,0,47570.67,145.17
ORD00454,1,PROD0061,SELL022,1,21421.48,10,21421.48,36.21
ORD00454,2,PROD0053,SELL008,1,41698.2,15,41698.2,45.1
ORD00454,3,PROD0093,SELL012,1,6485.01,0,6485.01,421.36
ORD00455,1,PROD0021,SELL018,3,45192.14,5,135576.42,489.63
ORD00456,1,PROD0062,SELL026,2,14484.02,0,28968.04,407.57
ORD00456,2,PROD0041,SELL028,1,34879.58,0,34879.58,66.57
ORD00457,1,PROD0040,SELL013,1,35659.07,10,35659.07,45.21
ORD00458,1,PROD0040,SELL001,4,35659.07,10,142636.28,480.61
ORD00459,1,PROD0100,SELL010,1,5829.5,10,5829.5,254.17
ORD00460,1,PROD0019,SELL011,4,43362.08,5,173448.32,496.37
ORD00460,2,PROD0099,SELL039,2,10809.97,15,21619.94,190.47
ORD00461,1,PROD0020,SELL037,1,24269.93,5,24269.93,408.22
ORD00462,1,PROD0036,SELL037,1,47334.06,0,47334.06,114.22
ORD00463,1,PROD0037,SELL026,1,41886.88,10,41886.88,349.87
ORD00464,1,PROD0006,SELL016,2,28831.59,5,57663.18,102.64
ORD00464,2,PROD0080,SELL007,1,25077.44,0,25077.44,217.66
ORD00464,3,PROD0083,SELL005,1,5398.53,15,5398.53,344.5
ORD00464,4,PROD0008,SELL023,1,22816.18,10,22816.18,453.06
ORD00465,1,PROD0090,SELL031,1,6370.81,5,6370.81,286.19
ORD00466,1,PROD0028,SELL028,1,10702.49,10,10702.49,69.29
ORD00466,2,PROD0007,SELL005,1,5399.22,0,5399.22,440.67
ORD00466,3,PROD0003,SELL029,2,29304.34,5,58608.68,344.73
ORD00467,1,PROD0062,SELL011,3,13759.82,5,41279.46,458.92
ORD00467,2,PROD0061,SELL037,1,23801.64,0,23801.64,398.04
ORD00467,3,PROD0069,SELL039,1,13948.35,10,13948.35,301.89
ORD00468,1,PROD0087,SELL017,1,39736.4,0,39736.4,241.76
ORD00468,2,PROD0053,SELL009,1,44151.04,10,44151.04,301.84
ORD00469,1,PROD0025,SELL037,3,28464.86,5,85394.58,200.98
ORD00470,1,PROD0098,SELL022,1,47387.29,0,47387.29,231.34
ORD00471,1,PROD0013,SELL006,1,12947.68,10,12947.68,223.3
ORD00471,2,PROD0012,SELL032,2,3176.2,10,6352.4,286.02
ORD00471,3,PROD0014,SELL029,1,37141.31,15,37141.31,343.82
ORD00472,1,PROD0060,SELL026,1,15153.35,5,15153.35,135.25
ORD00472,2,PROD0053,SELL019,1,44151.04,10,44151.04,174.48
ORD00473,1,PROD0067,SELL039,1,4176.62,0,4176.62,298.93
ORD00473,2,PROD0095,SELL028,1,30757.71,20,30757.71,120.55
ORD00474,1,PROD0041,SELL034,1,34879.58,0,34879.58,363.71
ORD00475,1,PROD0081,SELL038,1,11946.05,10,11946.05,285.53
ORD00476,1,PROD0025,SELL035,2,26966.71,10,53933.42,409.34
ORD00477,1,PROD0077,SELL008,1,18757.67,0,18757.67,450.46
ORD00478,1,PROD0027,SELL027,1,48487.03,0,48487.03,456.9
ORD00479,1,PROD0079,SELL039,1,12668.18,0,12668.18,378.6
ORD00480,1,PROD0018,SELL015,1,30229.46,10,30229.46,89.49
ORD00481,1,PROD0033,SELL018,3,27838.4,0,83515.2,402.78
ORD00481,2,PROD0023,SELL038,1,38034.28,10,38034.28,478.27
ORD00481,3,PROD0026,SELL032,1,34322.41,5,34322.41,310.27
ORD00482,1,PROD0005,SELL033,1,43201.48,5,43201.48,313.82
ORD00483,1,PROD0046,SELL005,1,37759.16,5,37759.16,98.17
ORD00483,2,PROD0032,SELL021,1,43681.85,0,43681.85,35.12
ORD00484,1,PROD0092,SELL039,3,17584.0,15,52752.0,345.53
ORD00485,1,PROD0054,SELL039,1,37504.93,5,37504.93,300.91
ORD00485,2,PROD0016,SELL019,1,29872.1,10,29872.1,300.61
ORD00485,3,PROD0058,SELL001,3,31678.86,0,95036.58,425.57
ORD00485,4,PROD0022,SELL026,1,10944.49,5,10944.49,277.93
ORD00486,1,PROD0079,SELL004,1,11401.36,10,11401.36,243.65
ORD00487,1,PROD0042,SELL028,1,22567.92,0,22567.92,370.33
ORD00488,1,PROD0039,SELL005,1,10278.72,10,10278.72,402.07
ORD00489,1,PROD0053,SELL029,2,46603.87,5,93207.74,143.05
ORD00489,2,PROD0082,SELL031,2,39855.33,20,79710.66,181.3
ORD00490,1,PROD0089,SELL005,3,18204.6,0,54613.8,36.17
ORD00490,2,PROD0010,SELL014,1,17436.22,5,17436.22,259.19
ORD00491,1,PROD0065,SELL007,3,48692.75,0,146078.25,200.91
ORD00492,1,PROD0074,SELL007,1,33252.23,15,33252.23,380.16
ORD00493,1,PROD0071,SELL006,1,30838.86,0,30838.86,216.56
ORD00494,1,PROD0023,SELL039,1,38034.28,10,38034.28,273.75
ORD00495,1,PROD0036,SELL015,2,42600.65,10,85201.3,220.14
ORD00496,1,PROD0094,SELL001,1,22253.94,5,22253.94,359.22
ORD00497,1,PROD0002,SELL031,1,3080.28,0,3080.28,487.95
ORD00498,1,PROD0003,SELL037,2,30846.67,0,61693.34,137.3
ORD00499,1,PROD0070,SELL017,2,34565.8,0,69131.6,245.61
ORD00500,1,PROD0029,SELL023,1,18550.09,0,18550.09,378.28
ORD00500,2,PROD0085,SELL028,1,30127.53,10,30127.53,121.11
ORD00500,3,PROD0019,SELL025,1,36515.43,20,36515.43,442.26
ORD00501,1,PROD0054,SELL018,1,39478.87,0,39478.87,274.44
ORD00502,1,PROD0088,SELL010,1,39655.27,0,39655.27,292.33
ORD00503,1,PROD0001,SELL028,1,21666.51,15,21666.51,53.45
ORD00504,1,PROD0026,SELL019,1,34322.41,5,34322.41,196.68
ORD00504,2,PROD0056,SELL025,1,5509.7,20,5509.7,76.13
ORD00504,3,PROD0075,SELL017,3,37032.08,5,111096.24,111.45
ORD00504,4,PROD0011,SELL028,2,38779.62,0,77559.24,301.74
ORD00505,1,PROD0049,SELL028,1,29294.94,5,29294.94,356.24
ORD00506,1,PROD0099,SELL027,1,12717.61,0,12717.61,456.22
ORD00507,1,PROD0098,SELL034,1,47387.29,0,47387.29,55.71
ORD00508,1,PROD0066,SELL004,2,43922.73,5,87845.46,294.16
ORD00509,1,PROD0026,SELL008,1,36128.85,0,36128.85,443.55
ORD00510,1,PROD0031,SELL029,2,18970.54,10,37941.08,233.21
ORD00510,2,PROD0070,SELL002,1,29380.93,15,29380.93,339.01
ORD00510,3,PROD0034,SELL011,1,12988.69,10,12988.69,124.16
ORD00510,4,PROD0079,SELL031,1,11401.36,10,11401.36,480.77
ORD00511,1,PROD0075,SELL020,1,35083.03,10,35083.03,338.88
ORD00512,1,PROD0065,SELL033,1,41388.84,15,41388.84,276.78
ORD00513,1,PROD0051,SELL005,3,42913.65,10,128740.95,206.97
ORD00514,1,PROD0052,SELL005,1,1072.39,15,1072.39,104.81
ORD00515,1,PROD0050,SELL027,3,33302.47,0,99907.41,147.73
ORD00515,2,PROD0097,SELL003,2,8307.86,0,16615.72,388.78
ORD00516,1,PROD0026,SELL013,1,34322.41,5,34322.41,164.46
ORD00517,1,PROD0001,SELL027,1,21666.51,15,21666.51,190.13
ORD00517,2,PROD0047,SELL034,1,25447.1,15,25447.1,298.07
ORD00518,1,PROD0067,SELL020,1,3967.79,5,3967.79,54.2
ORD00519,1,PROD0069,SELL037,1,14723.26,5,14723.26,317.29
ORD00520,1,PROD0098,SELL004,1,45017.93,5,45017.93,374.92
ORD00521,1,PROD0010,SELL027,1,16518.53,10,16518.53,67.88
ORD00522,1,PROD0039,SELL015,1,11420.8,0,11420.8,393.6
ORD00523,1,PROD0071,SELL008,1,26213.03,15,26213.03,491.79
ORD00523,2,PROD0018,SELL024,1,33588.29,0,33588.29,461.49
ORD00524,1,PROD0010,SELL009,1,18353.92,0,18353.92,177.64
ORD00524,2,PROD0008,SELL039,2,25351.31,0,50702.62,167.43
ORD00525,1,PROD0029,SELL020,3,16695.08,10,50085.24,167.56
ORD00525,2,PROD0057,SELL016,1,41561.59,0,41561.59,357.95
ORD00526,1,PROD0071,SELL014,1,27754.97,10,27754.97,400.33
ORD00527,1,PROD0011,SELL004,1,34901.66,10,34901.66,262.82
ORD00528,1,PROD0045,SELL002,3,13709.04,10,41127.12,188.02
ORD00529,1,PROD0095,SELL004,2,36524.78,5,73049.56,477.66
ORD00529,2,PROD0097,SELL019,2,7061.68,15,14123.36,247.85
ORD00530,1,PROD0088,SELL018,1,39655.27,0,39655.27,285.12
ORD00531,1,PROD0073,SELL021,2,40503.58,15,81007.16,238.59
ORD00532,1,PROD0079,SELL036,1,12668.18,0,12668.18,114.51
ORD00533,1,PROD0005,SELL012,2,38653.95,15,77307.9,302.55
ORD00534,1,PROD0031,SELL023,1,20024.46,5,20024.46,83.2
ORD00535,1,PROD0043,SELL024,1,10385.78,20,10385.78,322.3
ORD00535,2,PROD0053,SELL011,1,49056.71,0,49056.71,100.53
ORD00536,1,PROD0085,SELL010,1,26780.02,20,26780.02,66.87
ORD00537,1,PROD0016,SELL034,2,29872.1,10,59744.2,339.82
ORD00538,1,PROD0096,SELL008,2,39531.11,5,79062.22,480.08
ORD00539,1,PROD0017,SELL035,1,13303.94,15,13303.94,346.83
ORD00540,1,PROD0099,SELL013,2,10809.97,15,21619.94,37.29
ORD00541,1,PROD0066,SELL034,3,39299.28,15,117897.84,196.55
ORD00542,1,PROD0046,SELL029,3,35771.83,10,107315.49,378.13
ORD00543,1,PROD0001,SELL038,1,22941.01,10,22941.01,243.16
ORD00544,1,PROD0066,SELL028,1,43922.73,5,43922.73,385.93
ORD00545,1,PROD0016,SELL019,1,31531.66,5,31531.66,446.11
ORD00546,1,PROD0022,SELL002,1,11520.52,0,11520.52,448.6
ORD00547,1,PROD0059,SELL019,3,1880.95,10,5642.85,462.02
ORD00548,1,PROD0046,SELL006,2,39746.48,0,79492.96,64.94
ORD00549,1,PROD0067,SELL036,2,3550.13,15,7100.26,46.75
ORD00549,2,PROD0041,SELL001,1,33135.6,5,33135.6,439.89
ORD00549,3,PROD0025,SELL015,2,29963.01,0,59926.02,101.17
ORD00550,1,PROD0028,SELL028,1,11297.07,5,11297.07,128.02
ORD00550,2,PROD0001,SELL012,1,22941.01,10,22941.01,318.29
ORD00551,1,PROD0077,SELL023,1,18757.67,0,18757.67,132.9
ORD00552,1,PROD0041,SELL008,1,33135.6,5,33135.6,90.19
ORD00553,1,PROD0053,SELL004,1,49056.71,0,49056.71,347.24
ORD00554,1,PROD0006,SELL020,1,30349.04,0,30349.04,441.54
ORD00555,1,PROD0049,SELL022,3,27753.1,10,83259.3,289.86
ORD00555,2,PROD0012,SELL004,1,3352.65,5,3352.65,123.27
ORD00556,1,PROD0005,SELL034,1,43201.48,5,43201.48,257.9
ORD00556,2,PROD0003,SELL011,1,30846.67,0,30846.67,326.83
ORD00556,3,PROD0097,SELL016,1,7477.07,10,7477.07,412.11
ORD00557,1,PROD0096,SELL035,1,41611.69,0,41611.69,375.86
ORD00558,1,PROD0084,SELL037,1,44959.28,0,44959.28,73.74
ORD00559,1,PROD0070,SELL007,1,32837.51,5,32837.51,41.7
ORD00560,1,PROD0063,SELL038,1,13842.53,0,13842.53,319.75
ORD00561,1,PROD0020,SELL003,1,24269.93,5,24269.93,221.07
ORD00562,1,PROD0072,SELL006,3,3784.14,5,11352.42,66.43
ORD00563,1,PROD0081,SELL034,1,11946.05,10,11946.05,287.13
ORD00564,1,PROD0067,SELL014,2,3341.3,20,6682.6,204.49
ORD00565,1,PROD0061,SELL005,4,23801.64,0,95206.56,359.69
ORD00566,1,PROD0045,SELL001,3,15232.27,0,45696.81,415.75
ORD00566,2,PROD0081,SELL028,1,13273.39,0,13273.39,323.52
ORD00567,1,PROD0017,SELL034,1,14086.53,10,14086.53,185.18
ORD00568,1,PROD0019,SELL031,2,45644.29,0,91288.58,451.1
ORD00568,2,PROD0022,SELL004,1,9792.44,15,9792.44,229.94
ORD00569,1,PROD0041,SELL006,2,29647.64,15,59295.28,479.02
ORD00569,2,PROD0068,SELL018,2,13795.73,15,27591.46,293.43
ORD00570,1,PROD0099,SELL023,2,12717.61,0,25435.22,293.1
ORD00570,2,PROD0086,SELL013,1,14695.52,0,14695.52,381.39
ORD00571,1,PROD0035,SELL003,1,40760.08,10,40760.08,217.2
ORD00572,1,PROD0061,SELL035,2,23801.64,0,47603.28,43.55
ORD00573,1,PROD0070,SELL018,4,34565.8,0,138263.2,318.58
ORD00574,1,PROD0086,SELL026,1,13225.97,10,13225.97,58.9
ORD00575,1,PROD0053,SELL001,1,46603.87,5,46603.87,85.33
ORD00575,2,PROD0023,SELL030,1,38034.28,10,38034.28,296.11
ORD00576,1,PROD0082,SELL024,1,42346.29,15,42346.29,473.32
ORD00577,1,PROD0053,SELL015,2,49056.71,0,98113.42,123.64
ORD00578,1,PROD0088,SELL003,3,37672.51,5,113017.53,103.18
ORD00578,2,PROD0022,SELL037,1,10368.47,10,10368.47,193.05
ORD00579,1,PROD0066,SELL014,1,43922.73,5,43922.73,44.78
ORD00580,1,PROD0090,SELL007,1,5700.2,15,5700.2,33.71
ORD00581,1,PROD0079,SELL030,1,11401.36,10,11401.36,373.55
ORD00582,1,PROD0065,SELL027,1,48692.75,0,48692.75,301.42
ORD00582,2,PROD0014,SELL038,1,41510.88,5,41510.88,463.51
ORD00583,1,PROD0012,SELL010,2,3352.65,5,6705.3,107.71
ORD00583,2,PROD0040,SELL001,2,39621.19,0,79242.38,110.87
ORD00583,3,PROD0099,SELL020,1,12717.61,0,12717.61,125.56
ORD00584,1,PROD0061,SELL025,2,21421.48,10,42842.96,388.64
ORD00584,2,PROD0086,SELL007,1,14695.52,0,14695.52,469.57
ORD00585,1,PROD0078,SELL012,2,25261.1,5,50522.2,189.73
ORD00586,1,PROD0084,SELL012,1,44959.28,0,44959.28,211.8
ORD00587,1,PROD0088,SELL007,2,37672.51,5,75345.02,409.25
ORD00588,1,PROD0034,SELL008,1,12267.1,15,12267.1,241.63
ORD00589,1,PROD0020,SELL001,1,21715.2,15,21715.2,307.37
ORD00590,1,PROD0007,SELL039,2,5399.22,0,10798.44,188.61
ORD00591,1,PROD0005,SELL039,1,40927.72,10,40927.72,279.7
ORD00592,1,PROD0032,SELL034,1,43681.85,0,43681.85,183.5
ORD00592,2,PROD0094,SELL003,1,18740.16,20,18740.16,329.77
ORD00593,1,PROD0093,SELL006,2,6160.76,5,12321.52,84.72
ORD00593,2,PROD0084,SELL013,1,35967.42,20,35967.42,319.32
ORD00594,1,PROD0100,SELL018,1,6477.22,0,6477.22,217.38
ORD00594,2,PROD0024,SELL012,2,44213.19,0,88426.38,221.38
ORD00595,1,PROD0009,SELL040,1,44596.4,10,44596.4,418.68
ORD00596,1,PROD0096,SELL032,1,37450.52,10,37450.52,346.3
ORD00597,1,PROD0097,SELL021,1,7892.47,5,7892.47,103.27
ORD00598,1,PROD0049,SELL039,3,30836.78,0,92510.34,216.0
ORD00599,1,PROD0099,SELL024,1,11445.85,10,11445.85,352.82
ORD00600,1,PROD0023,SELL026,1,40147.29,5,40147.29,187.01
ORD00601,1,PROD0018,SELL040,1,26870.63,20,26870.63,311.8
ORD00602,1,PROD0003,SELL025,1,26219.67,15,26219.67,429.65
ORD00602,2,PROD0096,SELL011,1,37450.52,10,37450.52,142.48
ORD00602,3,PROD0077,SELL031,3,15944.02,15,47832.06,181.68
ORD00603,1,PROD0023,SELL030,1,42260.31,0,42260.31,313.88
ORD00604,1,PROD0053,SELL031,2,49056.71,0,98113.42,226.03
ORD00604,2,PROD0067,SELL017,2,3967.79,5,7935.58,366.42
ORD00605,1,PROD0093,SELL003,1,5836.51,10,5836.51,270.43
ORD00605,2,PROD0099,SELL029,1,12717.61,0,12717.61,98.61
ORD00606,1,PROD0027,SELL007,1,43638.33,10,43638.33,245.37
ORD00606,2,PROD0034,SELL032,2,12988.69,10,25977.38,190.95
ORD00607,1,PROD0048,SELL037,1,12286.42,0,12286.42,474.05
ORD00608,1,PROD0033,SELL015,1,27838.4,0,27838.4,172.39
ORD00608,2,PROD0082,SELL038,1,47328.2,5,47328.2,269.04
ORD00609,1,PROD0063,SELL011,2,13150.4,5,26300.8,257.48
ORD00610,1,PROD0026,SELL023,1,34322.41,5,34322.41,330.16
ORD00611,1,PROD0043,SELL033,1,12333.11,5,12333.11,281.33
ORD00612,1,PROD0084,SELL016,1,40463.35,10,40463.35,113.39
ORD00613,1,PROD0062,SELL007,1,13035.62,10,13035.62,179.86
ORD00613,2,PROD0060,SELL005,1,15950.89,0,15950.89,69.19
ORD00614,1,PROD0100,SELL013,1,5829.5,10,5829.5,385.11
ORD00614,2,PROD0083,SELL001,1,6033.65,5,6033.65,157.25
ORD00615,1,PROD0057,SELL008,3,35327.35,15,105982.05,259.16
ORD00616,1,PROD0057,SELL022,1,39483.51,5,39483.51,115.85
ORD00617,1,PROD0079,SELL037,2,12668.18,0,25336.36,120.19
ORD00617,2,PROD0027,SELL026,2,41213.98,15,82427.96,316.76
ORD00618,1,PROD0061,SELL010,1,21421.48,10,21421.48,419.74
ORD00618,2,PROD0039,SELL021,1,10849.76,5,10849.76,214.96
ORD00618,3,PROD0048,SELL027,1,10443.46,15,10443.46,55.99
ORD00619,1,PROD0004,SELL028,2,27827.24,0,55654.48,293.19
ORD00619,2,PROD0042,SELL013,2,20311.13,10,40622.26,236.85
ORD00620,1,PROD0078,SELL038,1,26590.63,0,26590.63,330.63
ORD00621,1,PROD0020,SELL020,1,24269.93,5,24269.93,235.98
ORD00621,2,PROD0076,SELL021,1,1675.05,10,1675.05,152.54
ORD00622,1,PROD0047,SELL022,1,23950.22,20,23950.22,151.74
ORD00623,1,PROD0068,SELL004,3,15418.76,5,46256.28,37.61
ORD00624,1,PROD0072,SELL008,1,3584.97,10,3584.97,427.76
ORD00625,1,PROD0095,SELL022,1,34602.43,10,34602.43,189.71
ORD00625,2,PROD0020,SELL034,2,22992.57,10,45985.14,475.8
ORD00626,1,PROD0099,SELL021,1,11445.85,10,11445.85,124.16
ORD00627,1,PROD0078,SELL003,2,25261.1,5,50522.2,478.69
ORD00628,1,PROD0046,SELL002,1,33784.51,15,33784.51,236.63
ORD00629,1,PROD0016,SELL006,3,31531.66,5,94594.98,301.8
ORD00630,1,PROD0033,SELL033,1,26446.48,5,26446.48,33.41
ORD00631,1,PROD0011,SELL031,1,31023.7,20,31023.7,372.93
ORD00631,2,PROD0084,SELL021,1,38215.39,15,38215.39,113.36
ORD00631,3,PROD0083,SELL001,1,6351.21,0,6351.21,356.68
ORD00631,4,PROD0050,SELL003,1,28307.1,15,28307.1,437.18
ORD00632,1,PROD0024,SELL008,2,44213.19,0,88426.38,125.92
ORD00632,2,PROD0047,SELL026,1,25447.1,15,25447.1,154.64
ORD00633,1,PROD0049,SELL039,2,30836.78,0,61673.56,77.05
ORD00634,1,PROD0078,SELL001,1,25261.1,5,25261.1,454.35
ORD00635,1,PROD0019,SELL015,2,41079.86,10,82159.72,367.12
ORD00636,1,PROD0074,SELL018,2,39120.27,0,78240.54,228.35
ORD00637,1,PROD0031,SELL011,1,21078.38,0,21078.38,255.96
ORD00638,1,PROD0084,SELL033,3,44959.28,0,134877.84,449.49
ORD00638,2,PROD0099,SELL017,1,10809.97,15,10809.97,392.84
ORD00639,1,PROD0059,SELL008,1,1880.95,10,1880.95,89.36
ORD00640,1,PROD0088,SELL015,2,39655.27,0,79310.54,379.96
ORD00641,1,PROD0068,SELL024,1,14607.24,10,14607.24,328.41
ORD00641,2,PROD0022,SELL040,1,9792.44,15,9792.44,366.56
ORD00642,1,PROD0067,SELL027,2,3967.79,5,7935.58,93.98
ORD00643,1,PROD0019,SELL031,2,41079.86,10,82159.72,409.28
ORD00644,1,PROD0018,SELL038,3,33588.29,0,100764.87,238.39
ORD00644,2,PROD0052,SELL018,2,1261.63,0,2523.26,85.13
ORD00644,3,PROD0016,SELL020,1,29872.1,10,29872.1,311.27
ORD00645,1,PROD0006,SELL017,1,28831.59,5,28831.59,304.94
ORD00645,2,PROD0049,SELL032,2,30836.78,0,61673.56,78.43
ORD00646,1,PROD0099,SELL018,2,11445.85,10,22891.7,455.22
ORD00647,1,PROD0076,SELL028,2,1861.17,0,3722.34,397.03
ORD00648,1,PROD0013,SELL037,1,11509.05,20,11509.05,142.15
ORD00649,1,PROD0052,SELL028,2,1261.63,0,2523.26,296.46
ORD00650,1,PROD0088,SELL023,1,31724.22,20,31724.22,160.02
ORD00651,1,PROD0045,SELL012,2,12947.43,15,25894.86,186.87
ORD00652,1,PROD0064,SELL012,2,37229.56,0,74459.12,432.31
ORD00653,1,PROD0083,SELL036,1,6033.65,5,6033.65,113.62
ORD00654,1,PROD0095,SELL019,1,30757.71,20,30757.71,182.2
ORD00655,1,PROD0029,SELL015,1,15767.58,15,15767.58,98.33
ORD00655,2,PROD0032,SELL019,1,43681.85,0,43681.85,317.74
ORD00656,1,PROD0050,SELL017,2,26641.98,20,53283.96,407.61
ORD00656,2,PROD0096,SELL017,1,39531.11,5,39531.11,464.99
ORD00657,1,PROD0065,SELL035,1,41388.84,15,41388.84,313.92
ORD00657,2,PROD0091,SELL023,2,18052.61,10,36105.22,290.41
ORD00657,3,PROD0061,SELL015,1,22611.56,5,22611.56,55.0
ORD00658,1,PROD0019,SELL023,1,41079.86,10,41079.86,297.78
ORD00658,2,PROD0009,SELL002,2,47073.97,5,94147.94,360.98
ORD00659,1,PROD0066,SELL027,1,43922.73,5,43922.73,350.22
ORD00660,1,PROD0077,SELL012,2,18757.67,0,37515.34,466.55
ORD00661,1,PROD0044,SELL012,1,29014.69,5,29014.69,362.41
ORD00662,1,PROD0068,SELL002,2,16230.27,0,32460.54,291.85
ORD00662,2,PROD0033,SELL024,1,27838.4,0,27838.4,493.01
ORD00663,1,PROD0028,SELL023,1,10702.49,10,10702.49,102.7
ORD00664,1,PROD0016,SELL007,1,33191.22,0,33191.22,273.69
ORD00664,2,PROD0040,SELL007,1,35659.07,10,35659.07,498.75
ORD00664,3,PROD0038,SELL022,3,16026.39,15,48079.17,287.55
ORD00665,1,PROD0052,SELL003,1,1072.39,15,1072.39,462.93
ORD00666,1,PROD0069,SELL034,1,14723.26,5,14723.26,124.44
ORD00667,1,PROD0079,SELL025,1,10134.54,20,10134.54,392.25
ORD00668,1,PROD0041,SELL004,1,34879.58,0,34879.58,172.38
ORD00669,1,PROD0090,SELL003,3,6706.12,0,20118.36,476.48
ORD00670,1,PROD0089,SELL008,3,18204.6,0,54613.8,142.98
ORD00671,1,PROD0032,SELL040,2,37129.57,15,74259.14,228.74
ORD00672,1,PROD0053,SELL025,1,41698.2,15,41698.2,413.86
ORD00673,1,PROD0021,SELL032,1,45192.14,5,45192.14,108.66
ORD00674,1,PROD0051,SELL006,1,45297.74,5,45297.74,89.74
ORD00674,2,PROD0026,SELL003,1,36128.85,0,36128.85,137.46
ORD00675,1,PROD0085,SELL013,2,30127.53,10,60255.06,50.57
ORD00675,2,PROD0065,SELL001,3,48692.75,0,146078.25,476.69
ORD00676,1,PROD0043,SELL029,1,12333.11,5,12333.11,426.41
ORD00677,1,PROD0022,SELL021,1,11520.52,0,11520.52,78.78
ORD00678,1,PROD0061,SELL037,1,23801.64,0,23801.64,319.54
ORD00679,1,PROD0020,SELL024,1,25547.3,0,25547.3,373.56
ORD00679,2,PROD0059,SELL025,4,1776.45,15,7105.8,203.0
ORD00679,3,PROD0069,SELL002,1,15498.17,0,15498.17,50.0
ORD00680,1,PROD0054,SELL030,2,37504.93,5,75009.86,212.57
ORD00681,1,PROD0080,SELL030,1,22569.7,10,22569.7,221.86
ORD00681,2,PROD0047,SELL020,1,29937.77,0,29937.77,81.07
ORD00682,1,PROD0056,SELL002,2,6542.77,5,13085.54,343.49
ORD00682,2,PROD0024,SELL018,4,39791.87,10,159167.48,391.54
ORD00682,3,PROD0057,SELL026,1,35327.35,15,35327.35,100.82
ORD00683,1,PROD0009,SELL006,1,42118.82,15,42118.82,438.65
ORD00684,1,PROD0058,SELL031,1,31678.86,0,31678.86,172.52
ORD00685,1,PROD0090,SELL018,2,5700.2,15,11400.4,488.78
ORD00686,1,PROD0047,SELL038,1,28440.88,5,28440.88,39.33
ORD00686,2,PROD0057,SELL032,3,39483.51,5,118450.53,446.23
ORD00687,1,PROD0086,SELL013,3,14695.52,0,44086.56,364.36
ORD00688,1,PROD0036,SELL034,3,47334.06,0,142002.18,179.73
ORD00689,1,PROD0011,SELL022,1,38779.62,0,38779.62,489.78
ORD00690,1,PROD0035,SELL025,1,38495.63,15,38495.63,431.2
ORD00690,2,PROD0090,SELL028,1,6706.12,0,6706.12,473.17
ORD00691,1,PROD0015,SELL002,2,6193.15,15,12386.3,80.31
ORD00692,1,PROD0010,SELL030,1,18353.92,0,18353.92,342.52
ORD00692,2,PROD0020,SELL040,1,22992.57,10,22992.57,123.78
ORD00692,3,PROD0075,SELL006,1,35083.03,10,35083.03,73.05
ORD00693,1,PROD0078,SELL019,2,25261.1,5,50522.2,434.62
ORD00693,2,PROD0091,SELL029,1,20058.46,0,20058.46,112.65
ORD00693,3,PROD0024,SELL013,1,37581.21,15,37581.21,300.45
ORD00693,4,PROD0061,SELL013,2,21421.48,10,42842.96,65.62
ORD00694,1,PROD0033,SELL023,2,26446.48,5,52892.96,337.78
ORD00695,1,PROD0011,SELL029,1,34901.66,10,34901.66,71.47
ORD00695,2,PROD0087,SELL038,2,33775.94,15,67551.88,358.1
ORD00696,1,PROD0064,SELL020,2,37229.56,0,74459.12,499.58
ORD00697,1,PROD0060,SELL029,1,14355.8,10,14355.8,211.22
ORD00698,1,PROD0023,SELL038,3,42260.31,0,126780.93,37.7
ORD00698,2,PROD0020,SELL031,1,25547.3,0,25547.3,40.19
ORD00699,1,PROD0021,SELL004,1,47570.67,0,47570.67,477.89
ORD00699,2,PROD0063,SELL031,1,13842.53,0,13842.53,273.82
ORD00699,3,PROD0086,SELL032,2,13960.74,5,27921.48,36.09
ORD00700,1,PROD0017,SELL037,3,15651.7,0,46955.1,240.13
ORD00700,2,PROD0048,SELL027,1,10443.46,15,10443.46,353.49
ORD00701,1,PROD0042,SELL015,2,20311.13,10,40622.26,412.26
ORD00701,2,PROD0081,SELL016,1,12609.72,5,12609.72,39.12
ORD00701,3,PROD0074,SELL033,2,37164.26,5,74328.52,99.73
ORD00702,1,PROD0100,SELL004,1,6477.22,0,6477.22,31.44
ORD00703,1,PROD0077,SELL039,1,16881.9,10,16881.9,375.68
ORD00704,1,PROD0019,SELL019,1,41079.86,10,41079.86,388.32
ORD00705,1,PROD0036,SELL030,1,42600.65,10,42600.65,243.07
ORD00706,1,PROD0004,SELL028,1,26435.88,5,26435.88,183.51
ORD00707,1,PROD0009,SELL009,1,47073.97,5,47073.97,471.86
ORD00708,1,PROD0068,SELL027,1,15418.76,5,15418.76,102.84
ORD00709,1,PROD0088,SELL036,1,35689.74,10,35689.74,357.73
ORD00710,1,PROD0098,SELL019,1,42648.56,10,42648.56,357.65
ORD00711,1,PROD0022,SELL026,1,10944.49,5,10944.49,460.14
ORD00712,1,PROD0051,SELL019,1,45297.74,5,45297.74,484.84
ORD00712,2,PROD0016,SELL033,2,33191.22,0,66382.44,82.97
ORD00713,1,PROD0039,SELL030,1,10278.72,10,10278.72,296.42
ORD00713,2,PROD0047,SELL017,1,29937.77,0,29937.77,35.81
ORD00714,1,PROD0022,SELL032,1,10944.49,5,10944.49,403.65
ORD00715,1,PROD0036,SELL020,1,42600.65,10,42600.65,481.77
ORD00715,2,PROD0001,SELL007,1,25490.01,0,25490.01,119.67
ORD00716,1,PROD0019,SELL017,1,38797.65,15,38797.65,492.14
ORD00717,1,PROD0089,SELL018,1,16384.14,10,16384.14,255.47
ORD00717,2,PROD0072,SELL010,1,3784.14,5,3784.14,207.39
ORD00718,1,PROD0093,SELL013,2,6485.01,0,12970.02,157.82
ORD00718,2,PROD0062,SELL013,1,13759.82,5,13759.82,30.92
ORD00719,1,PROD0047,SELL006,1,28440.88,5,28440.88,252.06
ORD00720,1,PROD0060,SELL023,2,15950.89,0,31901.78,346.15
ORD00721,1,PROD0097,SELL035,2,8307.86,0,16615.72,50.1
ORD00722,1,PROD0018,SELL026,1,31908.88,5,31908.88,82.58
ORD00722,2,PROD0027,SELL033,1,46062.68,5,46062.68,300.47
ORD00723,1,PROD0067,SELL015,1,3758.96,10,3758.96,353.27
ORD00723,2,PROD0085,SELL007,1,30127.53,10,30127.53,103.18
ORD00723,3,PROD0051,SELL013,2,40529.56,15,81059.12,485.56
ORD00724,1,PROD0004,SELL002,1,27827.24,0,27827.24,419.0
ORD00724,2,PROD0003,SELL005,1,29304.34,5,29304.34,85.91
ORD00725,1,PROD0079,SELL038,1,12034.77,5,12034.77,44.81
ORD00726,1,PROD0063,SELL003,3,12458.28,10,37374.84,70.81
ORD00726,2,PROD0004,SELL017,1,27827.24,0,27827.24,370.41
ORD00726,3,PROD0049,SELL007,1,27753.1,10,27753.1,143.45
ORD00727,1,PROD0004,SELL033,1,26435.88,5,26435.88,247.69
ORD00728,1,PROD0021,SELL003,1,47570.67,0,47570.67,81.55
ORD00729,1,PROD0023,SELL025,1,42260.31,0,42260.31,189.83
ORD00730,1,PROD0078,SELL037,1,25261.1,5,25261.1,403.34
ORD00731,1,PROD0009,SELL006,1,42118.82,15,42118.82,198.09
ORD00732,1,PROD0070,SELL024,1,32837.51,5,32837.51,486.31
ORD00733,1,PROD0066,SELL001,1,41611.0,10,41611.0,305.22
ORD00734,1,PROD0062,SELL014,1,13759.82,5,13759.82,327.7
ORD00735,1,PROD0010,SELL037,1,16518.53,10,16518.53,224.35
ORD00736,1,PROD0025,SELL024,1,26966.71,10,26966.71,437.46
ORD00737,1,PROD0056,SELL002,1,6542.77,5,6542.77,361.1
ORD00737,2,PROD0077,SELL010,2,18757.67,0,37515.34,160.37
ORD00738,1,PROD0050,SELL038,2,28307.1,15,56614.2,314.45
ORD00739,1,PROD0035,SELL019,1,45288.98,0,45288.98,465.61
ORD00740,1,PROD0025,SELL040,2,29963.01,0,59926.02,391.86
ORD00741,1,PROD0038,SELL016,1,16969.12,10,16969.12,420.28
ORD00741,2,PROD0082,SELL012,2,42346.29,15,84692.58,206.25
ORD00742,1,PROD0071,SELL026,1,30838.86,0,30838.86,469.04
ORD00743,1,PROD0063,SELL039,1,13150.4,5,13150.4,177.18
ORD00744,1,PROD0096,SELL028,1,35369.94,15,35369.94,296.29
ORD00745,1,PROD0071,SELL023,2,30838.86,0,61677.72,290.24
ORD00746,1,PROD0035,SELL032,1,45288.98,0,45288.98,221.01
ORD00747,1,PROD0050,SELL029,1,33302.47,0,33302.47,68.54
ORD00748,1,PROD0068,SELL022,1,15418.76,5,15418.76,319.35
ORD00749,1,PROD0038,SELL015,1,16026.39,15,16026.39,481.51
ORD00750,1,PROD0058,SELL028,1,31678.86,0,31678.86,137.42
ORD00751,1,PROD0026,SELL003,3,34322.41,5,102967.23,387.53
ORD00752,1,PROD0020,SELL019,1,24269.93,5,24269.93,439.37
ORD00753,1,PROD0095,SELL036,1,36524.78,5,36524.78,108.93
ORD00753,2,PROD0023,SELL002,2,42260.31,0,84520.62,364.89
ORD00753,3,PROD0037,SELL005,2,46540.98,0,93081.96,398.08
ORD00754,1,PROD0042,SELL018,1,22567.92,0,22567.92,267.12
ORD00754,2,PROD0022,SELL004,1,11520.52,0,11520.52,250.46
ORD00755,1,PROD0082,SELL039,2,49819.16,0,99638.32,207.39
ORD00756,1,PROD0046,SELL026,2,37759.16,5,75518.32,221.61
ORD00756,2,PROD0078,SELL033,2,26590.63,0,53181.26,47.12
ORD00756,3,PROD0074,SELL005,1,37164.26,5,37164.26,170.27
ORD00757,1,PROD0019,SELL029,2,41079.86,10,82159.72,382.14
ORD00758,1,PROD0060,SELL027,3,15950.89,0,47852.67,98.4
ORD00758,2,PROD0017,SELL007,1,15651.7,0,15651.7,248.59
ORD00759,1,PROD0046,SELL022,1,33784.51,15,33784.51,107.99
ORD00760,1,PROD0079,SELL030,1,12668.18,0,12668.18,202.94
ORD00761,1,PROD0020,SELL025,1,22992.57,10,22992.57,373.78
ORD00762,1,PROD0018,SELL013,1,33588.29,0,33588.29,405.75
ORD00763,1,PROD0060,SELL011,3,15153.35,5,45460.05,67.59
ORD00764,1,PROD0081,SELL021,1,11946.05,10,11946.05,422.62
ORD00764,2,PROD0086,SELL038,1,14695.52,0,14695.52,309.11
ORD00765,1,PROD0076,SELL020,2,1861.17,0,3722.34,417.31
ORD00766,1,PROD0053,SELL026,1,49056.71,0,49056.71,68.13
ORD00767,1,PROD0043,SELL020,1,11034.89,15,11034.89,261.17
ORD00767,2,PROD0048,SELL026,1,11672.1,5,11672.1,429.24
ORD00767,3,PROD0016,SELL019,1,28212.54,15,28212.54,187.97
ORD00768,1,PROD0090,SELL010,4,6706.12,0,26824.48,113.46
ORD00769,1,PROD0022,SELL020,1,11520.52,0,11520.52,303.95
ORD00770,1,PROD0079,SELL019,1,12034.77,5,12034.77,430.63
ORD00771,1,PROD0086,SELL031,2,13960.74,5,27921.48,269.17
ORD00771,2,PROD0021,SELL019,2,40435.07,15,80870.14,226.45
ORD00772,1,PROD0008,SELL038,2,25351.31,0,50702.62,499.17
ORD00773,1,PROD0083,SELL036,2,6351.21,0,12702.42,363.28
ORD00774,1,PROD0064,SELL030,2,35368.08,5,70736.16,363.3
ORD00775,1,PROD0012,SELL032,2,3529.11,0,7058.22,49.75
ORD00776,1,PROD0079,SELL024,1,12668.18,0,12668.18,392.64
ORD00777,1,PROD0056,SELL003,1,6198.42,10,6198.42,287.15
ORD00778,1,PROD0054,SELL030,3,35530.98,10,106592.94,138.54
ORD00779,1,PROD0006,SELL015,3,28831.59,5,86494.77,216.58
ORD00780,1,PROD0099,SELL020,2,11445.85,10,22891.7,263.42
ORD00780,2,PROD0082,SELL038,1,44837.24,10,44837.24,165.15
ORD00781,1,PROD0032,SELL031,1,43681.85,0,43681.85,382.22
ORD00782,1,PROD0070,SELL036,1,34565.8,0,34565.8,103.12
ORD00783,1,PROD0099,SELL035,1,12717.61,0,12717.61,343.96
ORD00784,1,PROD0099,SELL011,1,12717.61,0,12717.61,413.15
ORD00784,2,PROD0012,SELL035,1,2823.29,20,2823.29,385.94
ORD00784,3,PROD0009,SELL023,1,42118.82,15,42118.82,402.55
ORD00785,1,PROD0009,SELL015,2,42118.82,15,84237.64,396.96
ORD00785,2,PROD0096,SELL036,2,39531.11,5,79062.22,331.99
ORD00786,1,PROD0001,SELL021,2,25490.01,0,50980.02,426.22
ORD00787,1,PROD0005,SELL021,1,43201.48,5,43201.48,230.05
ORD00788,1,PROD0047,SELL020,2,28440.88,5,56881.76,42.29
ORD00788,2,PROD0010,SELL019,1,16518.53,10,16518.53,438.67
ORD00788,3,PROD0064,SELL034,1,31645.13,15,31645.13,200.39
ORD00789,1,PROD0098,SELL036,2,40279.2,15,80558.4,67.44
ORD00790,1,PROD0040,SELL022,1,39621.19,0,39621.19,62.31
ORD00790,2,PROD0054,SELL038,1,33557.04,15,33557.04,49.99
ORD00790,3,PROD0012,SELL024,1,3529.11,0,3529.11,104.64
ORD00791,1,PROD0081,SELL031,1,11946.05,10,11946.05,109.6
ORD00791,2,PROD0003,SELL033,1,29304.34,5,29304.34,350.26
ORD00792,1,PROD0068,SELL019,1,15418.76,5,15418.76,307.66
ORD00793,1,PROD0096,SELL017,2,39531.11,5,79062.22,412.79
ORD00794,1,PROD0088,SELL009,3,39655.27,0,118965.81,82.93
ORD00794,2,PROD0051,SELL001,2,42913.65,10,85827.3,420.09
ORD00795,1,PROD0088,SELL018,1,39655.27,0,39655.27,328.47
ORD00796,1,PROD0008,SELL030,1,25351.31,0,25351.31,81.9
ORD00797,1,PROD0089,SELL018,2,14563.68,20,29127.36,156.73
ORD00798,1,PROD0035,SELL024,1,40760.08,10,40760.08,157.75
ORD00799,1,PROD0032,SELL036,2,41497.76,5,82995.52,464.48
ORD00800,1,PROD0062,SELL013,1,13035.62,10,13035.62,368.81
ORD00801,1,PROD0032,SELL021,1,43681.85,0,43681.85,251.55
ORD00802,1,PROD0027,SELL027,1,43638.33,10,43638.33,78.23
ORD00802,2,PROD0060,SELL036,1,15950.89,0,15950.89,376.87
ORD00803,1,PROD0031,SELL040,1,17916.62,15,17916.62,401.82
ORD00804,1,PROD0063,SELL014,2,11766.15,15,23532.3,77.04
ORD00805,1,PROD0095,SELL007,4,36524.78,5,146099.12,343.63
ORD00806,1,PROD0008,SELL029,1,25351.31,0,25351.31,85.4
ORD00807,1,PROD0048,SELL003,1,11057.78,10,11057.78,449.66
ORD00808,1,PROD0092,SELL034,2,17584.0,15,35168.0,279.51
ORD00809,1,PROD0058,SELL028,1,26927.03,15,26927.03,239.19
ORD00810,1,PROD0015,SELL009,3,7286.06,0,21858.18,359.13
ORD00810,2,PROD0089,SELL008,1,17294.37,5,17294.37,335.34
ORD00811,1,PROD0066,SELL005,1,43922.73,5,43922.73,189.38
ORD00811,2,PROD0078,SELL035,1,26590.63,0,26590.63,287.99
ORD00811,3,PROD0070,SELL012,1,32837.51,5,32837.51,423.81
ORD00812,1,PROD0095,SELL021,1,34602.43,10,34602.43,496.59
ORD00813,1,PROD0011,SELL013,1,32962.68,15,32962.68,236.32
ORD00814,1,PROD0097,SELL019,1,8307.86,0,8307.86,412.0
ORD00815,1,PROD0041,SELL031,1,33135.6,5,33135.6,42.34
ORD00815,2,PROD0049,SELL039,1,27753.1,10,27753.1,446.32
ORD00816,1,PROD0035,SELL033,1,45288.98,0,45288.98,340.82
ORD00817,1,PROD0027,SELL016,1,41213.98,15,41213.98,292.38
ORD00818,1,PROD0008,SELL018,2,21548.61,15,43097.22,436.67
ORD00819,1,PROD0061,SELL032,2,23801.64,0,47603.28,121.11
ORD00820,1,PROD0093,SELL011,1,5836.51,10,5836.51,343.48
ORD00821,1,PROD0100,SELL017,1,5505.64,15,5505.64,416.36
ORD00822,1,PROD0024,SELL015,2,42002.53,5,84005.06,285.43
ORD00822,2,PROD0052,SELL012,1,1009.3,20,1009.3,458.37
ORD00823,1,PROD0099,SELL007,1,12081.73,5,12081.73,265.46
ORD00823,2,PROD0029,SELL012,2,18550.09,0,37100.18,370.98
ORD00823,3,PROD0094,SELL009,1,19911.42,15,19911.42,58.92
ORD00824,1,PROD0068,SELL017,1,13795.73,15,13795.73,87.42
ORD00825,1,PROD0016,SELL004,1,33191.22,0,33191.22,308.86
ORD00825,2,PROD0070,SELL013,1,34565.8,0,34565.8,332.69
ORD00826,1,PROD0013,SELL036,2,13666.99,5,27333.98,33.94
ORD00826,2,PROD0060,SELL012,1,15950.89,0,15950.89,411.02
ORD00826,3,PROD0065,SELL038,1,43823.47,10,43823.47,82.65
ORD00826,4,PROD0053,SELL009,2,46603.87,5,93207.74,36.17
ORD00827,1,PROD0080,SELL014,1,22569.7,10,22569.7,192.52
ORD00828,1,PROD0062,SELL022,2,13759.82,5,27519.64,385.56
ORD00829,1,PROD0033,SELL003,2,23662.64,15,47325.28,168.16
ORD00830,1,PROD0006,SELL007,1,30349.04,0,30349.04,396.74
ORD00830,2,PROD0067,SELL002,3,3550.13,15,10650.39,441.17
ORD00831,1,PROD0020,SELL030,1,21715.2,15,21715.2,130.04
ORD00832,1,PROD0014,SELL032,1,41510.88,5,41510.88,388.63
ORD00833,1,PROD0068,SELL029,2,16230.27,0,32460.54,141.59
ORD00834,1,PROD0007,SELL024,1,4859.3,10,4859.3,314.67
ORD00834,2,PROD0014,SELL004,1,34956.53,20,34956.53,303.0
ORD00835,1,PROD0081,SELL027,2,12609.72,5,25219.44,206.66
ORD00836,1,PROD0073,SELL016,1,45268.71,5,45268.71,168.37
ORD00837,1,PROD0029,SELL010,2,17622.59,5,35245.18,295.04
ORD00837,2,PROD0038,SELL004,1,16969.12,10,16969.12,495.31
ORD00838,1,PROD0030,SELL021,2,34676.61,10,69353.22,200.05
ORD00838,2,PROD0067,SELL016,2,3967.79,5,7935.58,338.91
ORD00838,3,PROD0078,SELL036,2,22602.04,15,45204.08,491.04
ORD00838,4,PROD0029,SELL001,2,14840.07,20,29680.14,447.02
ORD00839,1,PROD0070,SELL010,1,34565.8,0,34565.8,398.29
ORD00839,2,PROD0087,SELL025,1,39736.4,0,39736.4,326.27
ORD00840,1,PROD0044,SELL008,1,30541.78,0,30541.78,155.51
ORD00841,1,PROD0097,SELL015,1,7477.07,10,7477.07,271.53
ORD00842,1,PROD0011,SELL013,2,38779.62,0,77559.24,485.66
ORD00843,1,PROD0042,SELL030,1,22567.92,0,22567.92,325.88
ORD00843,2,PROD0007,SELL013,2,4589.34,15,9178.68,331.77
ORD00844,1,PROD0058,SELL009,2,28510.97,10,57021.94,223.47
ORD00845,1,PROD0078,SELL005,2,26590.63,0,53181.26,216.72
ORD00846,1,PROD0092,SELL011,1,17584.0,15,17584.0,218.62
ORD00847,1,PROD0078,SELL011,1,26590.63,0,26590.63,382.66
ORD00848,1,PROD0010,SELL035,1,18353.92,0,18353.92,53.12
ORD00849,1,PROD0056,SELL019,4,6887.13,0,27548.52,126.3
ORD00849,2,PROD0036,SELL017,2,44967.36,5,89934.72,281.07
ORD00850,1,PROD0012,SELL032,2,3352.65,5,6705.3,418.84
ORD00851,1,PROD0057,SELL028,2,41561.59,0,83123.18,416.6
ORD00851,2,PROD0030,SELL016,2,32750.13,15,65500.26,113.29
ORD00852,1,PROD0055,SELL008,1,28355.2,10,28355.2,219.25
ORD00852,2,PROD0052,SELL032,1,1198.55,5,1198.55,396.55
ORD00853,1,PROD0081,SELL023,1,13273.39,0,13273.39,496.31
ORD00854,1,PROD0084,SELL012,1,42711.32,5,42711.32,183.87
ORD00855,1,PROD0037,SELL035,2,37232.78,20,74465.56,89.63
ORD00856,1,PROD0077,SELL017,1,18757.67,0,18757.67,91.09
ORD00856,2,PROD0092,SELL039,1,18618.35,10,18618.35,270.74
ORD00856,3,PROD0089,SELL005,1,18204.6,0,18204.6,242.38
ORD00857,1,PROD0062,SELL013,1,11587.22,20,11587.22,117.78
ORD00858,1,PROD0020,SELL040,1,24269.93,5,24269.93,263.7
ORD00859,1,PROD0069,SELL034,1,13948.35,10,13948.35,350.7
ORD00859,2,PROD0041,SELL016,1,31391.62,10,31391.62,445.02
ORD00860,1,PROD0016,SELL011,1,31531.66,5,31531.66,395.84
ORD00861,1,PROD0024,SELL016,1,44213.19,0,44213.19,280.37
ORD00862,1,PROD0088,SELL021,1,35689.74,10,35689.74,369.54
ORD00863,1,PROD0068,SELL039,2,15418.76,5,30837.52,135.07
ORD00864,1,PROD0072,SELL021,1,3983.3,0,3983.3,259.25
ORD00865,1,PROD0074,SELL008,3,37164.26,5,111492.78,107.46
ORD00865,2,PROD0010,SELL013,1,16518.53,10,16518.53,303.53
ORD00866,1,PROD0014,SELL014,2,41510.88,5,83021.76,446.47
ORD00867,1,PROD0020,SELL007,1,22992.57,10,22992.57,70.95
ORD00868,1,PROD0097,SELL001,1,8307.86,0,8307.86,427.01
ORD00868,2,PROD0062,SELL034,1,13035.62,10,13035.62,219.03
ORD00869,1,PROD0097,SELL029,1,8307.86,0,8307.86,435.42
ORD00870,1,PROD0092,SELL019,1,20687.06,0,20687.06,480.26
ORD00870,2,PROD0079,SELL008,3,10767.95,15,32303.85,231.21
ORD00871,1,PROD0031,SELL009,1,17916.62,15,17916.62,495.86
ORD00872,1,PROD0095,SELL012,2,38447.14,0,76894.28,163.65
ORD00873,1,PROD0057,SELL019,1,41561.59,0,41561.59,32.99
ORD00874,1,PROD0091,SELL007,2,20058.46,0,40116.92,59.57
ORD00874,2,PROD0070,SELL013,1,29380.93,15,29380.93,333.22
ORD00875,1,PROD0045,SELL002,1,13709.04,10,13709.04,219.89
ORD00876,1,PROD0062,SELL009,1,12311.42,15,12311.42,472.8
ORD00877,1,PROD0092,SELL008,1,20687.06,0,20687.06,244.87
ORD00877,2,PROD0057,SELL014,1,37405.43,10,37405.43,372.3
ORD00878,1,PROD0053,SELL011,3,44151.04,10,132453.12,405.72
ORD00879,1,PROD0032,SELL035,1,41497.76,5,41497.76,174.79
ORD00879,2,PROD0074,SELL027,1,35208.24,10,35208.24,247.62
ORD00880,1,PROD0100,SELL040,2,6477.22,0,12954.44,449.84
ORD00880,2,PROD0064,SELL039,2,31645.13,15,63290.26,236.23
ORD00881,1,PROD0015,SELL014,1,6193.15,15,6193.15,183.63
ORD00882,1,PROD0051,SELL004,1,47681.83,0,47681.83,445.18
ORD00882,2,PROD0094,SELL017,2,22253.94,5,44507.88,411.09
ORD00883,1,PROD0066,SELL023,1,41611.0,10,41611.0,215.34
ORD00884,1,PROD0074,SELL037,1,37164.26,5,37164.26,193.04
ORD00885,1,PROD0076,SELL002,1,1861.17,0,1861.17,160.28
ORD00885,2,PROD0096,SELL033,1,37450.52,10,37450.52,122.28
ORD00885,3,PROD0045,SELL001,1,12185.82,20,12185.82,68.84
ORD00886,1,PROD0088,SELL030,1,35689.74,10,35689.74,95.63
ORD00887,1,PROD0080,SELL003,1,22569.7,10,22569.7,341.01
ORD00888,1,PROD0049,SELL022,1,30836.78,0,30836.78,114.05
ORD00889,1,PROD0051,SELL034,1,47681.83,0,47681.83,34.11
ORD00890,1,PROD0047,SELL023,2,25447.1,15,50894.2,61.03
ORD00891,1,PROD0013,SELL015,3,14386.31,0,43158.93,159.47
ORD00892,1,PROD0100,SELL002,1,6153.36,5,6153.36,55.29
ORD00892,2,PROD0020,SELL008,1,25547.3,0,25547.3,138.48
ORD00893,1,PROD0037,SELL034,2,39559.83,15,79119.66,190.92
ORD00894,1,PROD0079,SELL024,3,12034.77,5,36104.31,263.3
ORD00895,1,PROD0023,SELL016,1,35921.26,15,35921.26,94.32
ORD00896,1,PROD0095,SELL027,1,38447.14,0,38447.14,217.36
ORD00897,1,PROD0019,SELL038,1,41079.86,10,41079.86,487.87
ORD00898,1,PROD0007,SELL019,1,5129.26,5,5129.26,159.51
ORD00899,1,PROD0068,SELL023,1,14607.24,10,14607.24,310.2
ORD00900,1,PROD0033,SELL028,2,27838.4,0,55676.8,305.02
ORD00900,2,PROD0056,SELL034,1,6887.13,0,6887.13,431.26
ORD00900,3,PROD0051,SELL002,1,38145.46,20,38145.46,219.4
ORD00901,1,PROD0033,SELL003,1,25054.56,10,25054.56,305.22
ORD00902,1,PROD0032,SELL005,1,43681.85,0,43681.85,150.1
ORD00903,1,PROD0076,SELL029,2,1581.99,15,3163.98,209.64
ORD00904,1,PROD0032,SELL015,2,39313.67,10,78627.34,235.34
ORD00905,1,PROD0092,SELL017,1,19652.71,5,19652.71,494.38
ORD00906,1,PROD0085,SELL002,1,30127.53,10,30127.53,151.96
ORD00907,1,PROD0065,SELL038,1,48692.75,0,48692.75,82.62
ORD00908,1,PROD0010,SELL035,3,15600.83,15,46802.49,172.93
ORD00909,1,PROD0065,SELL024,1,48692.75,0,48692.75,111.11
ORD00910,1,PROD0011,SELL020,1,38779.62,0,38779.62,334.54
ORD00911,1,PROD0097,SELL026,1,6646.29,20,6646.29,467.2
ORD00912,1,PROD0015,SELL023,1,6921.76,5,6921.76,289.37
ORD00913,1,PROD0085,SELL026,1,30127.53,10,30127.53,445.84
ORD00914,1,PROD0066,SELL020,1,43922.73,5,43922.73,101.89
ORD00915,1,PROD0074,SELL015,1,37164.26,5,37164.26,357.44
ORD00916,1,PROD0055,SELL002,1,31505.78,0,31505.78,170.95
ORD00917,1,PROD0027,SELL015,1,43638.33,10,43638.33,450.39
ORD00917,2,PROD0092,SELL022,1,20687.06,0,20687.06,461.62
ORD00917,3,PROD0053,SELL021,1,49056.71,0,49056.71,186.25
ORD00917,4,PROD0014,SELL002,3,41510.88,5,124532.64,479.39
ORD00918,1,PROD0073,SELL027,1,47651.27,0,47651.27,385.13
ORD00919,1,PROD0006,SELL035,1,25796.68,15,25796.68,31.34
ORD00920,1,PROD0029,SELL026,1,15767.58,15,15767.58,286.58
ORD00920,2,PROD0042,SELL040,2,20311.13,10,40622.26,460.11
ORD00920,3,PROD0080,SELL038,1,22569.7,10,22569.7,236.96
ORD00920,4,PROD0024,SELL033,1,44213.19,0,44213.19,449.49
ORD00921,1,PROD0088,SELL031,4,39655.27,0,158621.08,466.51
ORD00922,1,PROD0072,SELL014,1,3983.3,0,3983.3,488.66
ORD00922,2,PROD0051,SELL009,1,45297.74,5,45297.74,184.0
ORD00923,1,PROD0049,SELL025,2,30836.78,0,61673.56,454.42
ORD00924,1,PROD0055,SELL024,1,29930.49,5,29930.49,282.63
ORD00925,1,PROD0048,SELL026,2,11057.78,10,22115.56,431.52
ORD00925,2,PROD0034,SELL012,2,14431.88,0,28863.76,165.92
ORD00926,1,PROD0023,SELL010,1,33808.25,20,33808.25,405.15
ORD00927,1,PROD0011,SELL012,1,31023.7,20,31023.7,73.38
ORD00928,1,PROD0069,SELL031,1,12398.54,20,12398.54,256.16
ORD00928,2,PROD0002,SELL032,4,3080.28,0,12321.12,441.07
ORD00928,3,PROD0014,SELL012,1,37141.31,15,37141.31,198.43
ORD00929,1,PROD0055,SELL005,1,31505.78,0,31505.78,107.37
ORD00930,1,PROD0007,SELL036,1,4589.34,15,4589.34,109.34
ORD00930,2,PROD0060,SELL017,3,15950.89,0,47852.67,90.12
ORD00931,1,PROD0048,SELL019,2,12286.42,0,24572.84,98.45
ORD00932,1,PROD0079,SELL032,2,11401.36,10,22802.72,413.33
ORD00932,2,PROD0098,SELL006,1,40279.2,15,40279.2,217.13
ORD00933,1,PROD0010,SELL023,2,16518.53,10,33037.06,58.57
ORD00933,2,PROD0061,SELL005,1,22611.56,5,22611.56,146.06
ORD00934,1,PROD0030,SELL022,2,32750.13,15,65500.26,35.55
ORD00935,1,PROD0009,SELL028,1,49551.55,0,49551.55,149.43
ORD00936,1,PROD0089,SELL031,1,18204.6,0,18204.6,361.15
ORD00936,2,PROD0009,SELL036,1,44596.4,10,44596.4,335.93
ORD00937,1,PROD0085,SELL017,2,30127.53,10,60255.06,407.84
ORD00938,1,PROD0018,SELL031,1,28550.05,15,28550.05,350.08
ORD00939,1,PROD0029,SELL038,1,17622.59,5,17622.59,141.99
ORD00940,1,PROD0023,SELL034,2,35921.26,15,71842.52,364.49
ORD00941,1,PROD0050,SELL028,1,33302.47,0,33302.47,44.01
ORD00941,2,PROD0060,SELL039,2,15153.35,5,30306.7,406.96
ORD00942,1,PROD0071,SELL021,1,27754.97,10,27754.97,69.97
ORD00942,2,PROD0038,SELL033,2,16969.12,10,33938.24,159.89
ORD00943,1,PROD0087,SELL007,1,39736.4,0,39736.4,393.35
ORD00944,1,PROD0076,SELL005,1,1581.99,15,1581.99,51.66
ORD00944,2,PROD0049,SELL028,3,27753.1,10,83259.3,228.38
ORD00944,3,PROD0057,SELL006,1,35327.35,15,35327.35,214.7
ORD00945,1,PROD0052,SELL040,2,1072.39,15,2144.78,156.37
ORD00946,1,PROD0093,SELL037,1,6160.76,5,6160.76,212.55
ORD00947,1,PROD0085,SELL005,1,31801.28,5,31801.28,307.94
ORD00947,2,PROD0083,SELL012,1,5398.53,15,5398.53,297.59
ORD00947,3,PROD0063,SELL025,1,13150.4,5,13150.4,89.46
ORD00947,4,PROD0079,SELL006,1,10767.95,15,10767.95,389.08
ORD00948,1,PROD0071,SELL037,1,30838.86,0,30838.86,64.23
ORD00948,2,PROD0001,SELL030,1,24215.51,5,24215.51,486.61
ORD00948,3,PROD0098,SELL008,1,45017.93,5,45017.93,361.85
ORD00949,1,PROD0078,SELL038,1,26590.63,0,26590.63,155.15
ORD00950,1,PROD0094,SELL024,1,23425.2,0,23425.2,416.95
ORD00951,1,PROD0047,SELL001,2,29937.77,0,59875.54,375.13
ORD00951,2,PROD0064,SELL005,1,37229.56,0,37229.56,360.94
ORD00952,1,PROD0072,SELL040,1,3584.97,10,3584.97,400.15
ORD00953,1,PROD0010,SELL024,1,18353.92,0,18353.92,399.56
ORD00953,2,PROD0050,SELL036,1,29972.22,10,29972.22,57.73
ORD00953,3,PROD0070,SELL008,1,27652.64,20,27652.64,316.9
ORD00953,4,PROD0099,SELL030,2,12717.61,0,25435.22,413.65
ORD00954,1,PROD0010,SELL028,1,16518.53,10,16518.53,32.16
ORD00955,1,PROD0083,SELL010,2,6033.65,5,12067.3,224.21
ORD00956,1,PROD0012,SELL033,3,2823.29,20,8469.87,125.03
ORD00956,2,PROD0080,SELL020,2,25077.44,0,50154.88,453.8
ORD00957,1,PROD0038,SELL014,3,16969.12,10,50907.36,372.33
ORD00958,1,PROD0005,SELL028,1,43201.48,5,43201.48,132.94
ORD00959,1,PROD0081,SELL020,1,13273.39,0,13273.39,52.29
ORD00960,1,PROD0021,SELL012,2,47570.67,0,95141.34,45.99
ORD00960,2,PROD0027,SELL022,3,48487.03,0,145461.09,49.98
ORD00960,3,PROD0073,SELL020,2,42886.14,10,85772.28,312.04
ORD00961,1,PROD0038,SELL029,2,18854.58,0,37709.16,360.27
ORD00962,1,PROD0011,SELL009,1,32962.68,15,32962.68,398.92
ORD00963,1,PROD0093,SELL012,3,6485.01,0,19455.03,405.04
ORD00964,1,PROD0025,SELL009,1,28464.86,5,28464.86,467.45
ORD00965,1,PROD0028,SELL020,2,11891.65,0,23783.3,354.31
ORD00966,1,PROD0070,SELL020,1,29380.93,15,29380.93,479.04
ORD00967,1,PROD0019,SELL003,1,45644.29,0,45644.29,57.88
ORD00968,1,PROD0050,SELL029,1,33302.47,0,33302.47,356.86
ORD00969,1,PROD0048,SELL001,1,11672.1,5,11672.1,386.62
ORD00969,2,PROD0029,SELL011,1,18550.09,0,18550.09,105.52
ORD00969,3,PROD0003,SELL023,2,30846.67,0,61693.34,129.88
ORD00970,1,PROD0074,SELL010,1,39120.27,0,39120.27,185.58
ORD00971,1,PROD0070,SELL036,3,32837.51,5,98512.53,144.2
ORD00972,1,PROD0087,SELL022,3,33775.94,15,101327.82,244.57
ORD00973,1,PROD0095,SELL038,2,38447.14,0,76894.28,215.76
ORD00974,1,PROD0067,SELL012,1,3967.79,5,3967.79,247.78
ORD00975,1,PROD0025,SELL028,2,29963.01,0,59926.02,334.11
ORD00976,1,PROD0056,SELL007,2,6542.77,5,13085.54,129.37
ORD00977,1,PROD0049,SELL034,1,30836.78,0,30836.78,496.44
ORD00977,2,PROD0072,SELL022,3,3784.14,5,11352.42,389.83
ORD00978,1,PROD0023,SELL033,1,33808.25,20,33808.25,176.17
ORD00979,1,PROD0081,SELL015,1,11282.38,15,11282.38,57.81
ORD00980,1,PROD0078,SELL013,2,23931.57,10,47863.14,375.79
ORD00981,1,PROD0017,SELL007,1,14086.53,10,14086.53,49.47
ORD00982,1,PROD0092,SELL039,1,17584.0,15,17584.0,244.75
ORD00983,1,PROD0077,SELL006,1,15944.02,15,15944.02,352.32
ORD00984,1,PROD0032,SELL035,2,43681.85,0,87363.7,211.94
ORD00985,1,PROD0054,SELL030,3,33557.04,15,100671.12,49.07
ORD00985,2,PROD0051,SELL015,2,40529.56,15,81059.12,69.53
ORD00986,1,PROD0026,SELL020,1,36128.85,0,36128.85,135.62
ORD00987,1,PROD0016,SELL019,3,33191.22,0,99573.66,399.34
ORD00987,2,PROD0012,SELL009,3,3176.2,10,9528.6,472.19
ORD00988,1,PROD0077,SELL007,2,15944.02,15,31888.04,99.33
ORD00988,2,PROD0088,SELL016,2,33706.98,15,67413.96,364.27
ORD00988,3,PROD0080,SELL039,1,23823.57,5,23823.57,133.68
ORD00989,1,PROD0069,SELL016,1,15498.17,0,15498.17,125.08
ORD00990,1,PROD0004,SELL024,4,27827.24,0,111308.96,435.88
ORD00991,1,PROD0093,SELL013,1,6485.01,0,6485.01,204.24
ORD00991,2,PROD0099,SELL031,4,12717.61,0,50870.44,211.73
ORD00991,3,PROD0082,SELL039,2,47328.2,5,94656.4,409.24
ORD00991,4,PROD0043,SELL028,1,12982.22,0,12982.22,67.17
ORD00992,1,PROD0098,SELL026,1,47387.29,0,47387.29,471.78
ORD00993,1,PROD0092,SELL038,4,20687.06,0,82748.24,210.86
ORD00994,1,PROD0039,SELL021,2,11420.8,0,22841.6,410.51
ORD00994,2,PROD0100,SELL029,1,6477.22,0,6477.22,392.05
ORD00995,1,PROD0046,SELL011,1,39746.48,0,39746.48,203.13
ORD00996,1,PROD0056,SELL030,1,5854.06,15,5854.06,335.73
ORD00996,2,PROD0065,SELL032,1,46258.11,5,46258.11,332.12
ORD00997,1,PROD0058,SELL009,1,30094.92,5,30094.92,182.24
ORD00998,1,PROD0004,SELL024,1,26435.88,5,26435.88,492.52
ORD00999,1,PROD0025,SELL008,1,26966.71,10,26966.71,136.55
ORD01000,1,PROD0005,SELL013,1,43201.48,5,43201.48,192.56
ORD01001,1,PROD0048,SELL040,1,10443.46,15,10443.46,339.86
ORD01002,1,PROD0047,SELL031,2,25447.1,15,50894.2,397.4
ORD01003,1,PROD0071,SELL033,1,27754.97,10,27754.97,400.32
ORD01003,2,PROD0059,SELL008,2,1776.45,15,3552.9,419.99
ORD01003,3,PROD0006,SELL013,1,30349.04,0,30349.04,260.95
ORD01004,1,PROD0064,SELL028,3,33506.6,10,100519.8,281.04
ORD01004,2,PROD0086,SELL017,2,13960.74,5,27921.48,182.43
ORD01004,3,PROD0081,SELL017,1,13273.39,0,13273.39,485.84
ORD01005,1,PROD0072,SELL037,1,3385.81,15,3385.81,495.68
ORD01006,1,PROD0048,SELL004,3,12286.42,0,36859.26,451.63
ORD01007,1,PROD0031,SELL001,1,21078.38,0,21078.38,432.68
ORD01008,1,PROD0052,SELL004,1,1261.63,0,1261.63,217.67
ORD01009,1,PROD0033,SELL037,1,27838.4,0,27838.4,324.32
ORD01010,1,PROD0073,SELL006,1,45268.71,5,45268.71,492.84
ORD01011,1,PROD0086,SELL040,2,13960.74,5,27921.48,93.9
ORD01011,2,PROD0002,SELL006,1,3080.28,0,3080.28,124.84
ORD01011,3,PROD0010,SELL016,2,17436.22,5,34872.44,474.92
ORD01012,1,PROD0030,SELL039,4,38529.57,0,154118.28,235.79
ORD01012,2,PROD0011,SELL025,2,38779.62,0,77559.24,480.8
ORD01013,1,PROD0027,SELL037,3,43638.33,10,130914.99,175.12
ORD01014,1,PROD0024,SELL015,1,44213.19,0,44213.19,86.89
ORD01015,1,PROD0037,SELL001,2,46540.98,0,93081.96,227.81
ORD01015,2,PROD0062,SELL036,1,14484.02,0,14484.02,286.04
ORD01016,1,PROD0005,SELL017,2,45475.24,0,90950.48,221.15
ORD01017,1,PROD0082,SELL037,2,49819.16,0,99638.32,357.09
ORD01018,1,PROD0087,SELL014,1,39736.4,0,39736.4,66.83
ORD01019,1,PROD0039,SELL022,2,9707.68,15,19415.36,472.78
ORD01020,1,PROD0032,SELL017,1,41497.76,5,41497.76,136.42
ORD01020,2,PROD0091,SELL018,2,20058.46,0,40116.92,277.14
ORD01021,1,PROD0028,SELL037,2,11297.07,5,22594.14,392.15
ORD01022,1,PROD0058,SELL004,2,31678.86,0,63357.72,255.01
ORD01022,2,PROD0017,SELL003,1,15651.7,0,15651.7,430.26
ORD01023,1,PROD0002,SELL003,1,2926.27,5,2926.27,428.68
ORD01024,1,PROD0015,SELL014,2,6921.76,5,13843.52,433.48
ORD01025,1,PROD0056,SELL006,3,6198.42,10,18595.26,473.86
ORD01026,1,PROD0007,SELL014,1,5399.22,0,5399.22,419.54
ORD01027,1,PROD0039,SELL015,2,10278.72,10,20557.44,225.37
ORD01028,1,PROD0019,SELL018,1,43362.08,5,43362.08,53.56
ORD01028,2,PROD0073,SELL006,1,38121.02,20,38121.02,235.93
ORD01029,1,PROD0007,SELL011,2,4859.3,10,9718.6,161.76
ORD01029,2,PROD0021,SELL026,1,45192.14,5,45192.14,188.28
ORD01030,1,PROD0018,SELL002,1,31908.88,5,31908.88,496.01
ORD01031,1,PROD0016,SELL028,2,31531.66,5,63063.32,413.42
ORD01031,2,PROD0086,SELL029,2,14695.52,0,29391.04,254.84
ORD01032,1,PROD0023,SELL015,2,40147.29,5,80294.58,151.41
ORD01033,1,PROD0095,SELL002,1,34602.43,10,34602.43,480.08
ORD01034,1,PROD0094,SELL007,2,22253.94,5,44507.88,328.95
ORD01035,1,PROD0007,SELL035,1,4589.34,15,4589.34,237.13
ORD01035,2,PROD0050,SELL031,1,33302.47,0,33302.47,439.94
ORD01035,3,PROD0047,SELL005,1,29937.77,0,29937.77,48.85
ORD01036,1,PROD0095,SELL010,3,36524.78,5,109574.34,324.78
ORD01037,1,PROD0066,SELL003,1,46234.45,0,46234.45,353.53
ORD01038,1,PROD0005,SELL015,1,43201.48,5,43201.48,306.25
ORD01039,1,PROD0033,SELL016,1,26446.48,5,26446.48,106.87
ORD01040,1,PROD0025,SELL013,2,29963.01,0,59926.02,283.6
ORD01041,1,PROD0064,SELL039,1,37229.56,0,37229.56,157.35
ORD01041,2,PROD0066,SELL002,2,46234.45,0,92468.9,205.87
ORD01042,1,PROD0033,SELL040,2,27838.4,0,55676.8,230.76
ORD01043,1,PROD0021,SELL037,1,45192.14,5,45192.14,446.34
ORD01043,2,PROD0046,SELL023,1,39746.48,0,39746.48,314.16
ORD01044,1,PROD0053,SELL010,1,49056.71,0,49056.71,342.48
ORD01044,2,PROD0028,SELL038,1,11297.07,5,11297.07,247.74
ORD01044,3,PROD0006,SELL010,1,30349.04,0,30349.04,322.54
ORD01045,1,PROD0083,SELL036,1,6351.21,0,6351.21,370.21
ORD01046,1,PROD0083,SELL006,1,6351.21,0,6351.21,476.39
ORD01047,1,PROD0052,SELL020,2,1261.63,0,2523.26,303.94
ORD01048,1,PROD0073,SELL033,3,45268.71,5,135806.13,329.99
ORD01049,1,PROD0096,SELL008,1,37450.52,10,37450.52,132.32
ORD01049,2,PROD0040,SELL012,1,39621.19,0,39621.19,467.18
ORD01050,1,PROD0015,SELL019,2,6193.15,15,12386.3,461.01
ORD01051,1,PROD0079,SELL039,3,12668.18,0,38004.54,354.61
ORD01052,1,PROD0096,SELL001,1,41611.69,0,41611.69,122.45
ORD01052,2,PROD0022,SELL011,1,11520.52,0,11520.52,216.13
ORD01053,1,PROD0046,SELL036,2,33784.51,15,67569.02,425.95
ORD01054,1,PROD0032,SELL012,2,34945.48,20,69890.96,127.2
ORD01054,2,PROD0030,SELL033,1,36603.09,5,36603.09,401.11
ORD01055,1,PROD0099,SELL012,1,12717.61,0,12717.61,234.01
ORD01055,2,PROD0052,SELL020,3,1261.63,0,3784.89,487.38
ORD01056,1,PROD0045,SELL039,2,15232.27,0,30464.54,254.13
ORD01056,2,PROD0024,SELL002,1,37581.21,15,37581.21,261.71
ORD01056,3,PROD0060,SELL007,2,15153.35,5,30306.7,325.7
ORD01057,1,PROD0078,SELL029,3,26590.63,0,79771.89,461.56
ORD01058,1,PROD0087,SELL002,4,33775.94,15,135103.76,100.82
ORD01059,1,PROD0058,SELL014,1,30094.92,5,30094.92,295.79
ORD01060,1,PROD0078,SELL002,1,23931.57,10,23931.57,97.08
ORD01061,1,PROD0077,SELL030,1,16881.9,10,16881.9,149.81
ORD01062,1,PROD0053,SELL030,1,41698.2,15,41698.2,273.92
ORD01063,1,PROD0002,SELL039,1,2772.25,10,2772.25,408.92
ORD01064,1,PROD0008,SELL002,2,25351.31,0,50702.62,281.28
ORD01065,1,PROD0040,SELL035,1,35659.07,10,35659.07,376.34
ORD01066,1,PROD0058,SELL004,1,31678.86,0,31678.86,192.11
ORD01066,2,PROD0048,SELL025,2,11672.1,5,23344.2,308.32
ORD01066,3,PROD0002,SELL039,1,3080.28,0,3080.28,458.25
ORD01067,1,PROD0058,SELL037,1,28510.97,10,28510.97,459.57
ORD01068,1,PROD0089,SELL008,1,18204.6,0,18204.6,168.94
ORD01069,1,PROD0048,SELL003,1,11057.78,10,11057.78,89.24
ORD01069,2,PROD0022,SELL021,3,10368.47,10,31105.41,235.01
ORD01069,3,PROD0039,SELL031,1,9707.68,15,9707.68,391.02
ORD01070,1,PROD0057,SELL002,1,41561.59,0,41561.59,453.36
ORD01071,1,PROD0029,SELL021,1,15767.58,15,15767.58,485.64
ORD01072,1,PROD0032,SELL026,1,43681.85,0,43681.85,72.96
ORD01073,1,PROD0035,SELL035,1,40760.08,10,40760.08,320.22
ORD01074,1,PROD0041,SELL007,1,27903.66,20,27903.66,184.02
ORD01075,1,PROD0040,SELL018,1,35659.07,10,35659.07,330.16
ORD01076,1,PROD0059,SELL019,2,1880.95,10,3761.9,47.22
ORD01076,2,PROD0026,SELL015,1,34322.41,5,34322.41,134.46
ORD01076,3,PROD0034,SELL008,1,13710.29,5,13710.29,440.71
ORD01077,1,PROD0072,SELL023,2,3784.14,5,7568.28,253.35
ORD01077,2,PROD0009,SELL001,1,47073.97,5,47073.97,116.46
ORD01078,1,PROD0066,SELL007,1,39299.28,15,39299.28,197.43
ORD01078,2,PROD0007,SELL031,1,5399.22,0,5399.22,209.31
ORD01079,1,PROD0078,SELL037,1,25261.1,5,25261.1,403.12
ORD01080,1,PROD0069,SELL039,1,14723.26,5,14723.26,301.4
ORD01081,1,PROD0037,SELL011,2,44213.93,5,88427.86,375.98
ORD01082,1,PROD0063,SELL037,1,13150.4,5,13150.4,474.36
ORD01082,2,PROD0043,SELL008,2,12982.22,0,25964.44,97.43
ORD01083,1,PROD0011,SELL030,1,38779.62,0,38779.62,302.88
ORD01084,1,PROD0067,SELL034,1,4176.62,0,4176.62,132.29
ORD01084,2,PROD0051,SELL002,1,45297.74,5,45297.74,383.43
ORD01085,1,PROD0003,SELL040,2,26219.67,15,52439.34,426.54
ORD01085,2,PROD0095,SELL037,1,38447.14,0,38447.14,79.52
ORD01086,1,PROD0085,SELL021,2,31801.28,5,63602.56,39.71
ORD01087,1,PROD0016,SELL016,2,33191.22,0,66382.44,146.85
ORD01087,2,PROD0074,SELL035,1,37164.26,5,37164.26,252.93
ORD01088,1,PROD0069,SELL007,2,13948.35,10,27896.7,50.08
ORD01089,1,PROD0068,SELL025,2,16230.27,0,32460.54,236.74
ORD01089,2,PROD0064,SELL014,2,35368.08,5,70736.16,311.8
ORD01089,3,PROD0027,SELL037,1,46062.68,5,46062.68,405.29
ORD01090,1,PROD0043,SELL025,2,12982.22,0,25964.44,259.05
ORD01091,1,PROD0066,SELL016,1,46234.45,0,46234.45,43.24
ORD01092,1,PROD0033,SELL017,1,25054.56,10,25054.56,223.74
ORD01093,1,PROD0034,SELL003,3,11545.5,20,34636.5,47.61
ORD01094,1,PROD0014,SELL017,2,41510.88,5,83021.76,278.57
ORD01094,2,PROD0034,SELL038,1,14431.88,0,14431.88,129.36
ORD01095,1,PROD0089,SELL001,1,18204.6,0,18204.6,282.19
ORD01096,1,PROD0031,SELL022,1,17916.62,15,17916.62,93.82
ORD01096,2,PROD0099,SELL032,1,12717.61,0,12717.61,122.38
ORD01097,1,PROD0005,SELL020,3,43201.48,5,129604.44,387.2
ORD01097,2,PROD0026,SELL005,1,36128.85,0,36128.85,250.85
ORD01098,1,PROD0092,SELL001,1,18618.35,10,18618.35,82.98
ORD01099,1,PROD0006,SELL017,1,25796.68,15,25796.68,435.31
ORD01100,1,PROD0089,SELL032,2,15473.91,15,30947.82,157.89
ORD01101,1,PROD0082,SELL010,1,49819.16,0,49819.16,477.5
ORD01102,1,PROD0027,SELL012,1,48487.03,0,48487.03,263.12
ORD01103,1,PROD0040,SELL025,1,39621.19,0,39621.19,209.3
ORD01104,1,PROD0051,SELL009,1,45297.74,5,45297.74,222.36
ORD01104,2,PROD0054,SELL035,1,39478.87,0,39478.87,248.48
ORD01105,1,PROD0012,SELL013,2,3529.11,0,7058.22,242.19
ORD01106,1,PROD0024,SELL008,1,37581.21,15,37581.21,178.62
ORD01107,1,PROD0061,SELL017,1,22611.56,5,22611.56,492.13
ORD01107,2,PROD0001,SELL010,2,22941.01,10,45882.02,167.77
ORD01107,3,PROD0059,SELL009,1,2089.94,0,2089.94,334.53
ORD01108,1,PROD0035,SELL020,2,43024.53,5,86049.06,426.01
ORD01109,1,PROD0011,SELL030,1,38779.62,0,38779.62,291.88
ORD01110,1,PROD0086,SELL008,1,12491.19,15,12491.19,303.28
ORD01111,1,PROD0066,SELL027,1,43922.73,5,43922.73,499.59
ORD01111,2,PROD0087,SELL001,1,39736.4,0,39736.4,244.41
ORD01112,1,PROD0038,SELL040,2,18854.58,0,37709.16,235.48
ORD01113,1,PROD0030,SELL035,1,36603.09,5,36603.09,241.05
ORD01113,2,PROD0036,SELL003,1,47334.06,0,47334.06,299.82
ORD01114,1,PROD0096,SELL001,1,41611.69,0,41611.69,442.97
ORD01114,2,PROD0019,SELL014,1,45644.29,0,45644.29,287.82
ORD01115,1,PROD0099,SELL037,4,12717.61,0,50870.44,85.98
ORD01116,1,PROD0059,SELL038,2,1776.45,15,3552.9,301.27
ORD01117,1,PROD0071,SELL031,4,29296.92,5,117187.68,49.1
ORD01117,2,PROD0055,SELL002,3,26779.91,15,80339.73,487.05
ORD01118,1,PROD0085,SELL039,1,31801.28,5,31801.28,151.79
ORD01119,1,PROD0047,SELL014,1,29937.77,0,29937.77,224.05
ORD01120,1,PROD0013,SELL036,1,12228.36,15,12228.36,368.88
ORD01120,2,PROD0008,SELL009,2,24083.74,5,48167.48,73.05
ORD01121,1,PROD0051,SELL010,1,47681.83,0,47681.83,447.0
ORD01122,1,PROD0045,SELL001,1,15232.27,0,15232.27,74.51
ORD01122,2,PROD0059,SELL036,3,1985.44,5,5956.32,186.05
ORD01122,3,PROD0003,SELL036,1,29304.34,5,29304.34,62.64
ORD01123,1,PROD0078,SELL012,1,26590.63,0,26590.63,221.95
ORD01124,1,PROD0017,SELL037,2,13303.94,15,26607.88,230.79
ORD01125,1,PROD0099,SELL017,1,11445.85,10,11445.85,486.2
ORD01126,1,PROD0043,SELL016,1,12333.11,5,12333.11,379.46
ORD01127,1,PROD0069,SELL007,2,15498.17,0,30996.34,245.66
ORD01127,2,PROD0022,SELL012,1,9216.42,20,9216.42,269.41
ORD01127,3,PROD0021,SELL027,2,45192.14,5,90384.28,195.01
ORD01127,4,PROD0041,SELL026,3,29647.64,15,88942.92,159.75
ORD01128,1,PROD0061,SELL030,2,21421.48,10,42842.96,301.75
ORD01129,1,PROD0041,SELL018,2,34879.58,0,69759.16,174.4
ORD01130,1,PROD0033,SELL039,2,26446.48,5,52892.96,197.75
ORD01131,1,PROD0026,SELL035,1,34322.41,5,34322.41,247.89
ORD01132,1,PROD0093,SELL034,1,6160.76,5,6160.76,227.29
ORD01132,2,PROD0009,SELL002,4,47073.97,5,188295.88,437.1
ORD01133,1,PROD0096,SELL018,1,37450.52,10,37450.52,146.15
ORD01134,1,PROD0050,SELL004,1,33302.47,0,33302.47,358.47
ORD01134,2,PROD0007,SELL007,1,5129.26,5,5129.26,308.35
ORD01135,1,PROD0015,SELL032,2,6921.76,5,13843.52,249.32
ORD01135,2,PROD0031,SELL036,1,18970.54,10,18970.54,79.33
ORD01135,3,PROD0014,SELL025,2,43695.66,0,87391.32,494.22
ORD01136,1,PROD0068,SELL022,2,13795.73,15,27591.46,325.48
ORD01137,1,PROD0072,SELL029,1,3983.3,0,3983.3,94.67
ORD01137,2,PROD0068,SELL030,1,16230.27,0,16230.27,136.55
ORD01137,3,PROD0087,SELL008,3,39736.4,0,119209.2,42.92
ORD01138,1,PROD0062,SELL032,2,13759.82,5,27519.64,258.03
ORD01139,1,PROD0047,SELL030,2,28440.88,5,56881.76,36.92
ORD01139,2,PROD0046,SELL017,2,39746.48,0,79492.96,405.25
ORD01140,1,PROD0098,SELL025,1,40279.2,15,40279.2,152.0
ORD01141,1,PROD0047,SELL010,1,29937.77,0,29937.77,84.26
ORD01141,2,PROD0090,SELL027,2,5700.2,15,11400.4,212.55
ORD01141,3,PROD0096,SELL001,1,41611.69,0,41611.69,122.88
ORD01142,1,PROD0069,SELL015,1,15498.17,0,15498.17,431.98
ORD01143,1,PROD0048,SELL005,1,11057.78,10,11057.78,388.92
ORD01144,1,PROD0043,SELL015,1,12982.22,0,12982.22,31.48
ORD01145,1,PROD0016,SELL021,1,31531.66,5,31531.66,180.85
ORD01146,1,PROD0030,SELL038,1,36603.09,5,36603.09,268.14
ORD01147,1,PROD0098,SELL024,2,45017.93,5,90035.86,247.41
ORD01148,1,PROD0097,SELL031,1,7477.07,10,7477.07,138.04
ORD01148,2,PROD0084,SELL004,1,42711.32,5,42711.32,174.24
ORD01149,1,PROD0007,SELL011,1,5399.22,0,5399.22,392.17
ORD01150,1,PROD0018,SELL001,1,28550.05,15,28550.05,351.1
ORD01151,1,PROD0018,SELL023,1,33588.29,0,33588.29,278.64
ORD01152,1,PROD0051,SELL015,1,42913.65,10,42913.65,396.68
ORD01152,2,PROD0076,SELL016,1,1861.17,0,1861.17,41.94
ORD01152,3,PROD0087,SELL034,3,35762.76,10,107288.28,98.05
ORD01153,1,PROD0053,SELL004,2,46603.87,5,93207.74,444.46
ORD01153,2,PROD0058,SELL032,2,31678.86,0,63357.72,104.63
ORD01154,1,PROD0017,SELL014,1,14086.53,10,14086.53,112.46
ORD01154,2,PROD0059,SELL010,1,2089.94,0,2089.94,65.26
ORD01155,1,PROD0070,SELL024,1,34565.8,0,34565.8,289.67
ORD01156,1,PROD0024,SELL027,4,35370.55,20,141482.2,403.52
ORD01157,1,PROD0004,SELL005,1,23653.15,15,23653.15,386.95
ORD01158,1,PROD0005,SELL038,1,45475.24,0,45475.24,422.51
ORD01158,2,PROD0038,SELL012,1,18854.58,0,18854.58,301.46
ORD01159,1,PROD0001,SELL037,1,24215.51,5,24215.51,466.93
ORD01159,2,PROD0070,SELL017,1,29380.93,15,29380.93,319.42
ORD01159,3,PROD0029,SELL040,2,17622.59,5,35245.18,81.1
ORD01160,1,PROD0012,SELL011,2,3529.11,0,7058.22,212.18
ORD01161,1,PROD0022,SELL030,2,10944.49,5,21888.98,172.75
ORD01162,1,PROD0001,SELL027,2,20392.01,20,40784.02,384.16
ORD01163,1,PROD0100,SELL040,1,6477.22,0,6477.22,299.04
ORD01163,2,PROD0039,SELL003,1,11420.8,0,11420.8,103.73
ORD01163,3,PROD0031,SELL013,1,21078.38,0,21078.38,479.98
ORD01164,1,PROD0043,SELL003,1,12333.11,5,12333.11,267.02
ORD01165,1,PROD0076,SELL001,2,1861.17,0,3722.34,295.24
ORD01165,2,PROD0055,SELL035,4,31505.78,0,126023.12,89.37
ORD01165,3,PROD0017,SELL018,2,15651.7,0,31303.4,443.46
ORD01166,1,PROD0064,SELL026,1,35368.08,5,35368.08,175.23
ORD01167,1,PROD0013,SELL038,1,13666.99,5,13666.99,65.73
ORD01168,1,PROD0052,SELL017,1,1072.39,15,1072.39,96.68
ORD01169,1,PROD0041,SELL004,1,31391.62,10,31391.62,59.51
ORD01169,2,PROD0018,SELL015,2,31908.88,5,63817.76,179.36
ORD01169,3,PROD0035,SELL018,1,40760.08,10,40760.08,77.17
ORD01170,1,PROD0017,SELL024,2,15651.7,0,31303.4,91.71
ORD01171,1,PROD0039,SELL031,1,10849.76,5,10849.76,328.0
ORD01171,2,PROD0099,SELL037,1,12717.61,0,12717.61,140.2
ORD01171,3,PROD0070,SELL011,1,27652.64,20,27652.64,232.1
ORD01172,1,PROD0008,SELL034,1,24083.74,5,24083.74,398.66
ORD01173,1,PROD0003,SELL033,1,29304.34,5,29304.34,339.48
ORD01173,2,PROD0095,SELL011,1,32680.07,15,32680.07,435.26
ORD01174,1,PROD0069,SELL023,2,13948.35,10,27896.7,328.75
ORD01174,2,PROD0024,SELL011,2,35370.55,20,70741.1,240.19
ORD01175,1,PROD0074,SELL012,1,35208.24,10,35208.24,314.58
ORD01176,1,PROD0007,SELL038,1,5399.22,0,5399.22,61.37
ORD01177,1,PROD0069,SELL012,1,15498.17,0,15498.17,247.93
ORD01177,2,PROD0080,SELL006,3,25077.44,0,75232.32,430.52
ORD01178,1,PROD0088,SELL027,2,39655.27,0,79310.54,488.54
ORD01179,1,PROD0012,SELL029,2,3176.2,10,6352.4,432.97
ORD01180,1,PROD0056,SELL009,3,6198.42,10,18595.26,212.87
ORD01180,2,PROD0039,SELL018,2,11420.8,0,22841.6,460.23
ORD01181,1,PROD0089,SELL014,2,16384.14,10,32768.28,114.63
ORD01182,1,PROD0012,SELL032,1,3352.65,5,3352.65,111.04
ORD01183,1,PROD0035,SELL023,1,45288.98,0,45288.98,122.29
ORD01184,1,PROD0018,SELL036,1,33588.29,0,33588.29,249.78
ORD01184,2,PROD0054,SELL013,1,35530.98,10,35530.98,155.12
ORD01185,1,PROD0095,SELL018,1,36524.78,5,36524.78,160.91
ORD01186,1,PROD0083,SELL027,2,6351.21,0,12702.42,244.14
ORD01187,1,PROD0045,SELL027,1,14470.66,5,14470.66,249.66
ORD01188,1,PROD0096,SELL037,1,41611.69,0,41611.69,242.82
ORD01188,2,PROD0078,SELL011,1,26590.63,0,26590.63,395.22
ORD01189,1,PROD0044,SELL003,1,30541.78,0,30541.78,155.49
ORD01190,1,PROD0016,SELL009,1,33191.22,0,33191.22,222.85
ORD01190,2,PROD0071,SELL031,3,27754.97,10,83264.91,394.77
ORD01191,1,PROD0077,SELL003,1,16881.9,10,16881.9,299.14
ORD01192,1,PROD0003,SELL020,1,30846.67,0,30846.67,85.44
ORD01193,1,PROD0008,SELL005,1,25351.31,0,25351.31,467.54
ORD01194,1,PROD0087,SELL037,2,33775.94,15,67551.88,260.55
ORD01195,1,PROD0040,SELL040,1,37640.13,5,37640.13,167.21
ORD01196,1,PROD0003,SELL008,1,27762.0,10,27762.0,316.93
ORD01197,1,PROD0078,SELL034,1,21272.5,20,21272.5,139.04
ORD01198,1,PROD0095,SELL030,2,38447.14,0,76894.28,251.59
ORD01198,2,PROD0010,SELL001,1,17436.22,5,17436.22,331.22
ORD01199,1,PROD0093,SELL010,3,5836.51,10,17509.53,73.78
ORD01200,1,PROD0006,SELL029,2,30349.04,0,60698.08,271.19
ORD01201,1,PROD0084,SELL019,2,38215.39,15,76430.78,183.34
ORD01202,1,PROD0060,SELL018,1,15153.35,5,15153.35,31.03
ORD01203,1,PROD0003,SELL016,1,29304.34,5,29304.34,328.73
ORD01204,1,PROD0077,SELL025,1,18757.67,0,18757.67,148.95
ORD01205,1,PROD0039,SELL011,2,10849.76,5,21699.52,221.68
ORD01206,1,PROD0091,SELL004,1,19055.54,5,19055.54,387.69
ORD01207,1,PROD0046,SELL023,1,35771.83,10,35771.83,150.25
ORD01208,1,PROD0066,SELL035,1,43922.73,5,43922.73,366.92
ORD01209,1,PROD0052,SELL030,1,1135.47,10,1135.47,278.6
ORD01210,1,PROD0078,SELL034,1,26590.63,0,26590.63,223.04
ORD01211,1,PROD0076,SELL039,2,1861.17,0,3722.34,459.96
ORD01212,1,PROD0072,SELL032,1,3983.3,0,3983.3,460.69
ORD01212,2,PROD0066,SELL028,1,46234.45,0,46234.45,149.76
ORD01212,3,PROD0060,SELL012,1,13558.26,15,13558.26,409.52
ORD01213,1,PROD0020,SELL009,1,25547.3,0,25547.3,451.5
ORD01214,1,PROD0084,SELL015,2,38215.39,15,76430.78,373.61
ORD01215,1,PROD0005,SELL038,1,43201.48,5,43201.48,183.8
ORD01216,1,PROD0030,SELL022,2,38529.57,0,77059.14,468.27
ORD01217,1,PROD0100,SELL024,1,6477.22,0,6477.22,32.03
ORD01217,2,PROD0070,SELL031,2,34565.8,0,69131.6,469.56
ORD01217,3,PROD0005,SELL029,1,43201.48,5,43201.48,470.13
ORD01218,1,PROD0041,SELL005,2,33135.6,5,66271.2,320.78
ORD01218,2,PROD0029,SELL026,1,18550.09,0,18550.09,260.39
ORD01219,1,PROD0019,SELL040,2,43362.08,5,86724.16,369.45
ORD01219,2,PROD0089,SELL038,1,17294.37,5,17294.37,128.68
ORD01219,3,PROD0043,SELL003,1,11684.0,10,11684.0,410.87
ORD01220,1,PROD0069,SELL009,2,15498.17,0,30996.34,60.87
ORD01220,2,PROD0054,SELL001,2,37504.93,5,75009.86,181.04
ORD01221,1,PROD0076,SELL006,1,1768.11,5,1768.11,486.65
ORD01221,2,PROD0045,SELL003,1,15232.27,0,15232.27,403.55
ORD01222,1,PROD0032,SELL039,2,37129.57,15,74259.14,52.04
ORD01223,1,PROD0003,SELL016,1,27762.0,10,27762.0,286.59
ORD01224,1,PROD0094,SELL033,1,19911.42,15,19911.42,290.7
ORD01224,2,PROD0006,SELL018,1,27314.14,10,27314.14,39.89
ORD01224,3,PROD0031,SELL029,1,21078.38,0,21078.38,214.12
ORD01225,1,PROD0093,SELL027,1,6485.01,0,6485.01,119.24
ORD01226,1,PROD0006,SELL039,1,24279.23,20,24279.23,366.35
ORD01227,1,PROD0013,SELL007,1,14386.31,0,14386.31,189.1
ORD01228,1,PROD0087,SELL010,1,39736.4,0,39736.4,455.34
ORD01228,2,PROD0021,SELL001,1,38056.54,20,38056.54,200.78
ORD01229,1,PROD0097,SELL005,1,7477.07,10,7477.07,416.75
ORD01230,1,PROD0053,SELL012,1,44151.04,10,44151.04,300.82
ORD01231,1,PROD0058,SELL014,3,30094.92,5,90284.76,52.76
ORD01231,2,PROD0001,SELL004,1,25490.01,0,25490.01,216.03
ORD01232,1,PROD0002,SELL014,1,2926.27,5,2926.27,494.57
ORD01233,1,PROD0099,SELL024,1,11445.85,10,11445.85,202.33
ORD01233,2,PROD0059,SELL008,1,1776.45,15,1776.45,485.51
ORD01234,1,PROD0033,SELL018,4,26446.48,5,105785.92,94.42
ORD01235,1,PROD0081,SELL036,1,12609.72,5,12609.72,212.97
ORD01236,1,PROD0016,SELL032,1,33191.22,0,33191.22,358.72
ORD01237,1,PROD0082,SELL010,2,42346.29,15,84692.58,220.87
ORD01238,1,PROD0030,SELL006,1,32750.13,15,32750.13,178.54
ORD01239,1,PROD0073,SELL017,1,45268.71,5,45268.71,154.18
ORD01240,1,PROD0098,SELL034,1,45017.93,5,45017.93,234.32
ORD01240,2,PROD0083,SELL020,2,6033.65,5,12067.3,130.96
ORD01241,1,PROD0072,SELL030,1,3186.64,20,3186.64,205.9
ORD01242,1,PROD0001,SELL007,1,25490.01,0,25490.01,313.63
ORD01243,1,PROD0006,SELL012,2,25796.68,15,51593.36,181.42
ORD01244,1,PROD0031,SELL040,3,21078.38,0,63235.14,368.84
ORD01245,1,PROD0025,SELL015,2,29963.01,0,59926.02,161.08
ORD01246,1,PROD0087,SELL031,1,39736.4,0,39736.4,69.53
ORD01247,1,PROD0029,SELL008,1,16695.08,10,16695.08,214.87
ORD01248,1,PROD0028,SELL014,3,11297.07,5,33891.21,371.21
ORD01249,1,PROD0005,SELL022,1,45475.24,0,45475.24,266.61
ORD01250,1,PROD0083,SELL028,1,5716.09,10,5716.09,267.98
ORD01251,1,PROD0085,SELL026,2,30127.53,10,60255.06,474.56
ORD01251,2,PROD0046,SELL005,1,37759.16,5,37759.16,178.08
ORD01252,1,PROD0077,SELL017,1,16881.9,10,16881.9,230.81
ORD01252,2,PROD0010,SELL038,2,15600.83,15,31201.66,412.52
ORD01253,1,PROD0033,SELL009,1,25054.56,10,25054.56,305.29
ORD01253,2,PROD0049,SELL035,2,30836.78,0,61673.56,437.5
ORD01253,3,PROD0013,SELL007,1,14386.31,0,14386.31,468.41
ORD01254,1,PROD0076,SELL020,3,1861.17,0,5583.51,418.55
ORD01254,2,PROD0068,SELL011,1,14607.24,10,14607.24,380.87
ORD01254,3,PROD0091,SELL032,1,19055.54,5,19055.54,265.56
ORD01255,1,PROD0038,SELL005,1,18854.58,0,18854.58,357.84
ORD01256,1,PROD0035,SELL021,1,40760.08,10,40760.08,323.06
ORD01256,2,PROD0051,SELL037,2,45297.74,5,90595.48,445.29
ORD01256,3,PROD0004,SELL035,1,27827.24,0,27827.24,321.82
ORD01257,1,PROD0001,SELL007,1,24215.51,5,24215.51,179.77
ORD01258,1,PROD0064,SELL023,1,29783.65,20,29783.65,149.74
ORD01259,1,PROD0088,SELL004,1,37672.51,5,37672.51,195.86
ORD01260,1,PROD0026,SELL013,1,30709.52,15,30709.52,499.11
ORD01261,1,PROD0006,SELL040,1,25796.68,15,25796.68,102.32
ORD01262,1,PROD0036,SELL005,1,42600.65,10,42600.65,35.69
ORD01263,1,PROD0015,SELL014,1,6557.45,10,6557.45,277.51
ORD01264,1,PROD0066,SELL001,1,43922.73,5,43922.73,330.4
ORD01265,1,PROD0079,SELL017,1,11401.36,10,11401.36,410.11
ORD01266,1,PROD0040,SELL010,1,39621.19,0,39621.19,379.73
ORD01267,1,PROD0055,SELL018,4,28355.2,10,113420.8,369.17
ORD01268,1,PROD0074,SELL027,1,35208.24,10,35208.24,133.3
ORD01269,1,PROD0038,SELL014,1,15083.66,20,15083.66,120.46
ORD01269,2,PROD0067,SELL001,1,4176.62,0,4176.62,307.47
ORD01270,1,PROD0049,SELL024,2,29294.94,5,58589.88,224.73
ORD01271,1,PROD0058,SELL040,1,30094.92,5,30094.92,490.93
ORD01272,1,PROD0092,SELL029,1,17584.0,15,17584.0,161.87
ORD01272,2,PROD0070,SELL030,4,32837.51,5,131350.04,360.54
ORD01273,1,PROD0070,SELL003,2,31109.22,10,62218.44,247.5
ORD01273,2,PROD0080,SELL005,1,25077.44,0,25077.44,262.23
ORD01274,1,PROD0068,SELL002,2,12984.22,20,25968.44,352.07
ORD01275,1,PROD0012,SELL036,2,3352.65,5,6705.3,102.7
ORD01276,1,PROD0004,SELL032,1,26435.88,5,26435.88,366.18
ORD01276,2,PROD0084,SELL039,1,44959.28,0,44959.28,243.7
ORD01277,1,PROD0085,SELL020,1,31801.28,5,31801.28,51.72
ORD01277,2,PROD0056,SELL021,1,6542.77,5,6542.77,246.31
ORD01278,1,PROD0095,SELL007,2,32680.07,15,65360.14,339.35
ORD01279,1,PROD0080,SELL039,2,22569.7,10,45139.4,272.79
ORD01280,1,PROD0007,SELL007,2,4589.34,15,9178.68,489.56
ORD01280,2,PROD0084,SELL021,2,44959.28,0,89918.56,281.8
ORD01281,1,PROD0007,SELL010,1,4319.38,20,4319.38,408.02
ORD01282,1,PROD0099,SELL028,2,12081.73,5,24163.46,170.14
ORD01283,1,PROD0064,SELL024,1,31645.13,15,31645.13,312.67
ORD01284,1,PROD0012,SELL022,1,2999.74,15,2999.74,341.09
ORD01285,1,PROD0071,SELL023,1,30838.86,0,30838.86,146.3
ORD01286,1,PROD0045,SELL037,1,15232.27,0,15232.27,68.7
ORD01286,2,PROD0096,SELL032,1,35369.94,15,35369.94,466.67
ORD01287,1,PROD0037,SELL007,1,41886.88,10,41886.88,423.76
ORD01288,1,PROD0017,SELL009,1,15651.7,0,15651.7,329.35
ORD01288,2,PROD0076,SELL016,3,1675.05,10,5025.15,43.48
ORD01289,1,PROD0072,SELL013,1,3784.14,5,3784.14,87.86
ORD01290,1,PROD0036,SELL009,2,40233.95,15,80467.9,92.81
ORD01290,2,PROD0023,SELL015,1,40147.29,5,40147.29,48.62
ORD01290,3,PROD0005,SELL014,2,36380.19,20,72760.38,290.25
ORD01291,1,PROD0052,SELL008,1,1261.63,0,1261.63,107.18
ORD01292,1,PROD0049,SELL004,1,29294.94,5,29294.94,260.12
ORD01293,1,PROD0088,SELL029,1,33706.98,15,33706.98,411.59
ORD01294,1,PROD0027,SELL019,3,48487.03,0,145461.09,288.18
ORD01294,2,PROD0035,SELL031,1,43024.53,5,43024.53,281.89
ORD01295,1,PROD0062,SELL019,1,14484.02,0,14484.02,198.07
ORD01296,1,PROD0038,SELL038,1,18854.58,0,18854.58,262.91
ORD01296,2,PROD0002,SELL028,1,2926.27,5,2926.27,54.33
ORD01297,1,PROD0009,SELL017,1,47073.97,5,47073.97,223.9
ORD01298,1,PROD0081,SELL034,1,13273.39,0,13273.39,185.41
ORD01299,1,PROD0034,SELL012,2,14431.88,0,28863.76,219.99
ORD01300,1,PROD0018,SELL011,1,33588.29,0,33588.29,165.96
ORD01301,1,PROD0052,SELL028,2,1261.63,0,2523.26,377.89
ORD01302,1,PROD0048,SELL025,1,12286.42,0,12286.42,481.61
ORD01303,1,PROD0030,SELL012,1,36603.09,5,36603.09,479.02
ORD01304,1,PROD0039,SELL020,1,10849.76,5,10849.76,32.34
ORD01305,1,PROD0082,SELL031,1,42346.29,15,42346.29,143.98
ORD01305,2,PROD0086,SELL037,1,13225.97,10,13225.97,113.35
ORD01306,1,PROD0073,SELL018,1,40503.58,15,40503.58,481.41
ORD01306,2,PROD0009,SELL024,2,42118.82,15,84237.64,270.12
ORD01307,1,PROD0057,SELL018,3,39483.51,5,118450.53,368.25
ORD01308,1,PROD0091,SELL025,1,19055.54,5,19055.54,169.97
ORD01309,1,PROD0053,SELL036,1,44151.04,10,44151.04,145.78
ORD01310,1,PROD0098,SELL005,1,45017.93,5,45017.93,135.56
ORD01310,2,PROD0070,SELL033,1,32837.51,5,32837.51,397.36
ORD01311,1,PROD0099,SELL001,3,12717.61,0,38152.83,318.37
ORD01312,1,PROD0016,SELL019,1,33191.22,0,33191.22,391.06
ORD01313,1,PROD0027,SELL039,1,48487.03,0,48487.03,467.45
ORD01313,2,PROD0025,SELL038,1,29963.01,0,29963.01,131.16
ORD01314,1,PROD0012,SELL040,1,2823.29,20,2823.29,42.02
ORD01315,1,PROD0004,SELL026,2,27827.24,0,55654.48,312.77
ORD01315,2,PROD0015,SELL038,1,6557.45,10,6557.45,121.5
ORD01316,1,PROD0036,SELL019,1,44967.36,5,44967.36,404.66
ORD01316,2,PROD0069,SELL017,1,15498.17,0,15498.17,63.44
ORD01316,3,PROD0013,SELL028,1,14386.31,0,14386.31,64.74
ORD01317,1,PROD0040,SELL011,2,39621.19,0,79242.38,278.93
ORD01318,1,PROD0038,SELL010,1,16026.39,15,16026.39,124.27
ORD01319,1,PROD0010,SELL028,1,17436.22,5,17436.22,492.65
ORD01320,1,PROD0090,SELL006,2,6706.12,0,13412.24,442.15
ORD01321,1,PROD0084,SELL006,1,44959.28,0,44959.28,424.98
ORD01322,1,PROD0038,SELL028,1,18854.58,0,18854.58,290.43
ORD01323,1,PROD0020,SELL008,1,21715.2,15,21715.2,65.78
ORD01324,1,PROD0009,SELL027,1,42118.82,15,42118.82,188.45
ORD01325,1,PROD0091,SELL030,1,19055.54,5,19055.54,318.38
ORD01326,1,PROD0008,SELL002,1,24083.74,5,24083.74,325.47
ORD01327,1,PROD0058,SELL030,1,30094.92,5,30094.92,387.4
ORD01327,2,PROD0082,SELL024,1,49819.16,0,49819.16,209.91
ORD01327,3,PROD0093,SELL001,1,5836.51,10,5836.51,69.01
ORD01327,4,PROD0012,SELL018,1,3529.11,0,3529.11,493.81
ORD01328,1,PROD0082,SELL027,1,47328.2,5,47328.2,345.99
ORD01329,1,PROD0093,SELL008,1,5512.26,15,5512.26,340.01
ORD01330,1,PROD0025,SELL023,4,28464.86,5,113859.44,169.67
ORD01331,1,PROD0015,SELL016,1,7286.06,0,7286.06,430.91
ORD01332,1,PROD0056,SELL008,1,5854.06,15,5854.06,198.91
ORD01332,2,PROD0038,SELL032,1,18854.58,0,18854.58,386.81
ORD01333,1,PROD0032,SELL040,1,39313.67,10,39313.67,399.72
ORD01333,2,PROD0039,SELL033,2,11420.8,0,22841.6,338.22
ORD01333,3,PROD0010,SELL019,1,17436.22,5,17436.22,243.44
ORD01334,1,PROD0097,SELL023,1,7061.68,15,7061.68,331.96
ORD01335,1,PROD0092,SELL017,3,17584.0,15,52752.0,416.35
ORD01335,2,PROD0057,SELL026,1,41561.59,0,41561.59,412.73
ORD01336,1,PROD0024,SELL001,2,39791.87,10,79583.74,232.06
ORD01336,2,PROD0074,SELL004,2,37164.26,5,74328.52,102.02
ORD01337,1,PROD0057,SELL003,1,41561.59,0,41561.59,238.75
ORD01338,1,PROD0025,SELL031,2,26966.71,10,53933.42,105.54
ORD01339,1,PROD0031,SELL010,3,21078.38,0,63235.14,171.7
ORD01340,1,PROD0042,SELL035,1,21439.52,5,21439.52,427.55
ORD01341,1,PROD0098,SELL014,1,47387.29,0,47387.29,403.57
ORD01342,1,PROD0036,SELL002,3,47334.06,0,142002.18,234.49
ORD01343,1,PROD0017,SELL002,1,14869.11,5,14869.11,284.54
ORD01344,1,PROD0001,SELL026,1,25490.01,0,25490.01,196.83
ORD01345,1,PROD0020,SELL003,1,22992.57,10,22992.57,52.91
ORD01346,1,PROD0091,SELL038,1,19055.54,5,19055.54,207.09
ORD01347,1,PROD0058,SELL038,4,26927.03,15,107708.12,97.03
ORD01348,1,PROD0060,SELL035,2,15950.89,0,31901.78,207.12
ORD01349,1,PROD0014,SELL029,3,41510.88,5,124532.64,227.74
ORD01349,2,PROD0011,SELL028,1,38779.62,0,38779.62,339.65
ORD01350,1,PROD0042,SELL036,1,20311.13,10,20311.13,404.66
ORD01350,2,PROD0062,SELL040,1,14484.02,0,14484.02,62.55
ORD01351,1,PROD0020,SELL013,2,25547.3,0,51094.6,197.2
ORD01352,1,PROD0064,SELL006,1,31645.13,15,31645.13,314.95
ORD01353,1,PROD0032,SELL005,1,43681.85,0,43681.85,191.95
ORD01354,1,PROD0088,SELL032,1,37672.51,5,37672.51,444.72
ORD01355,1,PROD0090,SELL028,1,6706.12,0,6706.12,239.2
ORD01356,1,PROD0032,SELL026,1,39313.67,10,39313.67,318.39
ORD01356,2,PROD0063,SELL027,1,13150.4,5,13150.4,167.95
ORD01356,3,PROD0047,SELL028,1,29937.77,0,29937.77,407.02
ORD01357,1,PROD0054,SELL035,3,33557.04,15,100671.12,97.21
ORD01357,2,PROD0042,SELL004,2,20311.13,10,40622.26,382.83
ORD01357,3,PROD0050,SELL027,2,33302.47,0,66604.94,473.99
ORD01358,1,PROD0039,SELL028,2,10278.72,10,20557.44,453.49
ORD01359,1,PROD0094,SELL001,1,23425.2,0,23425.2,261.59
ORD01359,2,PROD0090,SELL037,1,5700.2,15,5700.2,205.58
ORD01360,1,PROD0088,SELL010,2,39655.27,0,79310.54,333.2
ORD01361,1,PROD0051,SELL013,1,47681.83,0,47681.83,96.09
ORD01362,1,PROD0020,SELL004,2,22992.57,10,45985.14,273.46
ORD01362,2,PROD0004,SELL033,3,27827.24,0,83481.72,414.04
ORD01363,1,PROD0066,SELL011,3,41611.0,10,124833.0,314.47
ORD01364,1,PROD0037,SELL028,2,44213.93,5,88427.86,41.29
ORD01365,1,PROD0048,SELL006,3,10443.46,15,31330.38,205.87
ORD01366,1,PROD0068,SELL004,1,16230.27,0,16230.27,477.28
ORD01367,1,PROD0052,SELL025,2,1261.63,0,2523.26,352.94
ORD01368,1,PROD0026,SELL003,1,36128.85,0,36128.85,463.42
ORD01369,1,PROD0060,SELL007,1,14355.8,10,14355.8,356.14
ORD01370,1,PROD0055,SELL008,1,29930.49,5,29930.49,418.5
ORD01371,1,PROD0004,SELL035,1,27827.24,0,27827.24,197.57
ORD01371,2,PROD0043,SELL035,1,12982.22,0,12982.22,183.76
ORD01372,1,PROD0052,SELL010,1,1072.39,15,1072.39,359.19
ORD01373,1,PROD0100,SELL001,1,6153.36,5,6153.36,126.12
ORD01373,2,PROD0026,SELL030,1,32515.97,10,32515.97,232.1
ORD01374,1,PROD0055,SELL001,2,29930.49,5,59860.98,119.51
ORD01374,2,PROD0014,SELL001,1,41510.88,5,41510.88,251.79
ORD01374,3,PROD0031,SELL001,1,18970.54,10,18970.54,135.17
ORD01375,1,PROD0098,SELL033,1,47387.29,0,47387.29,355.85
ORD01376,1,PROD0036,SELL010,1,42600.65,10,42600.65,259.76
ORD01377,1,PROD0097,SELL040,2,7477.07,10,14954.14,454.55
ORD01378,1,PROD0059,SELL027,1,1880.95,10,1880.95,370.01
ORD01379,1,PROD0037,SELL009,4,44213.93,5,176855.72,364.94
ORD01380,1,PROD0059,SELL024,2,1985.44,5,3970.88,144.33
ORD01380,2,PROD0003,SELL004,2,30846.67,0,61693.34,400.64
ORD01381,1,PROD0065,SELL003,1,48692.75,0,48692.75,298.76
ORD01382,1,PROD0063,SELL006,1,13842.53,0,13842.53,298.11
ORD01383,1,PROD0003,SELL006,3,26219.67,15,78659.01,355.56
ORD01383,2,PROD0027,SELL027,1,48487.03,0,48487.03,273.67
ORD01384,1,PROD0095,SELL010,1,36524.78,5,36524.78,53.33
ORD01384,2,PROD0087,SELL020,2,37749.58,5,75499.16,38.21
ORD01385,1,PROD0083,SELL013,4,6351.21,0,25404.84,227.78
ORD01385,2,PROD0090,SELL014,1,6035.51,10,6035.51,421.32
ORD01386,1,PROD0067,SELL008,2,3550.13,15,7100.26,175.57
ORD01387,1,PROD0043,SELL035,2,11684.0,10,23368.0,114.46
ORD01388,1,PROD0069,SELL002,1,13173.44,15,13173.44,95.96
ORD01389,1,PROD0045,SELL015,1,12947.43,15,12947.43,499.0
ORD01389,2,PROD0092,SELL003,3,18618.35,10,55855.05,475.03
ORD01390,1,PROD0018,SELL007,1,26870.63,20,26870.63,381.09
ORD01391,1,PROD0089,SELL007,1,17294.37,5,17294.37,438.77
ORD01392,1,PROD0094,SELL026,2,21082.68,10,42165.36,105.89
ORD01393,1,PROD0025,SELL026,1,28464.86,5,28464.86,414.0
ORD01393,2,PROD0058,SELL011,1,26927.03,15,26927.03,313.05
ORD01394,1,PROD0044,SELL040,1,29014.69,5,29014.69,233.9
ORD01395,1,PROD0069,SELL002,3,13173.44,15,39520.32,472.36
ORD01395,2,PROD0004,SELL019,1,26435.88,5,26435.88,449.21
ORD01395,3,PROD0041,SELL025,1,33135.6,5,33135.6,118.58
ORD01396,1,PROD0040,SELL034,1,39621.19,0,39621.19,336.2
ORD01397,1,PROD0063,SELL030,4,12458.28,10,49833.12,332.0
ORD01397,2,PROD0045,SELL010,1,15232.27,0,15232.27,77.79
ORD01398,1,PROD0085,SELL039,1,26780.02,20,26780.02,106.16
ORD01399,1,PROD0026,SELL002,3,30709.52,15,92128.56,399.18
ORD01400,1,PROD0004,SELL021,1,25044.52,10,25044.52,73.25
ORD01401,1,PROD0027,SELL024,1,48487.03,0,48487.03,205.16
ORD01402,1,PROD0046,SELL013,2,33784.51,15,67569.02,268.14
ORD01402,2,PROD0066,SELL019,1,39299.28,15,39299.28,340.83
ORD01403,1,PROD0020,SELL002,2,21715.2,15,43430.4,252.2
ORD01404,1,PROD0084,SELL017,1,38215.39,15,38215.39,372.54
ORD01405,1,PROD0005,SELL018,1,45475.24,0,45475.24,416.68
ORD01405,2,PROD0077,SELL004,1,18757.67,0,18757.67,461.35
ORD01405,3,PROD0023,SELL039,2,40147.29,5,80294.58,357.56
ORD01405,4,PROD0069,SELL029,1,13948.35,10,13948.35,456.28
ORD01406,1,PROD0045,SELL008,1,13709.04,10,13709.04,353.89
ORD01407,1,PROD0077,SELL015,2,16881.9,10,33763.8,321.61
ORD01407,2,PROD0034,SELL022,1,12988.69,10,12988.69,370.7
ORD01407,3,PROD0099,SELL007,1,12717.61,0,12717.61,195.72
ORD01408,1,PROD0087,SELL025,3,33775.94,15,101327.82,191.65
ORD01409,1,PROD0081,SELL028,3,11946.05,10,35838.15,417.18
ORD01410,1,PROD0059,SELL003,3,1985.44,5,5956.32,252.74
ORD01411,1,PROD0061,SELL024,3,21421.48,10,64264.44,388.37
ORD01412,1,PROD0084,SELL029,1,44959.28,0,44959.28,322.08
ORD01413,1,PROD0064,SELL004,1,37229.56,0,37229.56,185.07
ORD01414,1,PROD0036,SELL034,3,44967.36,5,134902.08,48.08
ORD01414,2,PROD0030,SELL033,1,32750.13,15,32750.13,339.06
ORD01415,1,PROD0031,SELL016,1,20024.46,5,20024.46,390.54
ORD01415,2,PROD0014,SELL029,1,43695.66,0,43695.66,316.53
ORD01416,1,PROD0079,SELL024,1,11401.36,10,11401.36,446.7
ORD01417,1,PROD0088,SELL038,1,35689.74,10,35689.74,249.82
ORD01418,1,PROD0088,SELL040,1,39655.27,0,39655.27,266.61
ORD01419,1,PROD0059,SELL028,2,2089.94,0,4179.88,42.65
ORD01420,1,PROD0048,SELL004,1,12286.42,0,12286.42,34.87
ORD01420,2,PROD0026,SELL012,1,32515.97,10,32515.97,207.32
ORD01421,1,PROD0058,SELL026,1,28510.97,10,28510.97,52.34
ORD01422,1,PROD0069,SELL010,1,14723.26,5,14723.26,267.34
ORD01423,1,PROD0032,SELL016,1,43681.85,0,43681.85,286.38
ORD01424,1,PROD0010,SELL025,1,16518.53,10,16518.53,329.47
ORD01424,2,PROD0097,SELL015,1,8307.86,0,8307.86,282.61
ORD01425,1,PROD0063,SELL028,1,13842.53,0,13842.53,40.87
ORD01426,1,PROD0004,SELL035,2,27827.24,0,55654.48,114.74
ORD01426,2,PROD0084,SELL030,1,42711.32,5,42711.32,389.43
ORD01427,1,PROD0045,SELL022,1,15232.27,0,15232.27,117.45
ORD01428,1,PROD0014,SELL009,2,39326.09,10,78652.18,209.39
ORD01429,1,PROD0096,SELL019,2,41611.69,0,83223.38,372.84
ORD01430,1,PROD0027,SELL014,1,38789.62,20,38789.62,81.91
ORD01431,1,PROD0051,SELL035,2,47681.83,0,95363.66,463.85
ORD01432,1,PROD0049,SELL036,1,24669.42,20,24669.42,31.41
ORD01433,1,PROD0019,SELL039,1,41079.86,10,41079.86,256.8
ORD01434,1,PROD0070,SELL029,1,32837.51,5,32837.51,161.96
ORD01435,1,PROD0062,SELL029,1,13035.62,10,13035.62,423.16
ORD01435,2,PROD0043,SELL034,2,11034.89,15,22069.78,254.22
ORD01436,1,PROD0043,SELL023,1,12982.22,0,12982.22,321.31
ORD01436,2,PROD0054,SELL007,4,33557.04,15,134228.16,34.42
ORD01437,1,PROD0047,SELL023,1,29937.77,0,29937.77,437.36
ORD01438,1,PROD0089,SELL038,1,15473.91,15,15473.91,55.17
ORD01439,1,PROD0045,SELL011,1,15232.27,0,15232.27,492.32
ORD01439,2,PROD0025,SELL013,1,29963.01,0,29963.01,423.66
ORD01439,3,PROD0088,SELL005,1,33706.98,15,33706.98,184.83
ORD01439,4,PROD0090,SELL038,1,5700.2,15,5700.2,175.92
ORD01440,1,PROD0031,SELL039,3,20024.46,5,60073.38,420.51
ORD01440,2,PROD0088,SELL010,1,39655.27,0,39655.27,374.28
ORD01441,1,PROD0009,SELL017,2,42118.82,15,84237.64,452.07
ORD01442,1,PROD0046,SELL017,1,39746.48,0,39746.48,393.1
ORD01443,1,PROD0085,SELL022,2,30127.53,10,60255.06,335.79
ORD01444,1,PROD0079,SELL007,1,11401.36,10,11401.36,449.26
ORD01444,2,PROD0078,SELL022,2,23931.57,10,47863.14,73.69
ORD01444,3,PROD0023,SELL026,1,42260.31,0,42260.31,126.91
ORD01444,4,PROD0090,SELL040,1,5700.2,15,5700.2,242.83
ORD01445,1,PROD0095,SELL018,1,34602.43,10,34602.43,443.39
ORD01446,1,PROD0070,SELL007,1,34565.8,0,34565.8,156.17
ORD01447,1,PROD0097,SELL024,1,7477.07,10,7477.07,236.43
ORD01448,1,PROD0036,SELL001,1,44967.36,5,44967.36,78.43
ORD01449,1,PROD0012,SELL040,1,2999.74,15,2999.74,114.17
ORD01449,2,PROD0088,SELL005,2,33706.98,15,67413.96,63.18
ORD01450,1,PROD0049,SELL025,1,27753.1,10,27753.1,499.52
ORD01451,1,PROD0009,SELL035,2,49551.55,0,99103.1,348.1
ORD01452,1,PROD0087,SELL012,1,39736.4,0,39736.4,222.75
ORD01453,1,PROD0056,SELL040,1,6887.13,0,6887.13,234.29
ORD01454,1,PROD0071,SELL002,1,30838.86,0,30838.86,415.96
ORD01454,2,PROD0043,SELL002,1,12982.22,0,12982.22,487.82
ORD01454,3,PROD0044,SELL036,1,25960.51,15,25960.51,409.27
ORD01455,1,PROD0042,SELL014,1,22567.92,0,22567.92,435.09
ORD01456,1,PROD0071,SELL033,3,30838.86,0,92516.58,159.14
ORD01457,1,PROD0075,SELL017,1,37032.08,5,37032.08,80.05
ORD01458,1,PROD0011,SELL014,2,38779.62,0,77559.24,477.16
ORD01458,2,PROD0004,SELL029,1,26435.88,5,26435.88,419.76
ORD01458,3,PROD0098,SELL027,1,47387.29,0,47387.29,336.73
ORD01459,1,PROD0093,SELL012,1,5836.51,10,5836.51,485.74
ORD01460,1,PROD0098,SELL002,1,42648.56,10,42648.56,222.01
ORD01461,1,PROD0023,SELL005,1,38034.28,10,38034.28,306.28
ORD01461,2,PROD0072,SELL022,2,3983.3,0,7966.6,480.71
ORD01461,3,PROD0056,SELL009,1,5509.7,20,5509.7,350.77
ORD01462,1,PROD0053,SELL016,1,49056.71,0,49056.71,144.91
ORD01463,1,PROD0011,SELL006,2,38779.62,0,77559.24,288.16
ORD01463,2,PROD0003,SELL025,1,30846.67,0,30846.67,409.06
ORD01464,1,PROD0028,SELL025,1,11891.65,0,11891.65,474.32
ORD01465,1,PROD0092,SELL015,1,20687.06,0,20687.06,482.61
ORD01465,2,PROD0032,SELL013,1,41497.76,5,41497.76,228.19
ORD01466,1,PROD0060,SELL012,2,13558.26,15,27116.52,212.42
ORD01466,2,PROD0055,SELL026,1,31505.78,0,31505.78,49.34
ORD01467,1,PROD0088,SELL019,2,33706.98,15,67413.96,424.48
ORD01468,1,PROD0061,SELL030,1,22611.56,5,22611.56,41.76
ORD01468,2,PROD0050,SELL010,1,28307.1,15,28307.1,227.99
ORD01469,1,PROD0008,SELL038,1,25351.31,0,25351.31,367.28
ORD01469,2,PROD0080,SELL037,2,22569.7,10,45139.4,404.27
ORD01470,1,PROD0055,SELL024,1,25204.62,20,25204.62,459.48
ORD01471,1,PROD0008,SELL016,2,24083.74,5,48167.48,384.13
ORD01472,1,PROD0088,SELL021,1,35689.74,10,35689.74,240.48
ORD01473,1,PROD0063,SELL001,1,13150.4,5,13150.4,304.27
ORD01474,1,PROD0044,SELL039,1,30541.78,0,30541.78,331.69
ORD01475,1,PROD0041,SELL031,2,31391.62,10,62783.24,228.5
ORD01475,2,PROD0036,SELL010,1,47334.06,0,47334.06,61.6
ORD01476,1,PROD0059,SELL033,1,2089.94,0,2089.94,170.64
ORD01477,1,PROD0029,SELL015,2,14840.07,20,29680.14,282.52
ORD01477,2,PROD0065,SELL027,1,41388.84,15,41388.84,436.33
ORD01477,3,PROD0062,SELL031,1,14484.02,0,14484.02,485.61
ORD01478,1,PROD0041,SELL035,2,34879.58,0,69759.16,476.91
ORD01479,1,PROD0080,SELL040,1,23823.57,5,23823.57,172.69
ORD01480,1,PROD0015,SELL030,1,6557.45,10,6557.45,131.11
ORD01480,2,PROD0049,SELL014,3,30836.78,0,92510.34,133.56
ORD01481,1,PROD0009,SELL013,1,44596.4,10,44596.4,491.55
ORD01481,2,PROD0034,SELL012,1,14431.88,0,14431.88,353.89
ORD01481,3,PROD0050,SELL024,1,29972.22,10,29972.22,143.82
ORD01482,1,PROD0012,SELL019,2,3529.11,0,7058.22,147.25
ORD01483,1,PROD0057,SELL035,1,37405.43,10,37405.43,450.04
ORD01484,1,PROD0095,SELL028,1,32680.07,15,32680.07,183.0
ORD01485,1,PROD0008,SELL027,1,25351.31,0,25351.31,320.52
ORD01486,1,PROD0090,SELL034,1,6706.12,0,6706.12,147.53
ORD01486,2,PROD0094,SELL008,1,23425.2,0,23425.2,417.39
ORD01487,1,PROD0049,SELL010,1,30836.78,0,30836.78,157.37
ORD01488,1,PROD0082,SELL023,1,44837.24,10,44837.24,289.1
ORD01489,1,PROD0095,SELL009,1,38447.14,0,38447.14,247.65
ORD01490,1,PROD0091,SELL010,3,17049.69,15,51149.07,217.73
ORD01491,1,PROD0058,SELL026,2,28510.97,10,57021.94,190.3
ORD01492,1,PROD0050,SELL022,1,31637.35,5,31637.35,408.47
ORD01493,1,PROD0031,SELL005,1,18970.54,10,18970.54,54.66
ORD01494,1,PROD0072,SELL001,3,3784.14,5,11352.42,306.89
ORD01494,2,PROD0049,SELL029,3,30836.78,0,92510.34,301.39
ORD01495,1,PROD0092,SELL037,1,20687.06,0,20687.06,364.31
ORD01496,1,PROD0095,SELL031,1,38447.14,0,38447.14,295.27
ORD01496,2,PROD0053,SELL015,1,44151.04,10,44151.04,261.91
ORD01497,1,PROD0085,SELL010,1,33475.03,0,33475.03,393.92
ORD01498,1,PROD0020,SELL016,1,25547.3,0,25547.3,452.19
ORD01499,1,PROD0071,SELL015,1,30838.86,0,30838.86,161.94
ORD01500,1,PROD0091,SELL022,1,20058.46,0,20058.46,266.38
ORD01501,1,PROD0021,SELL029,1,47570.67,0,47570.67,381.65
ORD01501,2,PROD0055,SELL008,2,28355.2,10,56710.4,229.47
ORD01502,1,PROD0077,SELL028,1,16881.9,10,16881.9,459.35
ORD01503,1,PROD0011,SELL021,1,34901.66,10,34901.66,102.96
ORD01503,2,PROD0098,SELL018,1,45017.93,5,45017.93,386.88
ORD01504,1,PROD0084,SELL004,3,38215.39,15,114646.17,440.9
ORD01505,1,PROD0031,SELL024,2,20024.46,5,40048.92,218.12
ORD01506,1,PROD0056,SELL032,2,5854.06,15,11708.12,417.61
ORD01507,1,PROD0014,SELL039,2,39326.09,10,78652.18,415.88
ORD01508,1,PROD0042,SELL014,1,19182.73,15,19182.73,346.58
ORD01508,2,PROD0093,SELL030,1,6485.01,0,6485.01,95.22
ORD01508,3,PROD0084,SELL011,1,42711.32,5,42711.32,132.25
ORD01509,1,PROD0044,SELL037,2,25960.51,15,51921.02,315.36
ORD01509,2,PROD0011,SELL005,1,36840.64,5,36840.64,62.21
ORD01510,1,PROD0067,SELL016,1,3758.96,10,3758.96,341.59
ORD01511,1,PROD0084,SELL014,1,44959.28,0,44959.28,492.48
ORD01512,1,PROD0079,SELL004,1,10767.95,15,10767.95,356.15
ORD01513,1,PROD0083,SELL030,2,5716.09,10,11432.18,318.84
ORD01513,2,PROD0033,SELL017,1,27838.4,0,27838.4,450.38
ORD01513,3,PROD0060,SELL017,2,15153.35,5,30306.7,111.29
ORD01514,1,PROD0013,SELL026,1,12228.36,15,12228.36,205.82
ORD01515,1,PROD0045,SELL039,1,14470.66,5,14470.66,466.14
ORD01515,2,PROD0063,SELL007,2,13150.4,5,26300.8,103.03
ORD01516,1,PROD0039,SELL020,1,11420.8,0,11420.8,218.21
ORD01516,2,PROD0057,SELL038,4,39483.51,5,157934.04,366.67
ORD01516,3,PROD0001,SELL017,2,24215.51,5,48431.02,307.24
ORD01517,1,PROD0067,SELL019,1,3758.96,10,3758.96,47.43
ORD01517,2,PROD0092,SELL030,1,18618.35,10,18618.35,212.5
ORD01517,3,PROD0028,SELL002,1,11891.65,0,11891.65,348.57
ORD01517,4,PROD0064,SELL003,2,35368.08,5,70736.16,46.57
ORD01518,1,PROD0088,SELL007,1,35689.74,10,35689.74,81.63
ORD01519,1,PROD0063,SELL024,2,12458.28,10,24916.56,360.52
ORD01519,2,PROD0031,SELL039,1,20024.46,5,20024.46,243.59
ORD01520,1,PROD0025,SELL004,1,25468.56,15,25468.56,175.65
ORD01521,1,PROD0099,SELL005,3,12717.61,0,38152.83,482.73
ORD01522,1,PROD0081,SELL028,2,12609.72,5,25219.44,102.08
ORD01523,1,PROD0091,SELL010,2,17049.69,15,34099.38,275.85
ORD01523,2,PROD0100,SELL028,3,6477.22,0,19431.66,410.82
ORD01523,3,PROD0009,SELL009,3,44596.4,10,133789.2,108.14
ORD01524,1,PROD0019,SELL040,2,43362.08,5,86724.16,386.36
ORD01524,2,PROD0043,SELL021,1,12982.22,0,12982.22,325.68
ORD01525,1,PROD0069,SELL022,1,14723.26,5,14723.26,241.57
ORD01525,2,PROD0086,SELL033,3,13225.97,10,39677.91,97.86
ORD01526,1,PROD0039,SELL007,1,9707.68,15,9707.68,435.12
ORD01527,1,PROD0008,SELL007,1,24083.74,5,24083.74,284.6
ORD01528,1,PROD0085,SELL007,3,33475.03,0,100425.09,248.57
ORD01528,2,PROD0086,SELL010,2,13960.74,5,27921.48,257.1
ORD01528,3,PROD0062,SELL031,2,14484.02,0,28968.04,225.54
ORD01528,4,PROD0056,SELL007,1,6887.13,0,6887.13,286.43
ORD01529,1,PROD0021,SELL020,2,42813.6,10,85627.2,150.65
ORD01529,2,PROD0050,SELL028,1,33302.47,0,33302.47,318.05
ORD01530,1,PROD0097,SELL001,1,8307.86,0,8307.86,412.74
ORD01530,2,PROD0063,SELL008,2,13150.4,5,26300.8,350.86
ORD01531,1,PROD0002,SELL030,1,3080.28,0,3080.28,186.09
ORD01532,1,PROD0095,SELL002,1,36524.78,5,36524.78,202.41
ORD01533,1,PROD0080,SELL006,1,23823.57,5,23823.57,142.48
ORD01533,2,PROD0082,SELL021,2,47328.2,5,94656.4,188.89
ORD01534,1,PROD0020,SELL016,1,24269.93,5,24269.93,202.79
ORD01534,2,PROD0070,SELL038,2,32837.51,5,65675.02,35.61
ORD01535,1,PROD0005,SELL023,1,43201.48,5,43201.48,56.78
ORD01536,1,PROD0081,SELL038,1,13273.39,0,13273.39,211.04
ORD01536,2,PROD0072,SELL017,1,3784.14,5,3784.14,389.06
ORD01537,1,PROD0076,SELL030,2,1675.05,10,3350.1,139.59
ORD01537,2,PROD0092,SELL006,1,19652.71,5,19652.71,141.08
ORD01538,1,PROD0001,SELL020,1,21666.51,15,21666.51,433.63
ORD01539,1,PROD0021,SELL004,1,42813.6,10,42813.6,304.33
ORD01539,2,PROD0062,SELL024,2,13035.62,10,26071.24,170.48
ORD01540,1,PROD0058,SELL024,1,28510.97,10,28510.97,226.61
ORD01541,1,PROD0088,SELL014,1,35689.74,10,35689.74,151.18
ORD01541,2,PROD0004,SELL025,1,27827.24,0,27827.24,225.93
ORD01541,3,PROD0098,SELL028,1,45017.93,5,45017.93,310.81
ORD01542,1,PROD0080,SELL029,2,21315.82,15,42631.64,236.35
ORD01543,1,PROD0098,SELL005,2,47387.29,0,94774.58,474.79
ORD01543,2,PROD0057,SELL016,4,41561.59,0,166246.36,290.33
ORD01544,1,PROD0031,SELL014,1,17916.62,15,17916.62,148.55
ORD01544,2,PROD0007,SELL025,1,5129.26,5,5129.26,362.93
ORD01544,3,PROD0019,SELL002,2,36515.43,20,73030.86,207.59
ORD01545,1,PROD0042,SELL009,1,22567.92,0,22567.92,267.75
ORD01545,2,PROD0100,SELL016,1,5505.64,15,5505.64,45.51
ORD01546,1,PROD0014,SELL008,3,39326.09,10,117978.27,389.39
ORD01547,1,PROD0039,SELL009,1,9707.68,15,9707.68,255.45
ORD01548,1,PROD0030,SELL038,3,38529.57,0,115588.71,147.08
ORD01549,1,PROD0085,SELL035,2,31801.28,5,63602.56,395.07
ORD01549,2,PROD0017,SELL011,3,14869.11,5,44607.33,125.4
ORD01550,1,PROD0051,SELL020,1,45297.74,5,45297.74,140.19
ORD01551,1,PROD0088,SELL006,1,39655.27,0,39655.27,350.12
ORD01552,1,PROD0018,SELL005,1,28550.05,15,28550.05,220.72
ORD01553,1,PROD0007,SELL015,2,5129.26,5,10258.52,256.2
ORD01554,1,PROD0089,SELL026,1,16384.14,10,16384.14,230.33
ORD01554,2,PROD0072,SELL006,2,3983.3,0,7966.6,489.58
ORD01554,3,PROD0028,SELL010,1,11297.07,5,11297.07,65.47
ORD01555,1,PROD0062,SELL009,1,14484.02,0,14484.02,64.6
ORD01556,1,PROD0035,SELL013,2,43024.53,5,86049.06,267.59
ORD01556,2,PROD0074,SELL038,3,39120.27,0,117360.81,483.39
ORD01557,1,PROD0003,SELL030,1,26219.67,15,26219.67,172.27
ORD01558,1,PROD0050,SELL009,1,33302.47,0,33302.47,465.07
ORD01559,1,PROD0022,SELL017,1,10368.47,10,10368.47,122.85
ORD01560,1,PROD0044,SELL026,2,25960.51,15,51921.02,134.72
ORD01561,1,PROD0038,SELL031,1,17911.85,5,17911.85,53.77
ORD01562,1,PROD0052,SELL009,1,1261.63,0,1261.63,102.28
ORD01562,2,PROD0049,SELL003,1,27753.1,10,27753.1,138.54
ORD01563,1,PROD0059,SELL012,2,1985.44,5,3970.88,458.38
ORD01564,1,PROD0035,SELL009,3,40760.08,10,122280.24,132.19
ORD01565,1,PROD0083,SELL040,1,6033.65,5,6033.65,355.96
ORD01565,2,PROD0098,SELL031,2,47387.29,0,94774.58,195.87
ORD01565,3,PROD0042,SELL039,1,22567.92,0,22567.92,232.7
ORD01566,1,PROD0003,SELL037,1,24677.34,20,24677.34,56.13
ORD01567,1,PROD0034,SELL004,2,14431.88,0,28863.76,331.41
ORD01568,1,PROD0040,SELL015,2,37640.13,5,75280.26,39.04
ORD01569,1,PROD0026,SELL016,2,30709.52,15,61419.04,76.35
ORD01570,1,PROD0055,SELL010,1,29930.49,5,29930.49,149.14
ORD01570,2,PROD0040,SELL037,1,39621.19,0,39621.19,414.9
ORD01570,3,PROD0013,SELL011,1,14386.31,0,14386.31,51.07
ORD01570,4,PROD0023,SELL005,1,42260.31,0,42260.31,416.1
ORD01571,1,PROD0076,SELL018,1,1675.05,10,1675.05,158.49
ORD01572,1,PROD0012,SELL021,1,2999.74,15,2999.74,46.73
ORD01572,2,PROD0017,SELL032,2,15651.7,0,31303.4,72.83
ORD01573,1,PROD0033,SELL005,1,23662.64,15,23662.64,81.74
ORD01574,1,PROD0023,SELL009,4,40147.29,5,160589.16,38.2
ORD01574,2,PROD0066,SELL028,1,43922.73,5,43922.73,427.33
ORD01575,1,PROD0010,SELL021,1,18353.92,0,18353.92,177.76
ORD01576,1,PROD0065,SELL003,2,46258.11,5,92516.22,81.37
ORD01577,1,PROD0069,SELL039,1,15498.17,0,15498.17,487.69
ORD01578,1,PROD0068,SELL023,3,13795.73,15,41387.19,51.5
ORD01579,1,PROD0062,SELL010,2,14484.02,0,28968.04,30.84
ORD01580,1,PROD0067,SELL015,2,3758.96,10,7517.92,43.53
ORD01581,1,PROD0037,SELL039,1,44213.93,5,44213.93,449.1
ORD01582,1,PROD0098,SELL032,2,47387.29,0,94774.58,173.03
ORD01583,1,PROD0084,SELL038,3,44959.28,0,134877.84,45.22
ORD01583,2,PROD0057,SELL023,1,33249.27,20,33249.27,231.41
ORD01583,3,PROD0027,SELL014,1,46062.68,5,46062.68,254.1
ORD01584,1,PROD0048,SELL019,1,11057.78,10,11057.78,35.93
ORD01585,1,PROD0005,SELL033,4,40927.72,10,163710.88,342.93
ORD01586,1,PROD0051,SELL014,1,42913.65,10,42913.65,392.81
ORD01587,1,PROD0029,SELL002,1,14840.07,20,14840.07,160.65
ORD01588,1,PROD0046,SELL034,1,37759.16,5,37759.16,98.28
ORD01588,2,PROD0013,SELL010,1,14386.31,0,14386.31,219.98
ORD01589,1,PROD0014,SELL006,2,41510.88,5,83021.76,376.19
ORD01589,2,PROD0024,SELL017,1,42002.53,5,42002.53,325.65
ORD01589,3,PROD0047,SELL033,2,29937.77,0,59875.54,62.64
ORD01590,1,PROD0082,SELL040,1,47328.2,5,47328.2,405.84
ORD01591,1,PROD0089,SELL017,1,15473.91,15,15473.91,119.95
ORD01591,2,PROD0072,SELL005,1,3784.14,5,3784.14,247.15
ORD01591,3,PROD0020,SELL020,1,25547.3,0,25547.3,64.63
ORD01592,1,PROD0078,SELL016,2,25261.1,5,50522.2,210.12
ORD01592,2,PROD0098,SELL002,1,40279.2,15,40279.2,400.34
ORD01593,1,PROD0077,SELL010,2,16881.9,10,33763.8,222.33
ORD01594,1,PROD0067,SELL008,3,3341.3,20,10023.9,294.31
ORD01594,2,PROD0014,SELL007,1,37141.31,15,37141.31,190.65
ORD01595,1,PROD0001,SELL037,2,22941.01,10,45882.02,409.14
ORD01596,1,PROD0098,SELL018,1,47387.29,0,47387.29,389.35
ORD01596,2,PROD0050,SELL030,1,26641.98,20,26641.98,311.83
ORD01597,1,PROD0058,SELL015,1,31678.86,0,31678.86,137.52
ORD01597,2,PROD0001,SELL040,1,25490.01,0,25490.01,326.13
ORD01597,3,PROD0078,SELL020,1,22602.04,15,22602.04,37.95
ORD01598,1,PROD0051,SELL016,1,40529.56,15,40529.56,68.17
ORD01599,1,PROD0008,SELL018,1,20281.05,20,20281.05,218.0
ORD01600,1,PROD0009,SELL030,1,44596.4,10,44596.4,220.49
ORD01601,1,PROD0029,SELL031,1,15767.58,15,15767.58,309.89
ORD01601,2,PROD0084,SELL013,2,38215.39,15,76430.78,238.75
ORD01602,1,PROD0036,SELL006,1,47334.06,0,47334.06,474.06
ORD01602,2,PROD0079,SELL023,1,12034.77,5,12034.77,240.44
ORD01602,3,PROD0004,SELL015,1,25044.52,10,25044.52,273.92
ORD01602,4,PROD0022,SELL037,2,9216.42,20,18432.84,465.04
ORD01603,1,PROD0097,SELL040,2,7892.47,5,15784.94,114.65
ORD01603,2,PROD0008,SELL026,3,25351.31,0,76053.93,211.38
ORD01603,3,PROD0040,SELL008,3,35659.07,10,106977.21,334.37
ORD01604,1,PROD0026,SELL036,2,30709.52,15,61419.04,206.77
ORD01604,2,PROD0096,SELL022,3,41611.69,0,124835.07,322.22
ORD01605,1,PROD0016,SELL031,3,31531.66,5,94594.98,470.5
ORD01606,1,PROD0018,SELL022,1,30229.46,10,30229.46,306.1
ORD01607,1,PROD0058,SELL007,3,28510.97,10,85532.91,325.34
ORD01607,2,PROD0002,SELL021,1,3080.28,0,3080.28,440.75
ORD01608,1,PROD0017,SELL039,2,14086.53,10,28173.06,184.76
ORD01609,1,PROD0008,SELL021,1,24083.74,5,24083.74,427.66
ORD01609,2,PROD0011,SELL030,1,38779.62,0,38779.62,148.62
ORD01610,1,PROD0025,SELL034,2,26966.71,10,53933.42,206.47
ORD01611,1,PROD0034,SELL034,1,12988.69,10,12988.69,473.65
ORD01612,1,PROD0068,SELL036,1,16230.27,0,16230.27,223.01
ORD01613,1,PROD0004,SELL010,1,27827.24,0,27827.24,84.69
ORD01614,1,PROD0032,SELL010,1,41497.76,5,41497.76,61.83
ORD01615,1,PROD0014,SELL012,1,39326.09,10,39326.09,246.71
ORD01616,1,PROD0033,SELL017,1,26446.48,5,26446.48,387.26
ORD01617,1,PROD0010,SELL015,1,17436.22,5,17436.22,41.42
ORD01617,2,PROD0040,SELL034,1,37640.13,5,37640.13,255.08
ORD01618,1,PROD0046,SELL037,1,39746.48,0,39746.48,365.22
ORD01619,1,PROD0019,SELL013,1,45644.29,0,45644.29,281.54
ORD01620,1,PROD0026,SELL023,3,30709.52,15,92128.56,178.45
ORD01620,2,PROD0078,SELL023,1,21272.5,20,21272.5,413.58
ORD01621,1,PROD0091,SELL034,1,16046.77,20,16046.77,214.68
ORD01622,1,PROD0027,SELL002,2,46062.68,5,92125.36,199.9
ORD01623,1,PROD0022,SELL008,1,10944.49,5,10944.49,366.57
ORD01624,1,PROD0009,SELL040,1,49551.55,0,49551.55,168.62
ORD01625,1,PROD0009,SELL011,1,44596.4,10,44596.4,196.14
ORD01626,1,PROD0017,SELL009,1,15651.7,0,15651.7,354.34
ORD01627,1,PROD0025,SELL018,2,25468.56,15,50937.12,330.68
ORD01628,1,PROD0054,SELL026,1,37504.93,5,37504.93,452.93
ORD01629,1,PROD0003,SELL025,1,29304.34,5,29304.34,302.73
ORD01630,1,PROD0075,SELL027,2,38981.14,0,77962.28,31.69
ORD01631,1,PROD0013,SELL013,1,12228.36,15,12228.36,362.92
ORD01631,2,PROD0094,SELL024,1,23425.2,0,23425.2,106.44
ORD01632,1,PROD0039,SELL016,1,11420.8,0,11420.8,56.92
ORD01633,1,PROD0012,SELL022,2,2999.74,15,5999.48,180.09
ORD01633,2,PROD0015,SELL028,2,6921.76,5,13843.52,360.94
ORD01634,1,PROD0046,SELL001,2,37759.16,5,75518.32,85.33
ORD01634,2,PROD0069,SELL035,1,13948.35,10,13948.35,429.29
ORD01634,3,PROD0065,SELL020,2,48692.75,0,97385.5,316.3
ORD01635,1,PROD0042,SELL029,1,20311.13,10,20311.13,430.72
ORD01636,1,PROD0057,SELL007,1,39483.51,5,39483.51,288.26
ORD01636,2,PROD0033,SELL023,3,26446.48,5,79339.44,458.43
ORD01636,3,PROD0042,SELL003,2,22567.92,0,45135.84,193.86
ORD01637,1,PROD0026,SELL028,2,36128.85,0,72257.7,345.66
ORD01637,2,PROD0035,SELL037,2,43024.53,5,86049.06,369.11
ORD01637,3,PROD0059,SELL001,2,1776.45,15,3552.9,161.96
ORD01638,1,PROD0017,SELL007,1,13303.94,15,13303.94,357.09
ORD01638,2,PROD0060,SELL004,3,13558.26,15,40674.78,133.55
ORD01639,1,PROD0066,SELL033,2,43922.73,5,87845.46,390.48
ORD01639,2,PROD0051,SELL016,3,45297.74,5,135893.22,357.44
ORD01640,1,PROD0079,SELL020,2,12668.18,0,25336.36,351.48
ORD01641,1,PROD0050,SELL022,1,33302.47,0,33302.47,391.24
ORD01642,1,PROD0084,SELL033,1,40463.35,10,40463.35,184.81
ORD01643,1,PROD0058,SELL015,3,30094.92,5,90284.76,225.82
ORD01643,2,PROD0065,SELL036,1,46258.11,5,46258.11,175.43
ORD01644,1,PROD0088,SELL030,1,37672.51,5,37672.51,443.68
ORD01645,1,PROD0075,SELL011,1,38981.14,0,38981.14,364.45
ORD01646,1,PROD0094,SELL015,1,18740.16,20,18740.16,94.97
ORD01646,2,PROD0024,SELL026,1,44213.19,0,44213.19,141.81
ORD01647,1,PROD0035,SELL031,1,45288.98,0,45288.98,402.34
ORD01648,1,PROD0005,SELL031,1,45475.24,0,45475.24,487.96
ORD01648,2,PROD0006,SELL017,3,27314.14,10,81942.42,294.89
ORD01648,3,PROD0053,SELL031,2,49056.71,0,98113.42,105.26
ORD01648,4,PROD0015,SELL036,1,6193.15,15,6193.15,310.62
ORD01649,1,PROD0020,SELL035,1,22992.57,10,22992.57,327.19
ORD01650,1,PROD0075,SELL009,3,38981.14,0,116943.42,186.43
ORD01650,2,PROD0043,SELL001,1,12333.11,5,12333.11,283.3
ORD01650,3,PROD0007,SELL020,3,5399.22,0,16197.66,333.7
ORD01651,1,PROD0067,SELL012,2,3550.13,15,7100.26,218.14
ORD01652,1,PROD0048,SELL022,2,11672.1,5,23344.2,245.22
ORD01653,1,PROD0027,SELL017,1,48487.03,0,48487.03,235.12
ORD01654,1,PROD0095,SELL005,2,38447.14,0,76894.28,462.34
ORD01655,1,PROD0072,SELL010,1,3584.97,10,3584.97,238.9
ORD01655,2,PROD0017,SELL018,1,14086.53,10,14086.53,178.31
ORD01656,1,PROD0085,SELL034,2,30127.53,10,60255.06,42.12
ORD01657,1,PROD0065,SELL038,1,43823.47,10,43823.47,157.25
ORD01658,1,PROD0089,SELL017,3,14563.68,20,43691.04,113.14
ORD01659,1,PROD0090,SELL018,1,6370.81,5,6370.81,245.33
ORD01659,2,PROD0078,SELL004,4,26590.63,0,106362.52,455.29
ORD01660,1,PROD0019,SELL026,2,45644.29,0,91288.58,332.63
ORD01661,1,PROD0092,SELL026,1,20687.06,0,20687.06,124.59
ORD01662,1,PROD0009,SELL010,1,47073.97,5,47073.97,451.86
ORD01663,1,PROD0011,SELL002,1,34901.66,10,34901.66,489.24
ORD01663,2,PROD0052,SELL036,2,1198.55,5,2397.1,275.48
ORD01664,1,PROD0008,SELL031,2,25351.31,0,50702.62,136.26
ORD01665,1,PROD0042,SELL005,1,19182.73,15,19182.73,298.21
ORD01666,1,PROD0045,SELL019,1,15232.27,0,15232.27,388.42
ORD01667,1,PROD0078,SELL030,2,23931.57,10,47863.14,434.24
ORD01667,2,PROD0061,SELL022,1,20231.39,15,20231.39,228.46
ORD01667,3,PROD0035,SELL039,2,36231.18,20,72462.36,381.64
ORD01668,1,PROD0084,SELL011,1,44959.28,0,44959.28,163.58
ORD01669,1,PROD0057,SELL026,2,37405.43,10,74810.86,352.76
ORD01669,2,PROD0055,SELL029,1,31505.78,0,31505.78,347.75
ORD01670,1,PROD0085,SELL003,2,31801.28,5,63602.56,319.23
ORD01671,1,PROD0037,SELL003,2,44213.93,5,88427.86,154.8
ORD01672,1,PROD0014,SELL008,1,34956.53,20,34956.53,458.19
ORD01672,2,PROD0013,SELL034,1,12947.68,10,12947.68,63.29
ORD01673,1,PROD0074,SELL027,1,35208.24,10,35208.24,54.59
ORD01674,1,PROD0020,SELL027,1,25547.3,0,25547.3,484.87
ORD01674,2,PROD0019,SELL032,2,45644.29,0,91288.58,187.42
ORD01675,1,PROD0098,SELL019,1,42648.56,10,42648.56,316.16
ORD01676,1,PROD0033,SELL031,4,23662.64,15,94650.56,67.88
ORD01677,1,PROD0055,SELL040,3,29930.49,5,89791.47,320.77
ORD01678,1,PROD0009,SELL016,1,49551.55,0,49551.55,316.88
ORD01679,1,PROD0078,SELL028,1,25261.1,5,25261.1,341.84
ORD01680,1,PROD0037,SELL039,1,41886.88,10,41886.88,344.47
ORD01680,2,PROD0038,SELL027,1,16026.39,15,16026.39,491.16
ORD01680,3,PROD0062,SELL027,1,13759.82,5,13759.82,361.47
ORD01681,1,PROD0030,SELL007,1,38529.57,0,38529.57,91.35
ORD01682,1,PROD0009,SELL011,1,47073.97,5,47073.97,440.94
ORD01682,2,PROD0069,SELL027,1,15498.17,0,15498.17,409.05
ORD01682,3,PROD0053,SELL009,1,49056.71,0,49056.71,358.31
ORD01683,1,PROD0090,SELL020,1,5700.2,15,5700.2,185.72
ORD01684,1,PROD0018,SELL005,3,28550.05,15,85650.15,275.96
ORD01685,1,PROD0065,SELL011,4,41388.84,15,165555.36,495.37
ORD01686,1,PROD0059,SELL006,2,1880.95,10,3761.9,108.77
ORD01687,1,PROD0096,SELL031,1,41611.69,0,41611.69,474.03
ORD01688,1,PROD0020,SELL033,4,24269.93,5,97079.72,293.69
ORD01688,2,PROD0001,SELL018,1,25490.01,0,25490.01,379.39
ORD01689,1,PROD0091,SELL016,1,19055.54,5,19055.54,120.65
ORD01689,2,PROD0048,SELL009,2,10443.46,15,20886.92,242.87
ORD01689,3,PROD0062,SELL003,1,14484.02,0,14484.02,189.64
ORD01690,1,PROD0058,SELL002,1,31678.86,0,31678.86,149.65
ORD01691,1,PROD0088,SELL038,2,33706.98,15,67413.96,492.04
ORD01691,2,PROD0029,SELL003,1,18550.09,0,18550.09,254.04
ORD01692,1,PROD0059,SELL034,1,1880.95,10,1880.95,440.66
ORD01692,2,PROD0030,SELL025,1,38529.57,0,38529.57,483.71
ORD01693,1,PROD0010,SELL011,1,16518.53,10,16518.53,195.56
ORD01694,1,PROD0036,SELL011,1,47334.06,0,47334.06,223.91
ORD01695,1,PROD0031,SELL033,1,17916.62,15,17916.62,206.68
ORD01695,2,PROD0093,SELL035,1,6160.76,5,6160.76,288.37
ORD01696,1,PROD0027,SELL018,2,48487.03,0,96974.06,219.74
ORD01696,2,PROD0059,SELL002,1,1880.95,10,1880.95,260.77
ORD01697,1,PROD0038,SELL023,3,18854.58,0,56563.74,191.33
ORD01698,1,PROD0091,SELL006,1,20058.46,0,20058.46,201.34
ORD01699,1,PROD0085,SELL024,1,28453.78,15,28453.78,472.93
ORD01700,1,PROD0091,SELL012,1,17049.69,15,17049.69,205.9
ORD01701,1,PROD0026,SELL002,1,32515.97,10,32515.97,96.5
ORD01702,1,PROD0090,SELL012,1,5364.9,20,5364.9,235.16
ORD01703,1,PROD0005,SELL024,2,40927.72,10,81855.44,196.18
ORD01704,1,PROD0020,SELL021,1,25547.3,0,25547.3,290.23
ORD01705,1,PROD0091,SELL031,1,20058.46,0,20058.46,390.55
ORD01705,2,PROD0047,SELL040,1,29937.77,0,29937.77,246.99
ORD01706,1,PROD0091,SELL033,1,20058.46,0,20058.46,73.37
ORD01706,2,PROD0027,SELL038,2,46062.68,5,92125.36,106.5
ORD01707,1,PROD0074,SELL007,2,33252.23,15,66504.46,46.97
ORD01708,1,PROD0081,SELL026,1,10618.71,20,10618.71,487.69
ORD01709,1,PROD0065,SELL031,1,48692.75,0,48692.75,437.4
ORD01710,1,PROD0064,SELL005,1,35368.08,5,35368.08,391.87
ORD01711,1,PROD0020,SELL015,1,24269.93,5,24269.93,380.8
ORD01712,1,PROD0041,SELL029,3,27903.66,20,83710.98,478.43
ORD01712,2,PROD0099,SELL037,1,10809.97,15,10809.97,126.71
ORD01713,1,PROD0051,SELL039,1,42913.65,10,42913.65,493.8
ORD01713,2,PROD0088,SELL016,1,37672.51,5,37672.51,43.76
ORD01714,1,PROD0026,SELL016,1,36128.85,0,36128.85,426.86
ORD01715,1,PROD0022,SELL030,1,10368.47,10,10368.47,425.14
ORD01715,2,PROD0032,SELL032,1,41497.76,5,41497.76,447.99
ORD01716,1,PROD0015,SELL014,1,7286.06,0,7286.06,300.77
ORD01717,1,PROD0063,SELL013,1,13150.4,5,13150.4,328.41
ORD01718,1,PROD0036,SELL028,2,40233.95,15,80467.9,154.9
ORD01718,2,PROD0067,SELL026,1,3758.96,10,3758.96,91.23
ORD01719,1,PROD0066,SELL007,1,41611.0,10,41611.0,148.94
ORD01720,1,PROD0040,SELL025,3,33678.01,15,101034.03,442.4
ORD01721,1,PROD0023,SELL033,3,40147.29,5,120441.87,383.94
ORD01721,2,PROD0095,SELL015,1,38447.14,0,38447.14,155.45
ORD01721,3,PROD0051,SELL002,1,40529.56,15,40529.56,348.03
ORD01722,1,PROD0012,SELL006,1,3352.65,5,3352.65,490.33
ORD01723,1,PROD0013,SELL029,2,12228.36,15,24456.72,213.57
ORD01724,1,PROD0004,SELL039,1,26435.88,5,26435.88,461.8
ORD01725,1,PROD0096,SELL031,2,41611.69,0,83223.38,354.78
ORD01726,1,PROD0079,SELL025,1,12668.18,0,12668.18,94.95
ORD01727,1,PROD0065,SELL001,3,48692.75,0,146078.25,484.42
ORD01728,1,PROD0090,SELL021,1,6706.12,0,6706.12,346.85
ORD01728,2,PROD0097,SELL027,2,7892.47,5,15784.94,416.96
ORD01729,1,PROD0012,SELL029,1,3352.65,5,3352.65,474.59
ORD01730,1,PROD0100,SELL020,1,6477.22,0,6477.22,462.87
ORD01730,2,PROD0073,SELL019,1,42886.14,10,42886.14,329.44
ORD01731,1,PROD0046,SELL026,2,37759.16,5,75518.32,290.75
ORD01732,1,PROD0067,SELL036,1,3758.96,10,3758.96,492.76
ORD01733,1,PROD0001,SELL037,1,20392.01,20,20392.01,86.05
ORD01733,2,PROD0063,SELL020,3,13842.53,0,41527.59,209.46
ORD01733,3,PROD0094,SELL006,3,18740.16,20,56220.48,432.44
ORD01734,1,PROD0094,SELL034,3,19911.42,15,59734.26,389.74
ORD01735,1,PROD0072,SELL036,2,3584.97,10,7169.94,190.1
ORD01736,1,PROD0097,SELL031,1,7892.47,5,7892.47,318.82
ORD01736,2,PROD0022,SELL026,1,11520.52,0,11520.52,284.34
ORD01736,3,PROD0052,SELL024,3,1072.39,15,3217.17,288.18
ORD01737,1,PROD0099,SELL001,1,10174.09,20,10174.09,252.02
ORD01737,2,PROD0092,SELL038,2,20687.06,0,41374.12,51.92
ORD01737,3,PROD0001,SELL016,1,22941.01,10,22941.01,278.03
ORD01738,1,PROD0005,SELL033,1,43201.48,5,43201.48,309.12
ORD01738,2,PROD0074,SELL028,1,39120.27,0,39120.27,236.92
ORD01739,1,PROD0018,SELL028,1,31908.88,5,31908.88,159.8
ORD01740,1,PROD0040,SELL022,2,35659.07,10,71318.14,58.67
ORD01741,1,PROD0022,SELL024,3,11520.52,0,34561.56,34.75
ORD01742,1,PROD0019,SELL010,1,43362.08,5,43362.08,254.96
ORD01743,1,PROD0052,SELL027,1,1261.63,0,1261.63,93.92
ORD01743,2,PROD0093,SELL028,1,5188.01,20,5188.01,90.87
ORD01744,1,PROD0023,SELL012,1,40147.29,5,40147.29,77.94
ORD01745,1,PROD0005,SELL029,1,45475.24,0,45475.24,139.61
ORD01745,2,PROD0027,SELL013,2,43638.33,10,87276.66,282.58
ORD01745,3,PROD0096,SELL033,1,41611.69,0,41611.69,217.35
ORD01746,1,PROD0091,SELL024,2,18052.61,10,36105.22,83.43
ORD01747,1,PROD0019,SELL024,1,41079.86,10,41079.86,402.03
ORD01747,2,PROD0013,SELL030,1,14386.31,0,14386.31,166.0
ORD01748,1,PROD0017,SELL034,4,15651.7,0,62606.8,407.31
ORD01749,1,PROD0077,SELL033,1,17819.79,5,17819.79,346.87
ORD01750,1,PROD0095,SELL034,1,34602.43,10,34602.43,47.31
ORD01751,1,PROD0072,SELL038,1,3584.97,10,3584.97,448.57
ORD01752,1,PROD0087,SELL029,1,37749.58,5,37749.58,493.32
ORD01753,1,PROD0056,SELL024,1,6542.77,5,6542.77,271.37
ORD01754,1,PROD0049,SELL015,2,24669.42,20,49338.84,194.93
ORD01755,1,PROD0035,SELL037,1,36231.18,20,36231.18,230.26
ORD01756,1,PROD0094,SELL002,2,23425.2,0,46850.4,433.66
ORD01757,1,PROD0081,SELL018,1,10618.71,20,10618.71,403.63
ORD01758,1,PROD0082,SELL036,1,49819.16,0,49819.16,383.08
ORD01759,1,PROD0099,SELL036,2,11445.85,10,22891.7,399.6
ORD01760,1,PROD0057,SELL035,2,41561.59,0,83123.18,241.2
ORD01761,1,PROD0066,SELL040,1,46234.45,0,46234.45,104.14
ORD01761,2,PROD0041,SELL021,1,34879.58,0,34879.58,270.41
ORD01762,1,PROD0046,SELL034,1,39746.48,0,39746.48,498.47
ORD01762,2,PROD0033,SELL012,2,25054.56,10,50109.12,212.77
ORD01763,1,PROD0001,SELL020,1,25490.01,0,25490.01,254.16
ORD01764,1,PROD0044,SELL003,4,30541.78,0,122167.12,300.04
ORD01765,1,PROD0006,SELL021,1,30349.04,0,30349.04,131.84
ORD01765,2,PROD0039,SELL009,2,10849.76,5,21699.52,366.11
ORD01765,3,PROD0016,SELL026,1,28212.54,15,28212.54,272.34
ORD01766,1,PROD0009,SELL019,2,42118.82,15,84237.64,74.5
ORD01766,2,PROD0024,SELL035,1,42002.53,5,42002.53,55.76
ORD01767,1,PROD0046,SELL022,1,39746.48,0,39746.48,412.1
ORD01768,1,PROD0069,SELL001,1,13948.35,10,13948.35,99.37
ORD01769,1,PROD0076,SELL015,1,1861.17,0,1861.17,388.33
ORD01770,1,PROD0087,SELL005,3,37749.58,5,113248.74,200.71
ORD01771,1,PROD0024,SELL009,2,39791.87,10,79583.74,460.92
ORD01771,2,PROD0054,SELL025,1,33557.04,15,33557.04,473.3
ORD01771,3,PROD0095,SELL028,1,34602.43,10,34602.43,108.97
ORD01772,1,PROD0030,SELL040,2,32750.13,15,65500.26,121.96
ORD01773,1,PROD0037,SELL022,1,44213.93,5,44213.93,353.14
ORD01774,1,PROD0071,SELL004,3,29296.92,5,87890.76,191.58
ORD01775,1,PROD0072,SELL017,1,3584.97,10,3584.97,221.32
ORD01775,2,PROD0099,SELL003,2,11445.85,10,22891.7,355.14
ORD01775,3,PROD0002,SELL032,3,3080.28,0,9240.84,408.09
ORD01776,1,PROD0095,SELL022,2,32680.07,15,65360.14,46.32
ORD01777,1,PROD0045,SELL003,1,15232.27,0,15232.27,491.92
ORD01777,2,PROD0074,SELL006,1,35208.24,10,35208.24,339.22
ORD01777,3,PROD0084,SELL019,1,42711.32,5,42711.32,433.92
ORD01778,1,PROD0050,SELL039,1,29972.22,10,29972.22,192.34
ORD01779,1,PROD0092,SELL025,2,20687.06,0,41374.12,456.12
ORD01780,1,PROD0050,SELL035,1,33302.47,0,33302.47,119.13
ORD01780,2,PROD0018,SELL039,1,33588.29,0,33588.29,472.38
ORD01781,1,PROD0063,SELL019,1,13842.53,0,13842.53,201.04
ORD01782,1,PROD0044,SELL025,2,30541.78,0,61083.56,180.88
ORD01782,2,PROD0020,SELL034,2,25547.3,0,51094.6,213.53
ORD01782,3,PROD0096,SELL005,1,41611.69,0,41611.69,479.22
ORD01783,1,PROD0025,SELL008,1,28464.86,5,28464.86,224.44
ORD01783,2,PROD0093,SELL022,1,5512.26,15,5512.26,138.07
ORD01784,1,PROD0096,SELL007,2,41611.69,0,83223.38,358.22
ORD01784,2,PROD0029,SELL005,1,18550.09,0,18550.09,454.57
ORD01784,3,PROD0093,SELL032,1,6485.01,0,6485.01,456.26
ORD01785,1,PROD0055,SELL015,1,29930.49,5,29930.49,471.95
ORD01785,2,PROD0068,SELL034,1,16230.27,0,16230.27,37.28
ORD01785,3,PROD0019,SELL003,2,43362.08,5,86724.16,100.78
ORD01786,1,PROD0043,SELL024,1,12333.11,5,12333.11,162.65
ORD01787,1,PROD0081,SELL019,2,13273.39,0,26546.78,181.31
ORD01787,2,PROD0020,SELL021,1,21715.2,15,21715.2,485.9
ORD01787,3,PROD0041,SELL036,2,33135.6,5,66271.2,185.63
ORD01787,4,PROD0040,SELL016,1,37640.13,5,37640.13,290.39
ORD01788,1,PROD0017,SELL035,1,14869.11,5,14869.11,180.85
ORD01789,1,PROD0050,SELL036,1,33302.47,0,33302.47,204.57
ORD01790,1,PROD0001,SELL008,1,24215.51,5,24215.51,160.36
ORD01791,1,PROD0079,SELL031,1,12668.18,0,12668.18,430.11
ORD01792,1,PROD0004,SELL003,2,25044.52,10,50089.04,172.2
ORD01793,1,PROD0061,SELL033,1,20231.39,15,20231.39,498.11
ORD01794,1,PROD0017,SELL032,3,14869.11,5,44607.33,51.17
ORD01795,1,PROD0058,SELL014,2,25343.09,20,50686.18,373.96
ORD01796,1,PROD0033,SELL030,1,26446.48,5,26446.48,223.23
ORD01796,2,PROD0001,SELL023,1,25490.01,0,25490.01,484.48
ORD01797,1,PROD0028,SELL033,1,9513.32,20,9513.32,107.57
ORD01798,1,PROD0100,SELL024,1,5181.78,20,5181.78,232.52
ORD01799,1,PROD0030,SELL007,1,38529.57,0,38529.57,459.65
ORD01800,1,PROD0056,SELL007,1,6887.13,0,6887.13,85.63
ORD01800,2,PROD0045,SELL025,2,14470.66,5,28941.32,350.64
ORD01801,1,PROD0075,SELL024,2,33133.97,15,66267.94,409.05
ORD01801,2,PROD0045,SELL024,1,15232.27,0,15232.27,64.43
ORD01802,1,PROD0052,SELL030,1,1198.55,5,1198.55,259.41
ORD01803,1,PROD0100,SELL036,1,6153.36,5,6153.36,285.88
ORD01804,1,PROD0047,SELL002,1,29937.77,0,29937.77,135.25
ORD01805,1,PROD0010,SELL017,4,16518.53,10,66074.12,70.9
ORD01806,1,PROD0078,SELL006,1,22602.04,15,22602.04,135.36
ORD01806,2,PROD0074,SELL002,1,35208.24,10,35208.24,298.98
ORD01807,1,PROD0056,SELL020,1,6887.13,0,6887.13,201.0
ORD01808,1,PROD0047,SELL029,1,29937.77,0,29937.77,441.93
ORD01809,1,PROD0053,SELL038,1,49056.71,0,49056.71,268.94
ORD01809,2,PROD0001,SELL035,2,22941.01,10,45882.02,227.45
ORD01810,1,PROD0062,SELL038,1,14484.02,0,14484.02,357.52
ORD01811,1,PROD0064,SELL028,2,33506.6,10,67013.2,194.81
ORD01812,1,PROD0075,SELL017,3,35083.03,10,105249.09,193.97
ORD01813,1,PROD0017,SELL002,2,15651.7,0,31303.4,262.72
ORD01813,2,PROD0033,SELL039,1,26446.48,5,26446.48,158.26
ORD01814,1,PROD0005,SELL031,1,43201.48,5,43201.48,280.09
ORD01815,1,PROD0095,SELL034,1,32680.07,15,32680.07,411.37
ORD01816,1,PROD0033,SELL003,2,23662.64,15,47325.28,221.58
ORD01816,2,PROD0004,SELL034,1,26435.88,5,26435.88,326.87
ORD01816,3,PROD0041,SELL028,1,29647.64,15,29647.64,464.53
ORD01816,4,PROD0014,SELL030,1,41510.88,5,41510.88,355.08
ORD01817,1,PROD0063,SELL013,2,13150.4,5,26300.8,253.03
ORD01818,1,PROD0062,SELL035,1,12311.42,15,12311.42,184.11
ORD01819,1,PROD0031,SELL002,1,21078.38,0,21078.38,131.03
ORD01820,1,PROD0045,SELL012,1,15232.27,0,15232.27,249.65
ORD01821,1,PROD0090,SELL008,3,6370.81,5,19112.43,142.4
ORD01821,2,PROD0070,SELL026,3,29380.93,15,88142.79,297.89
ORD01822,1,PROD0064,SELL029,1,31645.13,15,31645.13,267.36
ORD01822,2,PROD0053,SELL001,1,49056.71,0,49056.71,51.09
ORD01822,3,PROD0065,SELL026,2,46258.11,5,92516.22,446.63
ORD01823,1,PROD0026,SELL001,1,34322.41,5,34322.41,391.32
ORD01824,1,PROD0025,SELL008,2,28464.86,5,56929.72,415.01
ORD01825,1,PROD0035,SELL017,4,38495.63,15,153982.52,288.89
ORD01826,1,PROD0048,SELL028,1,11057.78,10,11057.78,190.87
ORD01827,1,PROD0052,SELL025,1,1261.63,0,1261.63,312.19
ORD01828,1,PROD0083,SELL038,1,6033.65,5,6033.65,408.39
ORD01829,1,PROD0028,SELL006,1,10107.9,15,10107.9,32.06
ORD01830,1,PROD0008,SELL020,1,25351.31,0,25351.31,355.77
ORD01831,1,PROD0057,SELL032,1,35327.35,15,35327.35,305.85
ORD01832,1,PROD0011,SELL035,1,38779.62,0,38779.62,348.89
ORD01833,1,PROD0047,SELL024,1,26943.99,10,26943.99,393.78
ORD01834,1,PROD0080,SELL020,1,23823.57,5,23823.57,212.21
ORD01834,2,PROD0043,SELL022,1,11684.0,10,11684.0,168.26
ORD01835,1,PROD0031,SELL022,1,17916.62,15,17916.62,224.1
ORD01836,1,PROD0085,SELL029,1,33475.03,0,33475.03,240.1
ORD01836,2,PROD0020,SELL029,1,21715.2,15,21715.2,157.61
ORD01837,1,PROD0032,SELL039,1,43681.85,0,43681.85,261.93
ORD01837,2,PROD0062,SELL019,2,12311.42,15,24622.84,311.93
ORD01838,1,PROD0014,SELL028,1,39326.09,10,39326.09,190.23
ORD01838,2,PROD0056,SELL027,2,6542.77,5,13085.54,102.4
ORD01839,1,PROD0020,SELL010,1,22992.57,10,22992.57,216.73
ORD01840,1,PROD0007,SELL004,1,4319.38,20,4319.38,188.1
ORD01841,1,PROD0028,SELL031,2,10107.9,15,20215.8,224.87
ORD01841,2,PROD0027,SELL033,1,41213.98,15,41213.98,318.0
ORD01841,3,PROD0048,SELL001,1,10443.46,15,10443.46,302.85
ORD01842,1,PROD0099,SELL011,1,11445.85,10,11445.85,244.69
ORD01843,1,PROD0067,SELL023,1,4176.62,0,4176.62,71.36
ORD01843,2,PROD0065,SELL024,1,43823.47,10,43823.47,122.54
ORD01843,3,PROD0070,SELL006,1,32837.51,5,32837.51,126.17
ORD01844,1,PROD0001,SELL016,1,22941.01,10,22941.01,273.82
ORD01845,1,PROD0067,SELL027,2,3967.79,5,7935.58,146.78
ORD01845,2,PROD0013,SELL018,2,12228.36,15,24456.72,377.4
ORD01845,3,PROD0097,SELL035,1,7892.47,5,7892.47,73.57
ORD01846,1,PROD0004,SELL017,1,26435.88,5,26435.88,390.25
ORD01847,1,PROD0089,SELL036,1,15473.91,15,15473.91,172.11
ORD01848,1,PROD0091,SELL022,1,17049.69,15,17049.69,185.23
ORD01849,1,PROD0073,SELL018,2,45268.71,5,90537.42,213.52
ORD01849,2,PROD0049,SELL034,1,26211.26,15,26211.26,340.81
ORD01850,1,PROD0035,SELL025,1,45288.98,0,45288.98,454.56
ORD01851,1,PROD0039,SELL034,3,10849.76,5,32549.28,144.97
ORD01852,1,PROD0085,SELL024,2,31801.28,5,63602.56,211.13
ORD01852,2,PROD0052,SELL001,1,1198.55,5,1198.55,61.54
ORD01853,1,PROD0054,SELL015,1,39478.87,0,39478.87,223.21
ORD01854,1,PROD0057,SELL017,1,41561.59,0,41561.59,203.27
ORD01855,1,PROD0081,SELL007,1,13273.39,0,13273.39,430.54
ORD01856,1,PROD0091,SELL014,1,19055.54,5,19055.54,307.79
ORD01857,1,PROD0065,SELL032,1,46258.11,5,46258.11,89.65
ORD01857,2,PROD0079,SELL006,1,12668.18,0,12668.18,453.08
ORD01857,3,PROD0010,SELL019,1,16518.53,10,16518.53,200.07
ORD01857,4,PROD0095,SELL039,1,32680.07,15,32680.07,252.35
ORD01858,1,PROD0001,SELL031,1,21666.51,15,21666.51,368.19
ORD01859,1,PROD0059,SELL029,1,1776.45,15,1776.45,50.55
ORD01859,2,PROD0015,SELL016,1,7286.06,0,7286.06,162.54
ORD01859,3,PROD0037,SELL006,1,44213.93,5,44213.93,195.15
ORD01860,1,PROD0043,SELL022,1,12333.11,5,12333.11,95.26
ORD01861,1,PROD0096,SELL036,1,39531.11,5,39531.11,31.29
ORD01861,2,PROD0088,SELL030,3,35689.74,10,107069.22,486.59
ORD01861,3,PROD0056,SELL006,2,6887.13,0,13774.26,210.04
ORD01862,1,PROD0048,SELL018,1,11057.78,10,11057.78,359.41
ORD01863,1,PROD0014,SELL034,1,43695.66,0,43695.66,113.02
ORD01864,1,PROD0084,SELL021,2,42711.32,5,85422.64,45.41
ORD01864,2,PROD0009,SELL021,1,44596.4,10,44596.4,119.47
ORD01865,1,PROD0060,SELL004,1,13558.26,15,13558.26,452.86
ORD01866,1,PROD0060,SELL001,2,14355.8,10,28711.6,237.19
ORD01867,1,PROD0061,SELL006,1,20231.39,15,20231.39,283.37
ORD01868,1,PROD0100,SELL002,2,6477.22,0,12954.44,56.89
ORD01868,2,PROD0073,SELL023,2,40503.58,15,81007.16,307.14
ORD01868,3,PROD0031,SELL025,1,20024.46,5,20024.46,146.25
ORD01869,1,PROD0006,SELL023,2,25796.68,15,51593.36,169.13
ORD01869,2,PROD0050,SELL023,2,26641.98,20,53283.96,187.0
ORD01870,1,PROD0074,SELL017,1,33252.23,15,33252.23,250.42
ORD01871,1,PROD0081,SELL025,2,11282.38,15,22564.76,60.48
ORD01872,1,PROD0074,SELL001,2,39120.27,0,78240.54,249.66
ORD01873,1,PROD0060,SELL032,2,15950.89,0,31901.78,345.38
ORD01873,2,PROD0063,SELL030,1,13150.4,5,13150.4,90.84
ORD01874,1,PROD0047,SELL037,2,23950.22,20,47900.44,414.19
ORD01874,2,PROD0050,SELL010,1,28307.1,15,28307.1,453.74
ORD01874,3,PROD0090,SELL008,3,6370.81,5,19112.43,142.87
ORD01875,1,PROD0064,SELL023,1,35368.08,5,35368.08,154.87
ORD01876,1,PROD0066,SELL029,3,46234.45,0,138703.35,242.03
ORD01877,1,PROD0076,SELL031,2,1861.17,0,3722.34,97.96
ORD01878,1,PROD0012,SELL037,1,3352.65,5,3352.65,118.9
ORD01879,1,PROD0066,SELL031,1,46234.45,0,46234.45,426.26
ORD01880,1,PROD0076,SELL038,1,1675.05,10,1675.05,87.44
ORD01881,1,PROD0002,SELL016,1,3080.28,0,3080.28,368.97
ORD01882,1,PROD0011,SELL020,1,32962.68,15,32962.68,344.58
ORD01882,2,PROD0059,SELL014,1,2089.94,0,2089.94,194.38
ORD01883,1,PROD0080,SELL018,1,22569.7,10,22569.7,118.4
ORD01884,1,PROD0074,SELL007,1,37164.26,5,37164.26,418.59
ORD01885,1,PROD0035,SELL018,2,45288.98,0,90577.96,366.92
ORD01886,1,PROD0001,SELL007,2,22941.01,10,45882.02,267.32
ORD01887,1,PROD0068,SELL020,2,13795.73,15,27591.46,66.46
ORD01888,1,PROD0037,SELL011,1,46540.98,0,46540.98,472.18
ORD01888,2,PROD0088,SELL021,1,31724.22,20,31724.22,31.53
ORD01889,1,PROD0063,SELL006,2,13842.53,0,27685.06,168.7
ORD01890,1,PROD0032,SELL034,2,43681.85,0,87363.7,237.5
ORD01890,2,PROD0074,SELL023,1,39120.27,0,39120.27,92.73
ORD01891,1,PROD0052,SELL005,1,1261.63,0,1261.63,315.47
ORD01892,1,PROD0002,SELL034,1,2618.24,15,2618.24,406.06
ORD01892,2,PROD0018,SELL005,1,31908.88,5,31908.88,386.74
ORD01893,1,PROD0039,SELL012,1,9707.68,15,9707.68,435.51
ORD01893,2,PROD0076,SELL007,2,1861.17,0,3722.34,303.96
ORD01894,1,PROD0074,SELL038,1,39120.27,0,39120.27,431.72
ORD01895,1,PROD0083,SELL020,1,5080.97,20,5080.97,271.34
ORD01895,2,PROD0039,SELL034,1,10849.76,5,10849.76,169.73
ORD01895,3,PROD0090,SELL005,2,6706.12,0,13412.24,117.71
ORD01896,1,PROD0016,SELL021,1,33191.22,0,33191.22,83.43
ORD01897,1,PROD0069,SELL011,2,15498.17,0,30996.34,116.02
ORD01898,1,PROD0100,SELL011,1,6477.22,0,6477.22,146.04
ORD01899,1,PROD0050,SELL002,1,33302.47,0,33302.47,461.8
ORD01900,1,PROD0039,SELL032,1,11420.8,0,11420.8,48.67
ORD01900,2,PROD0007,SELL022,1,5399.22,0,5399.22,353.43
ORD01900,3,PROD0070,SELL002,1,34565.8,0,34565.8,46.82
ORD01901,1,PROD0019,SELL019,2,38797.65,15,77595.3,94.66
ORD01902,1,PROD0056,SELL015,1,6887.13,0,6887.13,117.08
ORD01902,2,PROD0097,SELL036,2,7061.68,15,14123.36,109.55
ORD01902,3,PROD0093,SELL033,1,5512.26,15,5512.26,334.61
ORD01902,4,PROD0091,SELL011,2,19055.54,5,38111.08,335.93
ORD01903,1,PROD0030,SELL034,1,36603.09,5,36603.09,140.57
ORD01903,2,PROD0011,SELL006,2,34901.66,10,69803.32,308.79
ORD01904,1,PROD0064,SELL031,1,33506.6,10,33506.6,289.24
ORD01905,1,PROD0099,SELL005,1,10809.97,15,10809.97,411.58
ORD01906,1,PROD0043,SELL022,1,11034.89,15,11034.89,417.5
ORD01907,1,PROD0096,SELL007,1,39531.11,5,39531.11,175.05
ORD01908,1,PROD0033,SELL032,1,23662.64,15,23662.64,455.64
ORD01908,2,PROD0009,SELL010,1,49551.55,0,49551.55,437.1
ORD01909,1,PROD0057,SELL005,2,35327.35,15,70654.7,413.52
ORD01910,1,PROD0021,SELL029,2,40435.07,15,80870.14,228.86
ORD01911,1,PROD0003,SELL035,1,30846.67,0,30846.67,143.15
ORD01912,1,PROD0013,SELL016,2,14386.31,0,28772.62,477.36
ORD01912,2,PROD0066,SELL006,2,39299.28,15,78598.56,90.62
ORD01912,3,PROD0003,SELL033,1,30846.67,0,30846.67,148.83
ORD01913,1,PROD0025,SELL005,1,26966.71,10,26966.71,254.78
ORD01913,2,PROD0024,SELL001,1,44213.19,0,44213.19,39.68
ORD01914,1,PROD0003,SELL026,1,30846.67,0,30846.67,167.38
ORD01914,2,PROD0038,SELL013,1,18854.58,0,18854.58,186.96
ORD01915,1,PROD0089,SELL030,1,18204.6,0,18204.6,207.55
ORD01916,1,PROD0061,SELL029,3,20231.39,15,60694.17,132.34
ORD01917,1,PROD0021,SELL003,1,45192.14,5,45192.14,48.25
ORD01918,1,PROD0015,SELL035,1,6557.45,10,6557.45,264.36
ORD01919,1,PROD0043,SELL040,1,12333.11,5,12333.11,390.6
ORD01920,1,PROD0058,SELL006,2,31678.86,0,63357.72,44.62
ORD01921,1,PROD0059,SELL036,2,2089.94,0,4179.88,352.79
ORD01922,1,PROD0067,SELL038,2,3967.79,5,7935.58,358.32
ORD01923,1,PROD0005,SELL003,1,45475.24,0,45475.24,343.06
ORD01924,1,PROD0086,SELL032,1,14695.52,0,14695.52,473.49
ORD01925,1,PROD0020,SELL019,1,21715.2,15,21715.2,263.86
ORD01925,2,PROD0056,SELL017,1,6542.77,5,6542.77,68.62
ORD01925,3,PROD0017,SELL002,3,14869.11,5,44607.33,249.11
ORD01926,1,PROD0049,SELL028,2,29294.94,5,58589.88,318.38
ORD01927,1,PROD0013,SELL030,1,13666.99,5,13666.99,378.12
ORD01928,1,PROD0088,SELL006,1,35689.74,10,35689.74,165.55
ORD01928,2,PROD0025,SELL009,1,25468.56,15,25468.56,463.49
ORD01928,3,PROD0008,SELL025,2,25351.31,0,50702.62,399.96
ORD01929,1,PROD0020,SELL023,2,21715.2,15,43430.4,250.43
ORD01930,1,PROD0016,SELL005,2,33191.22,0,66382.44,329.38
ORD01931,1,PROD0084,SELL014,1,44959.28,0,44959.28,439.44
ORD01931,2,PROD0075,SELL012,1,35083.03,10,35083.03,154.45
ORD01932,1,PROD0053,SELL007,3,49056.71,0,147170.13,389.29
ORD01933,1,PROD0098,SELL021,1,47387.29,0,47387.29,279.08
ORD01934,1,PROD0025,SELL009,1,28464.86,5,28464.86,308.79
ORD01935,1,PROD0064,SELL033,1,33506.6,10,33506.6,449.11
ORD01936,1,PROD0064,SELL031,1,33506.6,10,33506.6,158.53
ORD01936,2,PROD0063,SELL025,1,13150.4,5,13150.4,45.94
ORD01937,1,PROD0039,SELL035,1,9136.64,20,9136.64,345.65
ORD01938,1,PROD0075,SELL007,1,38981.14,0,38981.14,427.83
ORD01939,1,PROD0079,SELL010,2,11401.36,10,22802.72,250.31
ORD01939,2,PROD0029,SELL029,1,17622.59,5,17622.59,93.96
ORD01940,1,PROD0017,SELL024,1,13303.94,15,13303.94,382.27
ORD01941,1,PROD0020,SELL037,1,22992.57,10,22992.57,144.11
ORD01941,2,PROD0059,SELL006,2,1985.44,5,3970.88,457.85
ORD01941,3,PROD0072,SELL037,1,3983.3,0,3983.3,465.43
ORD01942,1,PROD0037,SELL010,1,46540.98,0,46540.98,137.43
ORD01943,1,PROD0017,SELL031,1,14869.11,5,14869.11,461.52
ORD01944,1,PROD0065,SELL006,3,38954.2,20,116862.6,194.6
ORD01945,1,PROD0022,SELL034,3,9792.44,15,29377.32,237.91
ORD01946,1,PROD0082,SELL013,2,49819.16,0,99638.32,237.02
ORD01946,2,PROD0059,SELL014,1,1880.95,10,1880.95,301.88
ORD01947,1,PROD0033,SELL013,2,25054.56,10,50109.12,478.27
ORD01948,1,PROD0004,SELL023,1,26435.88,5,26435.88,292.93
ORD01949,1,PROD0030,SELL009,1,30823.66,20,30823.66,447.87
ORD01949,2,PROD0014,SELL018,3,39326.09,10,117978.27,273.08
ORD01950,1,PROD0090,SELL002,1,6370.81,5,6370.81,366.61
ORD01951,1,PROD0075,SELL018,1,38981.14,0,38981.14,498.1
ORD01952,1,PROD0067,SELL030,3,4176.62,0,12529.86,199.57
ORD01952,2,PROD0093,SELL040,1,6485.01,0,6485.01,36.47
ORD01953,1,PROD0094,SELL015,3,23425.2,0,70275.6,271.22
ORD01953,2,PROD0036,SELL035,1,42600.65,10,42600.65,272.37
ORD01953,3,PROD0016,SELL032,1,29872.1,10,29872.1,188.9
ORD01954,1,PROD0051,SELL019,2,47681.83,0,95363.66,113.65
ORD01954,2,PROD0053,SELL028,3,49056.71,0,147170.13,458.3
ORD01954,3,PROD0080,SELL019,2,25077.44,0,50154.88,174.98
ORD01955,1,PROD0034,SELL013,3,12988.69,10,38966.07,124.56
ORD01955,2,PROD0085,SELL037,3,33475.03,0,100425.09,398.53
ORD01956,1,PROD0073,SELL024,1,45268.71,5,45268.71,321.68
ORD01956,2,PROD0066,SELL006,1,41611.0,10,41611.0,470.5
ORD01957,1,PROD0028,SELL031,1,9513.32,20,9513.32,161.01
ORD01957,2,PROD0059,SELL014,2,2089.94,0,4179.88,378.05
ORD01958,1,PROD0081,SELL038,1,13273.39,0,13273.39,406.85
ORD01959,1,PROD0029,SELL011,1,18550.09,0,18550.09,190.88
ORD01959,2,PROD0086,SELL032,1,13960.74,5,13960.74,448.78
ORD01960,1,PROD0074,SELL023,2,39120.27,0,78240.54,140.04
ORD01961,1,PROD0063,SELL014,1,12458.28,10,12458.28,357.96
ORD01961,2,PROD0069,SELL014,1,13173.44,15,13173.44,156.27
ORD01962,1,PROD0069,SELL040,2,13948.35,10,27896.7,433.78
ORD01962,2,PROD0035,SELL029,2,45288.98,0,90577.96,264.22
ORD01963,1,PROD0094,SELL006,2,21082.68,10,42165.36,496.16
ORD01963,2,PROD0076,SELL019,1,1768.11,5,1768.11,68.75
ORD01964,1,PROD0046,SELL031,2,35771.83,10,71543.66,421.25
ORD01965,1,PROD0009,SELL018,1,47073.97,5,47073.97,444.72
ORD01966,1,PROD0082,SELL011,1,44837.24,10,44837.24,300.83
ORD01967,1,PROD0028,SELL001,1,11891.65,0,11891.65,270.38
ORD01967,2,PROD0018,SELL023,1,28550.05,15,28550.05,257.0
ORD01968,1,PROD0041,SELL027,1,29647.64,15,29647.64,301.06
ORD01969,1,PROD0097,SELL031,2,7892.47,5,15784.94,434.82
ORD01969,2,PROD0052,SELL031,3,1261.63,0,3784.89,195.81
ORD01969,3,PROD0048,SELL001,1,11057.78,10,11057.78,190.75
ORD01970,1,PROD0068,SELL009,1,15418.76,5,15418.76,498.15
ORD01971,1,PROD0078,SELL011,1,25261.1,5,25261.1,398.31
ORD01972,1,PROD0026,SELL016,1,30709.52,15,30709.52,150.76
ORD01972,2,PROD0075,SELL004,1,37032.08,5,37032.08,119.26
ORD01972,3,PROD0005,SELL037,2,45475.24,0,90950.48,415.77
ORD01973,1,PROD0064,SELL021,1,33506.6,10,33506.6,197.08
ORD01974,1,PROD0041,SELL005,3,27903.66,20,83710.98,443.46
ORD01975,1,PROD0032,SELL014,2,41497.76,5,82995.52,408.64
ORD01976,1,PROD0088,SELL025,3,35689.74,10,107069.22,312.0
ORD01977,1,PROD0091,SELL011,1,19055.54,5,19055.54,446.1
ORD01978,1,PROD0007,SELL001,1,4319.38,20,4319.38,413.87
ORD01978,2,PROD0012,SELL032,2,3176.2,10,6352.4,57.32
ORD01979,1,PROD0100,SELL024,1,6153.36,5,6153.36,327.94
ORD01980,1,PROD0005,SELL007,1,43201.48,5,43201.48,132.02
ORD01981,1,PROD0087,SELL035,1,39736.4,0,39736.4,140.46
ORD01982,1,PROD0039,SELL013,2,11420.8,0,22841.6,259.29
ORD01983,1,PROD0078,SELL002,1,26590.63,0,26590.63,172.07
ORD01983,2,PROD0060,SELL013,1,13558.26,15,13558.26,35.65
ORD01984,1,PROD0033,SELL029,1,26446.48,5,26446.48,238.59
ORD01985,1,PROD0044,SELL016,1,27487.6,10,27487.6,301.24
ORD01986,1,PROD0029,SELL016,1,17622.59,5,17622.59,252.1
ORD01987,1,PROD0073,SELL009,1,42886.14,10,42886.14,50.4
ORD01987,2,PROD0009,SELL029,3,44596.4,10,133789.2,81.53
ORD01988,1,PROD0095,SELL006,1,34602.43,10,34602.43,492.02
ORD01989,1,PROD0033,SELL026,1,27838.4,0,27838.4,155.51
ORD01989,2,PROD0025,SELL017,1,29963.01,0,29963.01,395.72
ORD01990,1,PROD0057,SELL026,2,41561.59,0,83123.18,103.89
ORD01991,1,PROD0025,SELL024,1,29963.01,0,29963.01,306.36
ORD01991,2,PROD0070,SELL004,2,34565.8,0,69131.6,488.47
ORD01991,3,PROD0097,SELL022,1,7061.68,15,7061.68,333.33
ORD01992,1,PROD0084,SELL019,1,42711.32,5,42711.32,131.8
ORD01992,2,PROD0004,SELL012,2,23653.15,15,47306.3,196.24
ORD01992,3,PROD0031,SELL027,2,20024.46,5,40048.92,470.99
ORD01993,1,PROD0066,SELL007,2,39299.28,15,78598.56,264.86
ORD01993,2,PROD0047,SELL037,2,28440.88,5,56881.76,414.0
ORD01994,1,PROD0096,SELL021,1,39531.11,5,39531.11,215.73
ORD01995,1,PROD0046,SELL031,3,35771.83,10,107315.49,424.41
ORD01996,1,PROD0024,SELL040,2,44213.19,0,88426.38,66.41
ORD01997,1,PROD0086,SELL013,1,14695.52,0,14695.52,329.84
ORD01998,1,PROD0086,SELL038,2,14695.52,0,29391.04,55.58
ORD01999,1,PROD0020,SELL020,1,24269.93,5,24269.93,214.3
ORD02000,1,PROD0046,SELL002,1,39746.48,0,39746.48,114.96
ORD02000,2,PROD0094,SELL028,1,22253.94,5,22253.94,116.65
